backbone,model,lead_time_hours,variable,band,LSD
aurora,mag_0_layer_all,0.0,geopotential@500hPa,planetary,5.560410705559222e-08
aurora,mag_0_layer_all,24.0,geopotential@500hPa,planetary,0.00847401925732625
aurora,mag_0_layer_all,48.0,geopotential@500hPa,planetary,0.012168421945548171
aurora,mag_0_layer_all,72.0,geopotential@500hPa,planetary,0.013432855602754607
aurora,mag_0_layer_all,96.0,geopotential@500hPa,planetary,0.03297259214026759
aurora,mag_0_layer_all,120.0,geopotential@500hPa,planetary,0.04550085660964042
aurora,mag_0_layer_all,144.0,geopotential@500hPa,planetary,0.040340728827933416
aurora,mag_0_layer_all,168.0,geopotential@500hPa,planetary,0.058885399338300094
aurora,mag_0_layer_all,192.0,geopotential@500hPa,planetary,0.06359226074646684
aurora,mag_0_layer_all,216.0,geopotential@500hPa,planetary,0.10252341478859557
aurora,mag_0_layer_all,240.0,geopotential@500hPa,planetary,0.1679244254341101
aurora,mag_0_layer_all,0.0,geopotential@500hPa,synoptic,2.6045523290397176e-06
aurora,mag_0_layer_all,24.0,geopotential@500hPa,synoptic,0.045466582054321386
aurora,mag_0_layer_all,48.0,geopotential@500hPa,synoptic,0.06599397824593707
aurora,mag_0_layer_all,72.0,geopotential@500hPa,synoptic,0.07081665344097196
aurora,mag_0_layer_all,96.0,geopotential@500hPa,synoptic,0.0719439067189004
aurora,mag_0_layer_all,120.0,geopotential@500hPa,synoptic,0.10397196592331309
aurora,mag_0_layer_all,144.0,geopotential@500hPa,synoptic,0.08586679037212208
aurora,mag_0_layer_all,168.0,geopotential@500hPa,synoptic,0.09615422756971703
aurora,mag_0_layer_all,192.0,geopotential@500hPa,synoptic,0.08564928626168221
aurora,mag_0_layer_all,216.0,geopotential@500hPa,synoptic,0.07838237538348958
aurora,mag_0_layer_all,240.0,geopotential@500hPa,synoptic,0.12611835200419869
aurora,mag_0_layer_all,0.0,geopotential@500hPa,upper_mesoscale,4.00541697400986e-05
aurora,mag_0_layer_all,24.0,geopotential@500hPa,upper_mesoscale,0.2540025813646761
aurora,mag_0_layer_all,48.0,geopotential@500hPa,upper_mesoscale,0.24113980735680265
aurora,mag_0_layer_all,72.0,geopotential@500hPa,upper_mesoscale,0.27811279961762764
aurora,mag_0_layer_all,96.0,geopotential@500hPa,upper_mesoscale,0.3299746251510436
aurora,mag_0_layer_all,120.0,geopotential@500hPa,upper_mesoscale,0.3885293263165104
aurora,mag_0_layer_all,144.0,geopotential@500hPa,upper_mesoscale,0.29415883545282395
aurora,mag_0_layer_all,168.0,geopotential@500hPa,upper_mesoscale,0.2758156507542367
aurora,mag_0_layer_all,192.0,geopotential@500hPa,upper_mesoscale,0.2188423765466568
aurora,mag_0_layer_all,216.0,geopotential@500hPa,upper_mesoscale,0.3270996259193825
aurora,mag_0_layer_all,240.0,geopotential@500hPa,upper_mesoscale,0.3842883285998428
aurora,mag_0_layer_all,0.0,geopotential@500hPa,lower_mesoscale,0.031051164984359735
aurora,mag_0_layer_all,24.0,geopotential@500hPa,lower_mesoscale,1.2229856182183425
aurora,mag_0_layer_all,48.0,geopotential@500hPa,lower_mesoscale,1.2272287295196742
aurora,mag_0_layer_all,72.0,geopotential@500hPa,lower_mesoscale,1.2301599691825233
aurora,mag_0_layer_all,96.0,geopotential@500hPa,lower_mesoscale,1.2359924038449885
aurora,mag_0_layer_all,120.0,geopotential@500hPa,lower_mesoscale,1.2366985490481879
aurora,mag_0_layer_all,144.0,geopotential@500hPa,lower_mesoscale,1.2176725262538188
aurora,mag_0_layer_all,168.0,geopotential@500hPa,lower_mesoscale,1.2223837770038912
aurora,mag_0_layer_all,192.0,geopotential@500hPa,lower_mesoscale,1.225365265823818
aurora,mag_0_layer_all,216.0,geopotential@500hPa,lower_mesoscale,1.2272451086936995
aurora,mag_0_layer_all,240.0,geopotential@500hPa,lower_mesoscale,1.2250834483464155
aurora,mag_0.001_layer_all,0.0,geopotential@500hPa,planetary,5.560410705559222e-08
aurora,mag_0.001_layer_all,24.0,geopotential@500hPa,planetary,0.008230498356429267
aurora,mag_0.001_layer_all,48.0,geopotential@500hPa,planetary,0.011882126711648289
aurora,mag_0.001_layer_all,72.0,geopotential@500hPa,planetary,0.013183438546977726
aurora,mag_0.001_layer_all,96.0,geopotential@500hPa,planetary,0.03274640456208409
aurora,mag_0.001_layer_all,120.0,geopotential@500hPa,planetary,0.04493944011741784
aurora,mag_0.001_layer_all,144.0,geopotential@500hPa,planetary,0.040838326527436616
aurora,mag_0.001_layer_all,168.0,geopotential@500hPa,planetary,0.05945960546476555
aurora,mag_0.001_layer_all,192.0,geopotential@500hPa,planetary,0.06256014021289631
aurora,mag_0.001_layer_all,216.0,geopotential@500hPa,planetary,0.10491651960630277
aurora,mag_0.001_layer_all,240.0,geopotential@500hPa,planetary,0.1588998230158691
aurora,mag_0.001_layer_all,0.0,geopotential@500hPa,synoptic,2.6045523290397176e-06
aurora,mag_0.001_layer_all,24.0,geopotential@500hPa,synoptic,0.04525185091140467
aurora,mag_0.001_layer_all,48.0,geopotential@500hPa,synoptic,0.06587657233927133
aurora,mag_0.001_layer_all,72.0,geopotential@500hPa,synoptic,0.07065927024791752
aurora,mag_0.001_layer_all,96.0,geopotential@500hPa,synoptic,0.07163597610538117
aurora,mag_0.001_layer_all,120.0,geopotential@500hPa,synoptic,0.10388669142122872
aurora,mag_0.001_layer_all,144.0,geopotential@500hPa,synoptic,0.08545745666582678
aurora,mag_0.001_layer_all,168.0,geopotential@500hPa,synoptic,0.09471475409264835
aurora,mag_0.001_layer_all,192.0,geopotential@500hPa,synoptic,0.0843574158252922
aurora,mag_0.001_layer_all,216.0,geopotential@500hPa,synoptic,0.07578867297468005
aurora,mag_0.001_layer_all,240.0,geopotential@500hPa,synoptic,0.11031400826886037
aurora,mag_0.001_layer_all,0.0,geopotential@500hPa,upper_mesoscale,4.0054169740063476e-05
aurora,mag_0.001_layer_all,24.0,geopotential@500hPa,upper_mesoscale,0.25403980673157306
aurora,mag_0.001_layer_all,48.0,geopotential@500hPa,upper_mesoscale,0.24154889280723604
aurora,mag_0.001_layer_all,72.0,geopotential@500hPa,upper_mesoscale,0.2777430798864156
aurora,mag_0.001_layer_all,96.0,geopotential@500hPa,upper_mesoscale,0.33154742396672465
aurora,mag_0.001_layer_all,120.0,geopotential@500hPa,upper_mesoscale,0.3894664001877895
aurora,mag_0.001_layer_all,144.0,geopotential@500hPa,upper_mesoscale,0.2956658464534348
aurora,mag_0.001_layer_all,168.0,geopotential@500hPa,upper_mesoscale,0.2756995059116457
aurora,mag_0.001_layer_all,192.0,geopotential@500hPa,upper_mesoscale,0.2144812645161342
aurora,mag_0.001_layer_all,216.0,geopotential@500hPa,upper_mesoscale,0.31663995332361006
aurora,mag_0.001_layer_all,240.0,geopotential@500hPa,upper_mesoscale,0.3722124562901181
aurora,mag_0.001_layer_all,0.0,geopotential@500hPa,lower_mesoscale,0.03105116498435974
aurora,mag_0.001_layer_all,24.0,geopotential@500hPa,lower_mesoscale,1.2235310825988948
aurora,mag_0.001_layer_all,48.0,geopotential@500hPa,lower_mesoscale,1.2277533196994064
aurora,mag_0.001_layer_all,72.0,geopotential@500hPa,lower_mesoscale,1.2308819782136213
aurora,mag_0.001_layer_all,96.0,geopotential@500hPa,lower_mesoscale,1.2367150421949675
aurora,mag_0.001_layer_all,120.0,geopotential@500hPa,lower_mesoscale,1.237267015940168
aurora,mag_0.001_layer_all,144.0,geopotential@500hPa,lower_mesoscale,1.2185942545050559
aurora,mag_0.001_layer_all,168.0,geopotential@500hPa,lower_mesoscale,1.2229671995498146
aurora,mag_0.001_layer_all,192.0,geopotential@500hPa,lower_mesoscale,1.2265085936050264
aurora,mag_0.001_layer_all,216.0,geopotential@500hPa,lower_mesoscale,1.2279072598955614
aurora,mag_0.001_layer_all,240.0,geopotential@500hPa,lower_mesoscale,1.2252456472726134
aurora,mag_0.003_layer_all,0.0,geopotential@500hPa,planetary,5.560410705559222e-08
aurora,mag_0.003_layer_all,24.0,geopotential@500hPa,planetary,0.007908232023808415
aurora,mag_0.003_layer_all,48.0,geopotential@500hPa,planetary,0.011643812689385925
aurora,mag_0.003_layer_all,72.0,geopotential@500hPa,planetary,0.013034060588589533
aurora,mag_0.003_layer_all,96.0,geopotential@500hPa,planetary,0.03240023287545539
aurora,mag_0.003_layer_all,120.0,geopotential@500hPa,planetary,0.04431926691181739
aurora,mag_0.003_layer_all,144.0,geopotential@500hPa,planetary,0.04084238669836999
aurora,mag_0.003_layer_all,168.0,geopotential@500hPa,planetary,0.059695988266099315
aurora,mag_0.003_layer_all,192.0,geopotential@500hPa,planetary,0.06139420813746325
aurora,mag_0.003_layer_all,216.0,geopotential@500hPa,planetary,0.10773434887555511
aurora,mag_0.003_layer_all,240.0,geopotential@500hPa,planetary,0.134817997950561
aurora,mag_0.003_layer_all,0.0,geopotential@500hPa,synoptic,2.6045523290397176e-06
aurora,mag_0.003_layer_all,24.0,geopotential@500hPa,synoptic,0.044810574100714706
aurora,mag_0.003_layer_all,48.0,geopotential@500hPa,synoptic,0.06549454538702618
aurora,mag_0.003_layer_all,72.0,geopotential@500hPa,synoptic,0.07018004549874488
aurora,mag_0.003_layer_all,96.0,geopotential@500hPa,synoptic,0.07221891391984153
aurora,mag_0.003_layer_all,120.0,geopotential@500hPa,synoptic,0.10318625906377395
aurora,mag_0.003_layer_all,144.0,geopotential@500hPa,synoptic,0.08168862495960552
aurora,mag_0.003_layer_all,168.0,geopotential@500hPa,synoptic,0.08620640508215309
aurora,mag_0.003_layer_all,192.0,geopotential@500hPa,synoptic,0.07348390112062035
aurora,mag_0.003_layer_all,216.0,geopotential@500hPa,synoptic,0.07436507617317585
aurora,mag_0.003_layer_all,240.0,geopotential@500hPa,synoptic,0.1056889857674854
aurora,mag_0.003_layer_all,0.0,geopotential@500hPa,upper_mesoscale,4.0054169740063476e-05
aurora,mag_0.003_layer_all,24.0,geopotential@500hPa,upper_mesoscale,0.25346166129080666
aurora,mag_0.003_layer_all,48.0,geopotential@500hPa,upper_mesoscale,0.24265126915549995
aurora,mag_0.003_layer_all,72.0,geopotential@500hPa,upper_mesoscale,0.2788651094440956
aurora,mag_0.003_layer_all,96.0,geopotential@500hPa,upper_mesoscale,0.3306487678656903
aurora,mag_0.003_layer_all,120.0,geopotential@500hPa,upper_mesoscale,0.3846812356500137
aurora,mag_0.003_layer_all,144.0,geopotential@500hPa,upper_mesoscale,0.29699889682583075
aurora,mag_0.003_layer_all,168.0,geopotential@500hPa,upper_mesoscale,0.27914865206613915
aurora,mag_0.003_layer_all,192.0,geopotential@500hPa,upper_mesoscale,0.22784540267208084
aurora,mag_0.003_layer_all,216.0,geopotential@500hPa,upper_mesoscale,0.29934417305395744
aurora,mag_0.003_layer_all,240.0,geopotential@500hPa,upper_mesoscale,0.36148461085554223
aurora,mag_0.003_layer_all,0.0,geopotential@500hPa,lower_mesoscale,0.03105116498435974
aurora,mag_0.003_layer_all,24.0,geopotential@500hPa,lower_mesoscale,1.2296354276531323
aurora,mag_0.003_layer_all,48.0,geopotential@500hPa,lower_mesoscale,1.2339683550208627
aurora,mag_0.003_layer_all,72.0,geopotential@500hPa,lower_mesoscale,1.2374325609681613
aurora,mag_0.003_layer_all,96.0,geopotential@500hPa,lower_mesoscale,1.24265281205058
aurora,mag_0.003_layer_all,120.0,geopotential@500hPa,lower_mesoscale,1.2426484403755635
aurora,mag_0.003_layer_all,144.0,geopotential@500hPa,lower_mesoscale,1.224806718040982
aurora,mag_0.003_layer_all,168.0,geopotential@500hPa,lower_mesoscale,1.229041477857582
aurora,mag_0.003_layer_all,192.0,geopotential@500hPa,lower_mesoscale,1.2338255515023926
aurora,mag_0.003_layer_all,216.0,geopotential@500hPa,lower_mesoscale,1.2342862026367125
aurora,mag_0.003_layer_all,240.0,geopotential@500hPa,lower_mesoscale,1.2315306700737962
aurora,mag_0.01_layer_all,0.0,geopotential@500hPa,planetary,5.560410705559222e-08
aurora,mag_0.01_layer_all,24.0,geopotential@500hPa,planetary,0.007074431672783735
aurora,mag_0.01_layer_all,48.0,geopotential@500hPa,planetary,0.011735879196805216
aurora,mag_0.01_layer_all,72.0,geopotential@500hPa,planetary,0.013782506630816562
aurora,mag_0.01_layer_all,96.0,geopotential@500hPa,planetary,0.030230177059536588
aurora,mag_0.01_layer_all,120.0,geopotential@500hPa,planetary,0.040809032645121514
aurora,mag_0.01_layer_all,144.0,geopotential@500hPa,planetary,0.035657081822483734
aurora,mag_0.01_layer_all,168.0,geopotential@500hPa,planetary,0.05572110369101179
aurora,mag_0.01_layer_all,192.0,geopotential@500hPa,planetary,0.06089876893308512
aurora,mag_0.01_layer_all,216.0,geopotential@500hPa,planetary,0.09070724791937906
aurora,mag_0.01_layer_all,240.0,geopotential@500hPa,planetary,0.09565415407641402
aurora,mag_0.01_layer_all,0.0,geopotential@500hPa,synoptic,2.6045523290397176e-06
aurora,mag_0.01_layer_all,24.0,geopotential@500hPa,synoptic,0.04387921346138629
aurora,mag_0.01_layer_all,48.0,geopotential@500hPa,synoptic,0.06506281914095578
aurora,mag_0.01_layer_all,72.0,geopotential@500hPa,synoptic,0.06957542034312404
aurora,mag_0.01_layer_all,96.0,geopotential@500hPa,synoptic,0.07943366696718475
aurora,mag_0.01_layer_all,120.0,geopotential@500hPa,synoptic,0.09474485885394507
aurora,mag_0.01_layer_all,144.0,geopotential@500hPa,synoptic,0.07454649773990125
aurora,mag_0.01_layer_all,168.0,geopotential@500hPa,synoptic,0.07818695014856199
aurora,mag_0.01_layer_all,192.0,geopotential@500hPa,synoptic,0.06366664694034056
aurora,mag_0.01_layer_all,216.0,geopotential@500hPa,synoptic,0.08028662506749468
aurora,mag_0.01_layer_all,240.0,geopotential@500hPa,synoptic,0.10348599709352356
aurora,mag_0.01_layer_all,0.0,geopotential@500hPa,upper_mesoscale,4.0054169740063476e-05
aurora,mag_0.01_layer_all,24.0,geopotential@500hPa,upper_mesoscale,0.2500384746092872
aurora,mag_0.01_layer_all,48.0,geopotential@500hPa,upper_mesoscale,0.2510258376065432
aurora,mag_0.01_layer_all,72.0,geopotential@500hPa,upper_mesoscale,0.2812928629981424
aurora,mag_0.01_layer_all,96.0,geopotential@500hPa,upper_mesoscale,0.33314571888631606
aurora,mag_0.01_layer_all,120.0,geopotential@500hPa,upper_mesoscale,0.3607517742000262
aurora,mag_0.01_layer_all,144.0,geopotential@500hPa,upper_mesoscale,0.2982118351608168
aurora,mag_0.01_layer_all,168.0,geopotential@500hPa,upper_mesoscale,0.28142156380136657
aurora,mag_0.01_layer_all,192.0,geopotential@500hPa,upper_mesoscale,0.2512453528213654
aurora,mag_0.01_layer_all,216.0,geopotential@500hPa,upper_mesoscale,0.2928045176119521
aurora,mag_0.01_layer_all,240.0,geopotential@500hPa,upper_mesoscale,0.3539078293892459
aurora,mag_0.01_layer_all,0.0,geopotential@500hPa,lower_mesoscale,0.03105116498435974
aurora,mag_0.01_layer_all,24.0,geopotential@500hPa,lower_mesoscale,1.2823909594385847
aurora,mag_0.01_layer_all,48.0,geopotential@500hPa,lower_mesoscale,1.2867217707356715
aurora,mag_0.01_layer_all,72.0,geopotential@500hPa,lower_mesoscale,1.288913399874611
aurora,mag_0.01_layer_all,96.0,geopotential@500hPa,lower_mesoscale,1.2925581656650234
aurora,mag_0.01_layer_all,120.0,geopotential@500hPa,lower_mesoscale,1.2909572285609296
aurora,mag_0.01_layer_all,144.0,geopotential@500hPa,lower_mesoscale,1.2746467749250947
aurora,mag_0.01_layer_all,168.0,geopotential@500hPa,lower_mesoscale,1.2752451289506754
aurora,mag_0.01_layer_all,192.0,geopotential@500hPa,lower_mesoscale,1.2834455246409087
aurora,mag_0.01_layer_all,216.0,geopotential@500hPa,lower_mesoscale,1.2855168022895045
aurora,mag_0.01_layer_all,240.0,geopotential@500hPa,lower_mesoscale,1.2808728462221055
aurora,mag_0.03_layer_all,0.0,geopotential@500hPa,planetary,5.560410705559222e-08
aurora,mag_0.03_layer_all,24.0,geopotential@500hPa,planetary,0.0071658305199269615
aurora,mag_0.03_layer_all,48.0,geopotential@500hPa,planetary,0.01873392891176062
aurora,mag_0.03_layer_all,72.0,geopotential@500hPa,planetary,0.02678087951147877
aurora,mag_0.03_layer_all,96.0,geopotential@500hPa,planetary,0.034344910008881596
aurora,mag_0.03_layer_all,120.0,geopotential@500hPa,planetary,0.0478862215705093
aurora,mag_0.03_layer_all,144.0,geopotential@500hPa,planetary,0.041189341888253767
aurora,mag_0.03_layer_all,168.0,geopotential@500hPa,planetary,0.05776889685374365
aurora,mag_0.03_layer_all,192.0,geopotential@500hPa,planetary,0.09328957035353544
aurora,mag_0.03_layer_all,216.0,geopotential@500hPa,planetary,0.13635515198738393
aurora,mag_0.03_layer_all,240.0,geopotential@500hPa,planetary,0.10447332010730889
aurora,mag_0.03_layer_all,0.0,geopotential@500hPa,synoptic,2.6045523290397176e-06
aurora,mag_0.03_layer_all,24.0,geopotential@500hPa,synoptic,0.046232059589823696
aurora,mag_0.03_layer_all,48.0,geopotential@500hPa,synoptic,0.06950201135393463
aurora,mag_0.03_layer_all,72.0,geopotential@500hPa,synoptic,0.08447361874532931
aurora,mag_0.03_layer_all,96.0,geopotential@500hPa,synoptic,0.11038445430296476
aurora,mag_0.03_layer_all,120.0,geopotential@500hPa,synoptic,0.10629478518640356
aurora,mag_0.03_layer_all,144.0,geopotential@500hPa,synoptic,0.11646271843905952
aurora,mag_0.03_layer_all,168.0,geopotential@500hPa,synoptic,0.10486705416480656
aurora,mag_0.03_layer_all,192.0,geopotential@500hPa,synoptic,0.1087281986783169
aurora,mag_0.03_layer_all,216.0,geopotential@500hPa,synoptic,0.15594569102242922
aurora,mag_0.03_layer_all,240.0,geopotential@500hPa,synoptic,0.16017774474610944
aurora,mag_0.03_layer_all,0.0,geopotential@500hPa,upper_mesoscale,4.0054169740063476e-05
aurora,mag_0.03_layer_all,24.0,geopotential@500hPa,upper_mesoscale,0.2228749324693173
aurora,mag_0.03_layer_all,48.0,geopotential@500hPa,upper_mesoscale,0.24607767965064686
aurora,mag_0.03_layer_all,72.0,geopotential@500hPa,upper_mesoscale,0.2560473452750931
aurora,mag_0.03_layer_all,96.0,geopotential@500hPa,upper_mesoscale,0.27826372838958224
aurora,mag_0.03_layer_all,120.0,geopotential@500hPa,upper_mesoscale,0.29857135608301716
aurora,mag_0.03_layer_all,144.0,geopotential@500hPa,upper_mesoscale,0.29035641363764403
aurora,mag_0.03_layer_all,168.0,geopotential@500hPa,upper_mesoscale,0.2795049086274945
aurora,mag_0.03_layer_all,192.0,geopotential@500hPa,upper_mesoscale,0.30838478148736703
aurora,mag_0.03_layer_all,216.0,geopotential@500hPa,upper_mesoscale,0.30822220513230586
aurora,mag_0.03_layer_all,240.0,geopotential@500hPa,upper_mesoscale,0.33051274525623386
aurora,mag_0.03_layer_all,0.0,geopotential@500hPa,lower_mesoscale,0.03105116498435974
aurora,mag_0.03_layer_all,24.0,geopotential@500hPa,lower_mesoscale,1.4654606086249058
aurora,mag_0.03_layer_all,48.0,geopotential@500hPa,lower_mesoscale,1.4689125743996598
aurora,mag_0.03_layer_all,72.0,geopotential@500hPa,lower_mesoscale,1.4663867225685976
aurora,mag_0.03_layer_all,96.0,geopotential@500hPa,lower_mesoscale,1.4644528403144537
aurora,mag_0.03_layer_all,120.0,geopotential@500hPa,lower_mesoscale,1.456751346416791
aurora,mag_0.03_layer_all,144.0,geopotential@500hPa,lower_mesoscale,1.4427598719875927
aurora,mag_0.03_layer_all,168.0,geopotential@500hPa,lower_mesoscale,1.4323053983531029
aurora,mag_0.03_layer_all,192.0,geopotential@500hPa,lower_mesoscale,1.436610031990407
aurora,mag_0.03_layer_all,216.0,geopotential@500hPa,lower_mesoscale,1.439366866900727
aurora,mag_0.03_layer_all,240.0,geopotential@500hPa,lower_mesoscale,1.4356139911439656
aurora,mag_0.1_layer_all,0.0,geopotential@500hPa,planetary,5.560410705559222e-08
aurora,mag_0.1_layer_all,24.0,geopotential@500hPa,planetary,0.029541658088385374
aurora,mag_0.1_layer_all,48.0,geopotential@500hPa,planetary,0.09058874673949277
aurora,mag_0.1_layer_all,72.0,geopotential@500hPa,planetary,0.13809876243524813
aurora,mag_0.1_layer_all,96.0,geopotential@500hPa,planetary,0.14272296538766446
aurora,mag_0.1_layer_all,120.0,geopotential@500hPa,planetary,0.1517105826431683
aurora,mag_0.1_layer_all,144.0,geopotential@500hPa,planetary,0.14230126817585687
aurora,mag_0.1_layer_all,168.0,geopotential@500hPa,planetary,0.2027086810867863
aurora,mag_0.1_layer_all,192.0,geopotential@500hPa,planetary,0.26987854851714477
aurora,mag_0.1_layer_all,216.0,geopotential@500hPa,planetary,0.3236905387395947
aurora,mag_0.1_layer_all,240.0,geopotential@500hPa,planetary,0.28908515426173204
aurora,mag_0.1_layer_all,0.0,geopotential@500hPa,synoptic,2.6045523290397176e-06
aurora,mag_0.1_layer_all,24.0,geopotential@500hPa,synoptic,0.045731855233395804
aurora,mag_0.1_layer_all,48.0,geopotential@500hPa,synoptic,0.0927226675233768
aurora,mag_0.1_layer_all,72.0,geopotential@500hPa,synoptic,0.11891129108630782
aurora,mag_0.1_layer_all,96.0,geopotential@500hPa,synoptic,0.15156788649325414
aurora,mag_0.1_layer_all,120.0,geopotential@500hPa,synoptic,0.11413931166010034
aurora,mag_0.1_layer_all,144.0,geopotential@500hPa,synoptic,0.14047891966360077
aurora,mag_0.1_layer_all,168.0,geopotential@500hPa,synoptic,0.15324865261432993
aurora,mag_0.1_layer_all,192.0,geopotential@500hPa,synoptic,0.15351570038696877
aurora,mag_0.1_layer_all,216.0,geopotential@500hPa,synoptic,0.20162874919976795
aurora,mag_0.1_layer_all,240.0,geopotential@500hPa,synoptic,0.19403337024493847
aurora,mag_0.1_layer_all,0.0,geopotential@500hPa,upper_mesoscale,4.0054169740063476e-05
aurora,mag_0.1_layer_all,24.0,geopotential@500hPa,upper_mesoscale,0.5943232071795637
aurora,mag_0.1_layer_all,48.0,geopotential@500hPa,upper_mesoscale,0.6602344862253081
aurora,mag_0.1_layer_all,72.0,geopotential@500hPa,upper_mesoscale,0.7130696981885238
aurora,mag_0.1_layer_all,96.0,geopotential@500hPa,upper_mesoscale,0.7621194359656835
aurora,mag_0.1_layer_all,120.0,geopotential@500hPa,upper_mesoscale,0.8156185735316508
aurora,mag_0.1_layer_all,144.0,geopotential@500hPa,upper_mesoscale,0.8264594345153384
aurora,mag_0.1_layer_all,168.0,geopotential@500hPa,upper_mesoscale,0.8596230156009367
aurora,mag_0.1_layer_all,192.0,geopotential@500hPa,upper_mesoscale,0.9289017832433151
aurora,mag_0.1_layer_all,216.0,geopotential@500hPa,upper_mesoscale,0.9782883717043804
aurora,mag_0.1_layer_all,240.0,geopotential@500hPa,upper_mesoscale,1.0087188074750193
aurora,mag_0.1_layer_all,0.0,geopotential@500hPa,lower_mesoscale,0.03105116498435974
aurora,mag_0.1_layer_all,24.0,geopotential@500hPa,lower_mesoscale,2.2168806178365617
aurora,mag_0.1_layer_all,48.0,geopotential@500hPa,lower_mesoscale,2.2488926570256393
aurora,mag_0.1_layer_all,72.0,geopotential@500hPa,lower_mesoscale,2.2625784969390637
aurora,mag_0.1_layer_all,96.0,geopotential@500hPa,lower_mesoscale,2.2904841323602807
aurora,mag_0.1_layer_all,120.0,geopotential@500hPa,lower_mesoscale,2.3030844440085607
aurora,mag_0.1_layer_all,144.0,geopotential@500hPa,lower_mesoscale,2.310175809966489
aurora,mag_0.1_layer_all,168.0,geopotential@500hPa,lower_mesoscale,2.3139629107003046
aurora,mag_0.1_layer_all,192.0,geopotential@500hPa,lower_mesoscale,2.3406229452719307
aurora,mag_0.1_layer_all,216.0,geopotential@500hPa,lower_mesoscale,2.3860816262006033
aurora,mag_0.1_layer_all,240.0,geopotential@500hPa,lower_mesoscale,2.4045909728616968
graphcast_operational,mag_0_layer_all,0.0,geopotential@500hPa,planetary,5.560410705559222e-08
graphcast_operational,mag_0_layer_all,24.0,geopotential@500hPa,planetary,0.0037287823918918475
graphcast_operational,mag_0_layer_all,48.0,geopotential@500hPa,planetary,0.0105371394521234
graphcast_operational,mag_0_layer_all,72.0,geopotential@500hPa,planetary,0.013412801097233966
graphcast_operational,mag_0_layer_all,96.0,geopotential@500hPa,planetary,0.032804466699733685
graphcast_operational,mag_0_layer_all,120.0,geopotential@500hPa,planetary,0.0579188570370965
graphcast_operational,mag_0_layer_all,144.0,geopotential@500hPa,planetary,0.06507179507963533
graphcast_operational,mag_0_layer_all,168.0,geopotential@500hPa,planetary,0.06930134749971688
graphcast_operational,mag_0_layer_all,192.0,geopotential@500hPa,planetary,0.09149799885349659
graphcast_operational,mag_0_layer_all,216.0,geopotential@500hPa,planetary,0.10982886146725335
graphcast_operational,mag_0_layer_all,240.0,geopotential@500hPa,planetary,0.1587398530459605
graphcast_operational,mag_0_layer_all,0.0,geopotential@500hPa,synoptic,2.6045523290397176e-06
graphcast_operational,mag_0_layer_all,24.0,geopotential@500hPa,synoptic,0.06696937517811677
graphcast_operational,mag_0_layer_all,48.0,geopotential@500hPa,synoptic,0.12567954425510117
graphcast_operational,mag_0_layer_all,72.0,geopotential@500hPa,synoptic,0.16229818876696273
graphcast_operational,mag_0_layer_all,96.0,geopotential@500hPa,synoptic,0.20637984656081723
graphcast_operational,mag_0_layer_all,120.0,geopotential@500hPa,synoptic,0.21085848602824697
graphcast_operational,mag_0_layer_all,144.0,geopotential@500hPa,synoptic,0.22978425111352782
graphcast_operational,mag_0_layer_all,168.0,geopotential@500hPa,synoptic,0.20988964145628308
graphcast_operational,mag_0_layer_all,192.0,geopotential@500hPa,synoptic,0.19479686834095486
graphcast_operational,mag_0_layer_all,216.0,geopotential@500hPa,synoptic,0.2655623821246666
graphcast_operational,mag_0_layer_all,240.0,geopotential@500hPa,synoptic,0.25886676757217264
graphcast_operational,mag_0_layer_all,0.0,geopotential@500hPa,upper_mesoscale,4.00541697400986e-05
graphcast_operational,mag_0_layer_all,24.0,geopotential@500hPa,upper_mesoscale,0.13340775732597937
graphcast_operational,mag_0_layer_all,48.0,geopotential@500hPa,upper_mesoscale,0.17305326460998102
graphcast_operational,mag_0_layer_all,72.0,geopotential@500hPa,upper_mesoscale,0.20984234769978977
graphcast_operational,mag_0_layer_all,96.0,geopotential@500hPa,upper_mesoscale,0.2408314480699456
graphcast_operational,mag_0_layer_all,120.0,geopotential@500hPa,upper_mesoscale,0.2324290426760379
graphcast_operational,mag_0_layer_all,144.0,geopotential@500hPa,upper_mesoscale,0.249594285516634
graphcast_operational,mag_0_layer_all,168.0,geopotential@500hPa,upper_mesoscale,0.24232236894774756
graphcast_operational,mag_0_layer_all,192.0,geopotential@500hPa,upper_mesoscale,0.2346526314837109
graphcast_operational,mag_0_layer_all,216.0,geopotential@500hPa,upper_mesoscale,0.2685161228596882
graphcast_operational,mag_0_layer_all,240.0,geopotential@500hPa,upper_mesoscale,0.30251040710833155
graphcast_operational,mag_0_layer_all,0.0,geopotential@500hPa,lower_mesoscale,0.031051164984359735
graphcast_operational,mag_0_layer_all,24.0,geopotential@500hPa,lower_mesoscale,1.4033252116041726
graphcast_operational,mag_0_layer_all,48.0,geopotential@500hPa,lower_mesoscale,1.4551904428457747
graphcast_operational,mag_0_layer_all,72.0,geopotential@500hPa,lower_mesoscale,1.4714259214032908
graphcast_operational,mag_0_layer_all,96.0,geopotential@500hPa,lower_mesoscale,1.5010613386206337
graphcast_operational,mag_0_layer_all,120.0,geopotential@500hPa,lower_mesoscale,1.5111045442235185
graphcast_operational,mag_0_layer_all,144.0,geopotential@500hPa,lower_mesoscale,1.517126633698474
graphcast_operational,mag_0_layer_all,168.0,geopotential@500hPa,lower_mesoscale,1.5047292766798546
graphcast_operational,mag_0_layer_all,192.0,geopotential@500hPa,lower_mesoscale,1.5212479546374769
graphcast_operational,mag_0_layer_all,216.0,geopotential@500hPa,lower_mesoscale,1.5468600741571146
graphcast_operational,mag_0_layer_all,240.0,geopotential@500hPa,lower_mesoscale,1.5573886522776343
graphcast_operational,mag_0.001_layer_all,0.0,geopotential@500hPa,planetary,5.560410705559222e-08
graphcast_operational,mag_0.001_layer_all,24.0,geopotential@500hPa,planetary,0.0028497345775150584
graphcast_operational,mag_0.001_layer_all,48.0,geopotential@500hPa,planetary,0.007268010962076158
graphcast_operational,mag_0.001_layer_all,72.0,geopotential@500hPa,planetary,0.009695698375098148
graphcast_operational,mag_0.001_layer_all,96.0,geopotential@500hPa,planetary,0.028086094731631712
graphcast_operational,mag_0.001_layer_all,120.0,geopotential@500hPa,planetary,0.05141223229807674
graphcast_operational,mag_0.001_layer_all,144.0,geopotential@500hPa,planetary,0.06307518560934806
graphcast_operational,mag_0.001_layer_all,168.0,geopotential@500hPa,planetary,0.06545503030745545
graphcast_operational,mag_0.001_layer_all,192.0,geopotential@500hPa,planetary,0.07921367229978002
graphcast_operational,mag_0.001_layer_all,216.0,geopotential@500hPa,planetary,0.10032403179549415
graphcast_operational,mag_0.001_layer_all,240.0,geopotential@500hPa,planetary,0.12552316331017924
graphcast_operational,mag_0.001_layer_all,0.0,geopotential@500hPa,synoptic,2.6045523290397176e-06
graphcast_operational,mag_0.001_layer_all,24.0,geopotential@500hPa,synoptic,0.06553039332077262
graphcast_operational,mag_0.001_layer_all,48.0,geopotential@500hPa,synoptic,0.12191882826346848
graphcast_operational,mag_0.001_layer_all,72.0,geopotential@500hPa,synoptic,0.15655356841217857
graphcast_operational,mag_0.001_layer_all,96.0,geopotential@500hPa,synoptic,0.19739842325622065
graphcast_operational,mag_0.001_layer_all,120.0,geopotential@500hPa,synoptic,0.20354447507859696
graphcast_operational,mag_0.001_layer_all,144.0,geopotential@500hPa,synoptic,0.20819585749204392
graphcast_operational,mag_0.001_layer_all,168.0,geopotential@500hPa,synoptic,0.196101465668792
graphcast_operational,mag_0.001_layer_all,192.0,geopotential@500hPa,synoptic,0.16359670465562734
graphcast_operational,mag_0.001_layer_all,216.0,geopotential@500hPa,synoptic,0.23154052444620635
graphcast_operational,mag_0.001_layer_all,240.0,geopotential@500hPa,synoptic,0.22234189964173953
graphcast_operational,mag_0.001_layer_all,0.0,geopotential@500hPa,upper_mesoscale,4.0054169740063476e-05
graphcast_operational,mag_0.001_layer_all,24.0,geopotential@500hPa,upper_mesoscale,0.13338106466561417
graphcast_operational,mag_0.001_layer_all,48.0,geopotential@500hPa,upper_mesoscale,0.174218417407793
graphcast_operational,mag_0.001_layer_all,72.0,geopotential@500hPa,upper_mesoscale,0.20883130149004187
graphcast_operational,mag_0.001_layer_all,96.0,geopotential@500hPa,upper_mesoscale,0.23793795961640887
graphcast_operational,mag_0.001_layer_all,120.0,geopotential@500hPa,upper_mesoscale,0.2323123403125899
graphcast_operational,mag_0.001_layer_all,144.0,geopotential@500hPa,upper_mesoscale,0.25032070821693314
graphcast_operational,mag_0.001_layer_all,168.0,geopotential@500hPa,upper_mesoscale,0.24184970261799865
graphcast_operational,mag_0.001_layer_all,192.0,geopotential@500hPa,upper_mesoscale,0.2360730488589786
graphcast_operational,mag_0.001_layer_all,216.0,geopotential@500hPa,upper_mesoscale,0.27169411864867327
graphcast_operational,mag_0.001_layer_all,240.0,geopotential@500hPa,upper_mesoscale,0.30475735815869176
graphcast_operational,mag_0.001_layer_all,0.0,geopotential@500hPa,lower_mesoscale,0.03105116498435974
graphcast_operational,mag_0.001_layer_all,24.0,geopotential@500hPa,lower_mesoscale,1.4045189750073652
graphcast_operational,mag_0.001_layer_all,48.0,geopotential@500hPa,lower_mesoscale,1.4574528434595775
graphcast_operational,mag_0.001_layer_all,72.0,geopotential@500hPa,lower_mesoscale,1.4753052691417328
graphcast_operational,mag_0.001_layer_all,96.0,geopotential@500hPa,lower_mesoscale,1.505958073765967
graphcast_operational,mag_0.001_layer_all,120.0,geopotential@500hPa,lower_mesoscale,1.5166694785286252
graphcast_operational,mag_0.001_layer_all,144.0,geopotential@500hPa,lower_mesoscale,1.523906663490214
graphcast_operational,mag_0.001_layer_all,168.0,geopotential@500hPa,lower_mesoscale,1.5116579957518719
graphcast_operational,mag_0.001_layer_all,192.0,geopotential@500hPa,lower_mesoscale,1.531353816746421
graphcast_operational,mag_0.001_layer_all,216.0,geopotential@500hPa,lower_mesoscale,1.5589208525362097
graphcast_operational,mag_0.001_layer_all,240.0,geopotential@500hPa,lower_mesoscale,1.5717150642934332
graphcast_operational,mag_0.003_layer_all,0.0,geopotential@500hPa,planetary,5.560410705559222e-08
graphcast_operational,mag_0.003_layer_all,24.0,geopotential@500hPa,planetary,0.0030936872184231896
graphcast_operational,mag_0.003_layer_all,48.0,geopotential@500hPa,planetary,0.006420012635802714
graphcast_operational,mag_0.003_layer_all,72.0,geopotential@500hPa,planetary,0.009332526719032033
graphcast_operational,mag_0.003_layer_all,96.0,geopotential@500hPa,planetary,0.025365749039013258
graphcast_operational,mag_0.003_layer_all,120.0,geopotential@500hPa,planetary,0.05310209110775836
graphcast_operational,mag_0.003_layer_all,144.0,geopotential@500hPa,planetary,0.06440963850425577
graphcast_operational,mag_0.003_layer_all,168.0,geopotential@500hPa,planetary,0.06726893018793793
graphcast_operational,mag_0.003_layer_all,192.0,geopotential@500hPa,planetary,0.07817297825397898
graphcast_operational,mag_0.003_layer_all,216.0,geopotential@500hPa,planetary,0.0870749902763929
graphcast_operational,mag_0.003_layer_all,240.0,geopotential@500hPa,planetary,0.11021957957152163
graphcast_operational,mag_0.003_layer_all,0.0,geopotential@500hPa,synoptic,2.6045523290397176e-06
graphcast_operational,mag_0.003_layer_all,24.0,geopotential@500hPa,synoptic,0.06329096172820171
graphcast_operational,mag_0.003_layer_all,48.0,geopotential@500hPa,synoptic,0.11611513853669994
graphcast_operational,mag_0.003_layer_all,72.0,geopotential@500hPa,synoptic,0.14887157648546218
graphcast_operational,mag_0.003_layer_all,96.0,geopotential@500hPa,synoptic,0.1901715126563693
graphcast_operational,mag_0.003_layer_all,120.0,geopotential@500hPa,synoptic,0.19573984231704591
graphcast_operational,mag_0.003_layer_all,144.0,geopotential@500hPa,synoptic,0.19601830447139595
graphcast_operational,mag_0.003_layer_all,168.0,geopotential@500hPa,synoptic,0.18127631771244287
graphcast_operational,mag_0.003_layer_all,192.0,geopotential@500hPa,synoptic,0.15267749359710958
graphcast_operational,mag_0.003_layer_all,216.0,geopotential@500hPa,synoptic,0.2111890473095711
graphcast_operational,mag_0.003_layer_all,240.0,geopotential@500hPa,synoptic,0.18852716082543364
graphcast_operational,mag_0.003_layer_all,0.0,geopotential@500hPa,upper_mesoscale,4.0054169740063476e-05
graphcast_operational,mag_0.003_layer_all,24.0,geopotential@500hPa,upper_mesoscale,0.13286607677606807
graphcast_operational,mag_0.003_layer_all,48.0,geopotential@500hPa,upper_mesoscale,0.1723440752471794
graphcast_operational,mag_0.003_layer_all,72.0,geopotential@500hPa,upper_mesoscale,0.20603045374269266
graphcast_operational,mag_0.003_layer_all,96.0,geopotential@500hPa,upper_mesoscale,0.2358416717779364
graphcast_operational,mag_0.003_layer_all,120.0,geopotential@500hPa,upper_mesoscale,0.230604809593213
graphcast_operational,mag_0.003_layer_all,144.0,geopotential@500hPa,upper_mesoscale,0.24736018052149122
graphcast_operational,mag_0.003_layer_all,168.0,geopotential@500hPa,upper_mesoscale,0.23535882158832597
graphcast_operational,mag_0.003_layer_all,192.0,geopotential@500hPa,upper_mesoscale,0.23828139600651768
graphcast_operational,mag_0.003_layer_all,216.0,geopotential@500hPa,upper_mesoscale,0.2732626682772417
graphcast_operational,mag_0.003_layer_all,240.0,geopotential@500hPa,upper_mesoscale,0.3079178279808892
graphcast_operational,mag_0.003_layer_all,0.0,geopotential@500hPa,lower_mesoscale,0.03105116498435974
graphcast_operational,mag_0.003_layer_all,24.0,geopotential@500hPa,lower_mesoscale,1.4057831051838572
graphcast_operational,mag_0.003_layer_all,48.0,geopotential@500hPa,lower_mesoscale,1.460067582478538
graphcast_operational,mag_0.003_layer_all,72.0,geopotential@500hPa,lower_mesoscale,1.478831153324442
graphcast_operational,mag_0.003_layer_all,96.0,geopotential@500hPa,lower_mesoscale,1.510669109292475
graphcast_operational,mag_0.003_layer_all,120.0,geopotential@500hPa,lower_mesoscale,1.5222432440584237
graphcast_operational,mag_0.003_layer_all,144.0,geopotential@500hPa,lower_mesoscale,1.5303888340106202
graphcast_operational,mag_0.003_layer_all,168.0,geopotential@500hPa,lower_mesoscale,1.5190908412089694
graphcast_operational,mag_0.003_layer_all,192.0,geopotential@500hPa,lower_mesoscale,1.537564132963847
graphcast_operational,mag_0.003_layer_all,216.0,geopotential@500hPa,lower_mesoscale,1.566420747596189
graphcast_operational,mag_0.003_layer_all,240.0,geopotential@500hPa,lower_mesoscale,1.5802707858855192
graphcast_operational,mag_0.01_layer_all,0.0,geopotential@500hPa,planetary,5.560410705559222e-08
graphcast_operational,mag_0.01_layer_all,24.0,geopotential@500hPa,planetary,0.005928368537701018
graphcast_operational,mag_0.01_layer_all,48.0,geopotential@500hPa,planetary,0.008870020408158895
graphcast_operational,mag_0.01_layer_all,72.0,geopotential@500hPa,planetary,0.013676363179968395
graphcast_operational,mag_0.01_layer_all,96.0,geopotential@500hPa,planetary,0.02280471239580444
graphcast_operational,mag_0.01_layer_all,120.0,geopotential@500hPa,planetary,0.0573352629693168
graphcast_operational,mag_0.01_layer_all,144.0,geopotential@500hPa,planetary,0.06291026165031201
graphcast_operational,mag_0.01_layer_all,168.0,geopotential@500hPa,planetary,0.06965350654247016
graphcast_operational,mag_0.01_layer_all,192.0,geopotential@500hPa,planetary,0.06847238482993032
graphcast_operational,mag_0.01_layer_all,216.0,geopotential@500hPa,planetary,0.08795306781637034
graphcast_operational,mag_0.01_layer_all,240.0,geopotential@500hPa,planetary,0.0855339829614043
graphcast_operational,mag_0.01_layer_all,0.0,geopotential@500hPa,synoptic,2.6045523290397176e-06
graphcast_operational,mag_0.01_layer_all,24.0,geopotential@500hPa,synoptic,0.06127080580622785
graphcast_operational,mag_0.01_layer_all,48.0,geopotential@500hPa,synoptic,0.10949002348737745
graphcast_operational,mag_0.01_layer_all,72.0,geopotential@500hPa,synoptic,0.1350812818095511
graphcast_operational,mag_0.01_layer_all,96.0,geopotential@500hPa,synoptic,0.17677122191929892
graphcast_operational,mag_0.01_layer_all,120.0,geopotential@500hPa,synoptic,0.18555018914454266
graphcast_operational,mag_0.01_layer_all,144.0,geopotential@500hPa,synoptic,0.1818473800751202
graphcast_operational,mag_0.01_layer_all,168.0,geopotential@500hPa,synoptic,0.1600868127731405
graphcast_operational,mag_0.01_layer_all,192.0,geopotential@500hPa,synoptic,0.1465154911392859
graphcast_operational,mag_0.01_layer_all,216.0,geopotential@500hPa,synoptic,0.17617954213913437
graphcast_operational,mag_0.01_layer_all,240.0,geopotential@500hPa,synoptic,0.1869016243138785
graphcast_operational,mag_0.01_layer_all,0.0,geopotential@500hPa,upper_mesoscale,4.0054169740063476e-05
graphcast_operational,mag_0.01_layer_all,24.0,geopotential@500hPa,upper_mesoscale,0.1342942703868847
graphcast_operational,mag_0.01_layer_all,48.0,geopotential@500hPa,upper_mesoscale,0.17707185124252053
graphcast_operational,mag_0.01_layer_all,72.0,geopotential@500hPa,upper_mesoscale,0.21163505917825698
graphcast_operational,mag_0.01_layer_all,96.0,geopotential@500hPa,upper_mesoscale,0.24433058273962155
graphcast_operational,mag_0.01_layer_all,120.0,geopotential@500hPa,upper_mesoscale,0.2440042343206153
graphcast_operational,mag_0.01_layer_all,144.0,geopotential@500hPa,upper_mesoscale,0.25723667832655084
graphcast_operational,mag_0.01_layer_all,168.0,geopotential@500hPa,upper_mesoscale,0.2557396372184682
graphcast_operational,mag_0.01_layer_all,192.0,geopotential@500hPa,upper_mesoscale,0.2724870934305068
graphcast_operational,mag_0.01_layer_all,216.0,geopotential@500hPa,upper_mesoscale,0.3026278922103681
graphcast_operational,mag_0.01_layer_all,240.0,geopotential@500hPa,upper_mesoscale,0.3325230670227801
graphcast_operational,mag_0.01_layer_all,0.0,geopotential@500hPa,lower_mesoscale,0.03105116498435974
graphcast_operational,mag_0.01_layer_all,24.0,geopotential@500hPa,lower_mesoscale,1.4116214337647135
graphcast_operational,mag_0.01_layer_all,48.0,geopotential@500hPa,lower_mesoscale,1.471394602122153
graphcast_operational,mag_0.01_layer_all,72.0,geopotential@500hPa,lower_mesoscale,1.4949413956388664
graphcast_operational,mag_0.01_layer_all,96.0,geopotential@500hPa,lower_mesoscale,1.531089503125053
graphcast_operational,mag_0.01_layer_all,120.0,geopotential@500hPa,lower_mesoscale,1.545584913135618
graphcast_operational,mag_0.01_layer_all,144.0,geopotential@500hPa,lower_mesoscale,1.557562085713951
graphcast_operational,mag_0.01_layer_all,168.0,geopotential@500hPa,lower_mesoscale,1.54828917820466
graphcast_operational,mag_0.01_layer_all,192.0,geopotential@500hPa,lower_mesoscale,1.5681529058162988
graphcast_operational,mag_0.01_layer_all,216.0,geopotential@500hPa,lower_mesoscale,1.6024129879222437
graphcast_operational,mag_0.01_layer_all,240.0,geopotential@500hPa,lower_mesoscale,1.6160408728692355
graphcast_operational,mag_0.03_layer_all,0.0,geopotential@500hPa,planetary,5.560410705559222e-08
graphcast_operational,mag_0.03_layer_all,24.0,geopotential@500hPa,planetary,0.01512104189083708
graphcast_operational,mag_0.03_layer_all,48.0,geopotential@500hPa,planetary,0.028452105139261732
graphcast_operational,mag_0.03_layer_all,72.0,geopotential@500hPa,planetary,0.039493789190981995
graphcast_operational,mag_0.03_layer_all,96.0,geopotential@500hPa,planetary,0.05400889882532338
graphcast_operational,mag_0.03_layer_all,120.0,geopotential@500hPa,planetary,0.08355473855006178
graphcast_operational,mag_0.03_layer_all,144.0,geopotential@500hPa,planetary,0.10072467713978123
graphcast_operational,mag_0.03_layer_all,168.0,geopotential@500hPa,planetary,0.09924293174855416
graphcast_operational,mag_0.03_layer_all,192.0,geopotential@500hPa,planetary,0.07075943673339345
graphcast_operational,mag_0.03_layer_all,216.0,geopotential@500hPa,planetary,0.1387789450559325
graphcast_operational,mag_0.03_layer_all,240.0,geopotential@500hPa,planetary,0.1270154594585679
graphcast_operational,mag_0.03_layer_all,0.0,geopotential@500hPa,synoptic,2.6045523290397176e-06
graphcast_operational,mag_0.03_layer_all,24.0,geopotential@500hPa,synoptic,0.04903093300941435
graphcast_operational,mag_0.03_layer_all,48.0,geopotential@500hPa,synoptic,0.07509148963724371
graphcast_operational,mag_0.03_layer_all,72.0,geopotential@500hPa,synoptic,0.0860449512990623
graphcast_operational,mag_0.03_layer_all,96.0,geopotential@500hPa,synoptic,0.1052038295826335
graphcast_operational,mag_0.03_layer_all,120.0,geopotential@500hPa,synoptic,0.10263270570543905
graphcast_operational,mag_0.03_layer_all,144.0,geopotential@500hPa,synoptic,0.10612983376221273
graphcast_operational,mag_0.03_layer_all,168.0,geopotential@500hPa,synoptic,0.11654084038152097
graphcast_operational,mag_0.03_layer_all,192.0,geopotential@500hPa,synoptic,0.09222054324620654
graphcast_operational,mag_0.03_layer_all,216.0,geopotential@500hPa,synoptic,0.11654448497232482
graphcast_operational,mag_0.03_layer_all,240.0,geopotential@500hPa,synoptic,0.13460113188155773
graphcast_operational,mag_0.03_layer_all,0.0,geopotential@500hPa,upper_mesoscale,4.0054169740063476e-05
graphcast_operational,mag_0.03_layer_all,24.0,geopotential@500hPa,upper_mesoscale,0.17348563668920092
graphcast_operational,mag_0.03_layer_all,48.0,geopotential@500hPa,upper_mesoscale,0.25027710829051075
graphcast_operational,mag_0.03_layer_all,72.0,geopotential@500hPa,upper_mesoscale,0.3047173068869169
graphcast_operational,mag_0.03_layer_all,96.0,geopotential@500hPa,upper_mesoscale,0.35752168624924757
graphcast_operational,mag_0.03_layer_all,120.0,geopotential@500hPa,upper_mesoscale,0.39229760594251
graphcast_operational,mag_0.03_layer_all,144.0,geopotential@500hPa,upper_mesoscale,0.4162383609374175
graphcast_operational,mag_0.03_layer_all,168.0,geopotential@500hPa,upper_mesoscale,0.427759013479263
graphcast_operational,mag_0.03_layer_all,192.0,geopotential@500hPa,upper_mesoscale,0.46873743075356245
graphcast_operational,mag_0.03_layer_all,216.0,geopotential@500hPa,upper_mesoscale,0.5038588134544624
graphcast_operational,mag_0.03_layer_all,240.0,geopotential@500hPa,upper_mesoscale,0.5313769051467303
graphcast_operational,mag_0.03_layer_all,0.0,geopotential@500hPa,lower_mesoscale,0.03105116498435974
graphcast_operational,mag_0.03_layer_all,24.0,geopotential@500hPa,lower_mesoscale,1.4598830656051975
graphcast_operational,mag_0.03_layer_all,48.0,geopotential@500hPa,lower_mesoscale,1.5500854440983514
graphcast_operational,mag_0.03_layer_all,72.0,geopotential@500hPa,lower_mesoscale,1.5990949388782136
graphcast_operational,mag_0.03_layer_all,96.0,geopotential@500hPa,lower_mesoscale,1.6580181864169476
graphcast_operational,mag_0.03_layer_all,120.0,geopotential@500hPa,lower_mesoscale,1.6858597236747284
graphcast_operational,mag_0.03_layer_all,144.0,geopotential@500hPa,lower_mesoscale,1.7111103911201353
graphcast_operational,mag_0.03_layer_all,168.0,geopotential@500hPa,lower_mesoscale,1.705511205576932
graphcast_operational,mag_0.03_layer_all,192.0,geopotential@500hPa,lower_mesoscale,1.7335554877483812
graphcast_operational,mag_0.03_layer_all,216.0,geopotential@500hPa,lower_mesoscale,1.7785200225444613
graphcast_operational,mag_0.03_layer_all,240.0,geopotential@500hPa,lower_mesoscale,1.7946006630447195
graphcast_operational,mag_0.1_layer_all,0.0,geopotential@500hPa,planetary,5.560410705559222e-08
graphcast_operational,mag_0.1_layer_all,24.0,geopotential@500hPa,planetary,0.016947122028424057
graphcast_operational,mag_0.1_layer_all,48.0,geopotential@500hPa,planetary,0.04764155290809411
graphcast_operational,mag_0.1_layer_all,72.0,geopotential@500hPa,planetary,0.08098622026587257
graphcast_operational,mag_0.1_layer_all,96.0,geopotential@500hPa,planetary,0.10243480027682979
graphcast_operational,mag_0.1_layer_all,120.0,geopotential@500hPa,planetary,0.12742437518550814
graphcast_operational,mag_0.1_layer_all,144.0,geopotential@500hPa,planetary,0.1204762406872163
graphcast_operational,mag_0.1_layer_all,168.0,geopotential@500hPa,planetary,0.1126867025864664
graphcast_operational,mag_0.1_layer_all,192.0,geopotential@500hPa,planetary,0.0955076493902775
graphcast_operational,mag_0.1_layer_all,216.0,geopotential@500hPa,planetary,0.16155505095011352
graphcast_operational,mag_0.1_layer_all,240.0,geopotential@500hPa,planetary,0.17118353639047
graphcast_operational,mag_0.1_layer_all,0.0,geopotential@500hPa,synoptic,2.6045523290397176e-06
graphcast_operational,mag_0.1_layer_all,24.0,geopotential@500hPa,synoptic,0.032469807594754964
graphcast_operational,mag_0.1_layer_all,48.0,geopotential@500hPa,synoptic,0.053591894498505446
graphcast_operational,mag_0.1_layer_all,72.0,geopotential@500hPa,synoptic,0.07772653731801471
graphcast_operational,mag_0.1_layer_all,96.0,geopotential@500hPa,synoptic,0.08167105054555818
graphcast_operational,mag_0.1_layer_all,120.0,geopotential@500hPa,synoptic,0.06617262116980424
graphcast_operational,mag_0.1_layer_all,144.0,geopotential@500hPa,synoptic,0.0827014278332444
graphcast_operational,mag_0.1_layer_all,168.0,geopotential@500hPa,synoptic,0.10985027428554751
graphcast_operational,mag_0.1_layer_all,192.0,geopotential@500hPa,synoptic,0.1157281821482415
graphcast_operational,mag_0.1_layer_all,216.0,geopotential@500hPa,synoptic,0.13717009179372247
graphcast_operational,mag_0.1_layer_all,240.0,geopotential@500hPa,synoptic,0.1401440412930369
graphcast_operational,mag_0.1_layer_all,0.0,geopotential@500hPa,upper_mesoscale,4.0054169740063476e-05
graphcast_operational,mag_0.1_layer_all,24.0,geopotential@500hPa,upper_mesoscale,0.5721507952804676
graphcast_operational,mag_0.1_layer_all,48.0,geopotential@500hPa,upper_mesoscale,0.7660932575141287
graphcast_operational,mag_0.1_layer_all,72.0,geopotential@500hPa,upper_mesoscale,0.9037684123754504
graphcast_operational,mag_0.1_layer_all,96.0,geopotential@500hPa,upper_mesoscale,1.0064661631688214
graphcast_operational,mag_0.1_layer_all,120.0,geopotential@500hPa,upper_mesoscale,1.095484082580401
graphcast_operational,mag_0.1_layer_all,144.0,geopotential@500hPa,upper_mesoscale,1.1422249063554735
graphcast_operational,mag_0.1_layer_all,168.0,geopotential@500hPa,upper_mesoscale,1.1707955865841013
graphcast_operational,mag_0.1_layer_all,192.0,geopotential@500hPa,upper_mesoscale,1.2488375988493325
graphcast_operational,mag_0.1_layer_all,216.0,geopotential@500hPa,upper_mesoscale,1.305629033066111
graphcast_operational,mag_0.1_layer_all,240.0,geopotential@500hPa,upper_mesoscale,1.3431691030248067
graphcast_operational,mag_0.1_layer_all,0.0,geopotential@500hPa,lower_mesoscale,0.03105116498435974
graphcast_operational,mag_0.1_layer_all,24.0,geopotential@500hPa,lower_mesoscale,1.7917112898972916
graphcast_operational,mag_0.1_layer_all,48.0,geopotential@500hPa,lower_mesoscale,1.986637988930981
graphcast_operational,mag_0.1_layer_all,72.0,geopotential@500hPa,lower_mesoscale,2.104222614759219
graphcast_operational,mag_0.1_layer_all,96.0,geopotential@500hPa,lower_mesoscale,2.207105001405431
graphcast_operational,mag_0.1_layer_all,120.0,geopotential@500hPa,lower_mesoscale,2.2666066764552633
graphcast_operational,mag_0.1_layer_all,144.0,geopotential@500hPa,lower_mesoscale,2.317641619123745
graphcast_operational,mag_0.1_layer_all,168.0,geopotential@500hPa,lower_mesoscale,2.332153152539456
graphcast_operational,mag_0.1_layer_all,192.0,geopotential@500hPa,lower_mesoscale,2.3879939255019056
graphcast_operational,mag_0.1_layer_all,216.0,geopotential@500hPa,lower_mesoscale,2.4615889844756014
graphcast_operational,mag_0.1_layer_all,240.0,geopotential@500hPa,lower_mesoscale,2.493197432995178
sfno,mag_0_layer_all,0.0,geopotential@500hPa,planetary,5.560410705559222e-08
sfno,mag_0_layer_all,24.0,geopotential@500hPa,planetary,0.013375880399120231
sfno,mag_0_layer_all,48.0,geopotential@500hPa,planetary,0.02721570924178694
sfno,mag_0_layer_all,72.0,geopotential@500hPa,planetary,0.028534095655093534
sfno,mag_0_layer_all,96.0,geopotential@500hPa,planetary,0.04042836543404578
sfno,mag_0_layer_all,120.0,geopotential@500hPa,planetary,0.06781750053106012
sfno,mag_0_layer_all,144.0,geopotential@500hPa,planetary,0.09950103176488179
sfno,mag_0_layer_all,168.0,geopotential@500hPa,planetary,0.10832174860406206
sfno,mag_0_layer_all,192.0,geopotential@500hPa,planetary,0.10655574823810725
sfno,mag_0_layer_all,216.0,geopotential@500hPa,planetary,0.1201312811664814
sfno,mag_0_layer_all,240.0,geopotential@500hPa,planetary,0.0951278377172709
sfno,mag_0_layer_all,0.0,geopotential@500hPa,synoptic,2.6045523290397176e-06
sfno,mag_0_layer_all,24.0,geopotential@500hPa,synoptic,0.08307467559104634
sfno,mag_0_layer_all,48.0,geopotential@500hPa,synoptic,0.10050041309124629
sfno,mag_0_layer_all,72.0,geopotential@500hPa,synoptic,0.09713378109015001
sfno,mag_0_layer_all,96.0,geopotential@500hPa,synoptic,0.16074441199575065
sfno,mag_0_layer_all,120.0,geopotential@500hPa,synoptic,0.14444128882854848
sfno,mag_0_layer_all,144.0,geopotential@500hPa,synoptic,0.15522722993375987
sfno,mag_0_layer_all,168.0,geopotential@500hPa,synoptic,0.1591147991896455
sfno,mag_0_layer_all,192.0,geopotential@500hPa,synoptic,0.15063656678721646
sfno,mag_0_layer_all,216.0,geopotential@500hPa,synoptic,0.1806038791666697
sfno,mag_0_layer_all,240.0,geopotential@500hPa,synoptic,0.1905186387994077
sfno,mag_0_layer_all,0.0,geopotential@500hPa,upper_mesoscale,4.00541697400986e-05
sfno,mag_0_layer_all,24.0,geopotential@500hPa,upper_mesoscale,0.22179460055681358
sfno,mag_0_layer_all,48.0,geopotential@500hPa,upper_mesoscale,0.19651794065206518
sfno,mag_0_layer_all,72.0,geopotential@500hPa,upper_mesoscale,0.15818207479423557
sfno,mag_0_layer_all,96.0,geopotential@500hPa,upper_mesoscale,0.1998567670926157
sfno,mag_0_layer_all,120.0,geopotential@500hPa,upper_mesoscale,0.1751243941363096
sfno,mag_0_layer_all,144.0,geopotential@500hPa,upper_mesoscale,0.18597361079530123
sfno,mag_0_layer_all,168.0,geopotential@500hPa,upper_mesoscale,0.17725713713693392
sfno,mag_0_layer_all,192.0,geopotential@500hPa,upper_mesoscale,0.20067619385708332
sfno,mag_0_layer_all,216.0,geopotential@500hPa,upper_mesoscale,0.20137409690243455
sfno,mag_0_layer_all,240.0,geopotential@500hPa,upper_mesoscale,0.2423415895323569
sfno,mag_0_layer_all,0.0,geopotential@500hPa,lower_mesoscale,0.031051164984359735
sfno,mag_0_layer_all,24.0,geopotential@500hPa,lower_mesoscale,0.6824058518799972
sfno,mag_0_layer_all,48.0,geopotential@500hPa,lower_mesoscale,0.8036358405520138
sfno,mag_0_layer_all,72.0,geopotential@500hPa,lower_mesoscale,0.8909049749626275
sfno,mag_0_layer_all,96.0,geopotential@500hPa,lower_mesoscale,0.9623629401403663
sfno,mag_0_layer_all,120.0,geopotential@500hPa,lower_mesoscale,1.0074264969043685
sfno,mag_0_layer_all,144.0,geopotential@500hPa,lower_mesoscale,1.0381123706203286
sfno,mag_0_layer_all,168.0,geopotential@500hPa,lower_mesoscale,1.0416106740202289
sfno,mag_0_layer_all,192.0,geopotential@500hPa,lower_mesoscale,1.069672478802964
sfno,mag_0_layer_all,216.0,geopotential@500hPa,lower_mesoscale,1.1072432876300486
sfno,mag_0_layer_all,240.0,geopotential@500hPa,lower_mesoscale,1.1254770676731456
sfno,mag_0.001_layer_all,0.0,geopotential@500hPa,planetary,5.560410705559222e-08
sfno,mag_0.001_layer_all,24.0,geopotential@500hPa,planetary,0.01342493925222539
sfno,mag_0.001_layer_all,48.0,geopotential@500hPa,planetary,0.02714604776869071
sfno,mag_0.001_layer_all,72.0,geopotential@500hPa,planetary,0.028254816667442156
sfno,mag_0.001_layer_all,96.0,geopotential@500hPa,planetary,0.04077459119108521
sfno,mag_0.001_layer_all,120.0,geopotential@500hPa,planetary,0.0677156152080981
sfno,mag_0.001_layer_all,144.0,geopotential@500hPa,planetary,0.10086267022165465
sfno,mag_0.001_layer_all,168.0,geopotential@500hPa,planetary,0.108700263525132
sfno,mag_0.001_layer_all,192.0,geopotential@500hPa,planetary,0.10663282203724878
sfno,mag_0.001_layer_all,216.0,geopotential@500hPa,planetary,0.11801018752203392
sfno,mag_0.001_layer_all,240.0,geopotential@500hPa,planetary,0.09268190601584532
sfno,mag_0.001_layer_all,0.0,geopotential@500hPa,synoptic,2.6045523290397176e-06
sfno,mag_0.001_layer_all,24.0,geopotential@500hPa,synoptic,0.08288826043532793
sfno,mag_0.001_layer_all,48.0,geopotential@500hPa,synoptic,0.09995727656030405
sfno,mag_0.001_layer_all,72.0,geopotential@500hPa,synoptic,0.09651296191956654
sfno,mag_0.001_layer_all,96.0,geopotential@500hPa,synoptic,0.1594691799832908
sfno,mag_0.001_layer_all,120.0,geopotential@500hPa,synoptic,0.1432576125117764
sfno,mag_0.001_layer_all,144.0,geopotential@500hPa,synoptic,0.1528967073683074
sfno,mag_0.001_layer_all,168.0,geopotential@500hPa,synoptic,0.15651208337728037
sfno,mag_0.001_layer_all,192.0,geopotential@500hPa,synoptic,0.1435359100309596
sfno,mag_0.001_layer_all,216.0,geopotential@500hPa,synoptic,0.17111173645021663
sfno,mag_0.001_layer_all,240.0,geopotential@500hPa,synoptic,0.17497625394262922
sfno,mag_0.001_layer_all,0.0,geopotential@500hPa,upper_mesoscale,4.0054169740063476e-05
sfno,mag_0.001_layer_all,24.0,geopotential@500hPa,upper_mesoscale,0.22136625333253024
sfno,mag_0.001_layer_all,48.0,geopotential@500hPa,upper_mesoscale,0.19580121537611647
sfno,mag_0.001_layer_all,72.0,geopotential@500hPa,upper_mesoscale,0.15746155271694698
sfno,mag_0.001_layer_all,96.0,geopotential@500hPa,upper_mesoscale,0.19871072587455407
sfno,mag_0.001_layer_all,120.0,geopotential@500hPa,upper_mesoscale,0.1744176854468122
sfno,mag_0.001_layer_all,144.0,geopotential@500hPa,upper_mesoscale,0.18537160256742694
sfno,mag_0.001_layer_all,168.0,geopotential@500hPa,upper_mesoscale,0.17744772439081113
sfno,mag_0.001_layer_all,192.0,geopotential@500hPa,upper_mesoscale,0.19606308623606944
sfno,mag_0.001_layer_all,216.0,geopotential@500hPa,upper_mesoscale,0.19908163748640786
sfno,mag_0.001_layer_all,240.0,geopotential@500hPa,upper_mesoscale,0.24254486172266457
sfno,mag_0.001_layer_all,0.0,geopotential@500hPa,lower_mesoscale,0.03105116498435974
sfno,mag_0.001_layer_all,24.0,geopotential@500hPa,lower_mesoscale,0.6824729833930417
sfno,mag_0.001_layer_all,48.0,geopotential@500hPa,lower_mesoscale,0.8039605907692884
sfno,mag_0.001_layer_all,72.0,geopotential@500hPa,lower_mesoscale,0.891759948492592
sfno,mag_0.001_layer_all,96.0,geopotential@500hPa,lower_mesoscale,0.9630987505445916
sfno,mag_0.001_layer_all,120.0,geopotential@500hPa,lower_mesoscale,1.0082653061187992
sfno,mag_0.001_layer_all,144.0,geopotential@500hPa,lower_mesoscale,1.0385857746340583
sfno,mag_0.001_layer_all,168.0,geopotential@500hPa,lower_mesoscale,1.0426625660375513
sfno,mag_0.001_layer_all,192.0,geopotential@500hPa,lower_mesoscale,1.0709047274576022
sfno,mag_0.001_layer_all,216.0,geopotential@500hPa,lower_mesoscale,1.1085701136560902
sfno,mag_0.001_layer_all,240.0,geopotential@500hPa,lower_mesoscale,1.1267960208795103
sfno,mag_0.003_layer_all,0.0,geopotential@500hPa,planetary,5.560410705559222e-08
sfno,mag_0.003_layer_all,24.0,geopotential@500hPa,planetary,0.01332142619740411
sfno,mag_0.003_layer_all,48.0,geopotential@500hPa,planetary,0.026803157338610585
sfno,mag_0.003_layer_all,72.0,geopotential@500hPa,planetary,0.027544414995959814
sfno,mag_0.003_layer_all,96.0,geopotential@500hPa,planetary,0.040936245208880014
sfno,mag_0.003_layer_all,120.0,geopotential@500hPa,planetary,0.06680784637104012
sfno,mag_0.003_layer_all,144.0,geopotential@500hPa,planetary,0.10019333347234959
sfno,mag_0.003_layer_all,168.0,geopotential@500hPa,planetary,0.1080491175348197
sfno,mag_0.003_layer_all,192.0,geopotential@500hPa,planetary,0.1026534173313788
sfno,mag_0.003_layer_all,216.0,geopotential@500hPa,planetary,0.10758435893379954
sfno,mag_0.003_layer_all,240.0,geopotential@500hPa,planetary,0.08146680961664736
sfno,mag_0.003_layer_all,0.0,geopotential@500hPa,synoptic,2.6045523290397176e-06
sfno,mag_0.003_layer_all,24.0,geopotential@500hPa,synoptic,0.0821559193071865
sfno,mag_0.003_layer_all,48.0,geopotential@500hPa,synoptic,0.09855085292791574
sfno,mag_0.003_layer_all,72.0,geopotential@500hPa,synoptic,0.09472855945874656
sfno,mag_0.003_layer_all,96.0,geopotential@500hPa,synoptic,0.15634721456350392
sfno,mag_0.003_layer_all,120.0,geopotential@500hPa,synoptic,0.1409473505049229
sfno,mag_0.003_layer_all,144.0,geopotential@500hPa,synoptic,0.15089487905026122
sfno,mag_0.003_layer_all,168.0,geopotential@500hPa,synoptic,0.1526283919320132
sfno,mag_0.003_layer_all,192.0,geopotential@500hPa,synoptic,0.13028145560534318
sfno,mag_0.003_layer_all,216.0,geopotential@500hPa,synoptic,0.15327905248702117
sfno,mag_0.003_layer_all,240.0,geopotential@500hPa,synoptic,0.16370602892529035
sfno,mag_0.003_layer_all,0.0,geopotential@500hPa,upper_mesoscale,4.0054169740063476e-05
sfno,mag_0.003_layer_all,24.0,geopotential@500hPa,upper_mesoscale,0.22010442504824407
sfno,mag_0.003_layer_all,48.0,geopotential@500hPa,upper_mesoscale,0.19428471502567773
sfno,mag_0.003_layer_all,72.0,geopotential@500hPa,upper_mesoscale,0.155324643738682
sfno,mag_0.003_layer_all,96.0,geopotential@500hPa,upper_mesoscale,0.19474506844799214
sfno,mag_0.003_layer_all,120.0,geopotential@500hPa,upper_mesoscale,0.172882730348741
sfno,mag_0.003_layer_all,144.0,geopotential@500hPa,upper_mesoscale,0.18547472675897297
sfno,mag_0.003_layer_all,168.0,geopotential@500hPa,upper_mesoscale,0.18044201039617383
sfno,mag_0.003_layer_all,192.0,geopotential@500hPa,upper_mesoscale,0.19290215191976026
sfno,mag_0.003_layer_all,216.0,geopotential@500hPa,upper_mesoscale,0.20035938392137892
sfno,mag_0.003_layer_all,240.0,geopotential@500hPa,upper_mesoscale,0.237932276874783
sfno,mag_0.003_layer_all,0.0,geopotential@500hPa,lower_mesoscale,0.03105116498435974
sfno,mag_0.003_layer_all,24.0,geopotential@500hPa,lower_mesoscale,0.6826199200110165
sfno,mag_0.003_layer_all,48.0,geopotential@500hPa,lower_mesoscale,0.8042117959791149
sfno,mag_0.003_layer_all,72.0,geopotential@500hPa,lower_mesoscale,0.8921320276558902
sfno,mag_0.003_layer_all,96.0,geopotential@500hPa,lower_mesoscale,0.9636663420904176
sfno,mag_0.003_layer_all,120.0,geopotential@500hPa,lower_mesoscale,1.0091316326758484
sfno,mag_0.003_layer_all,144.0,geopotential@500hPa,lower_mesoscale,1.0397356511833735
sfno,mag_0.003_layer_all,168.0,geopotential@500hPa,lower_mesoscale,1.0441020130451444
sfno,mag_0.003_layer_all,192.0,geopotential@500hPa,lower_mesoscale,1.0726319508489124
sfno,mag_0.003_layer_all,216.0,geopotential@500hPa,lower_mesoscale,1.1111022574911333
sfno,mag_0.003_layer_all,240.0,geopotential@500hPa,lower_mesoscale,1.1296658984286834
sfno,mag_0.01_layer_all,0.0,geopotential@500hPa,planetary,5.560410705559222e-08
sfno,mag_0.01_layer_all,24.0,geopotential@500hPa,planetary,0.013390831435470305
sfno,mag_0.01_layer_all,48.0,geopotential@500hPa,planetary,0.026226685028622312
sfno,mag_0.01_layer_all,72.0,geopotential@500hPa,planetary,0.026554108739011043
sfno,mag_0.01_layer_all,96.0,geopotential@500hPa,planetary,0.04074731817461537
sfno,mag_0.01_layer_all,120.0,geopotential@500hPa,planetary,0.05941809765370621
sfno,mag_0.01_layer_all,144.0,geopotential@500hPa,planetary,0.08013948020083711
sfno,mag_0.01_layer_all,168.0,geopotential@500hPa,planetary,0.09144480156241738
sfno,mag_0.01_layer_all,192.0,geopotential@500hPa,planetary,0.08705742071836452
sfno,mag_0.01_layer_all,216.0,geopotential@500hPa,planetary,0.09812332015907788
sfno,mag_0.01_layer_all,240.0,geopotential@500hPa,planetary,0.10580453886656144
sfno,mag_0.01_layer_all,0.0,geopotential@500hPa,synoptic,2.6045523290397176e-06
sfno,mag_0.01_layer_all,24.0,geopotential@500hPa,synoptic,0.07948263978248181
sfno,mag_0.01_layer_all,48.0,geopotential@500hPa,synoptic,0.09293889146197726
sfno,mag_0.01_layer_all,72.0,geopotential@500hPa,synoptic,0.0877209922074729
sfno,mag_0.01_layer_all,96.0,geopotential@500hPa,synoptic,0.14559070122067894
sfno,mag_0.01_layer_all,120.0,geopotential@500hPa,synoptic,0.12794010194670052
sfno,mag_0.01_layer_all,144.0,geopotential@500hPa,synoptic,0.14260212285346863
sfno,mag_0.01_layer_all,168.0,geopotential@500hPa,synoptic,0.12990864964583967
sfno,mag_0.01_layer_all,192.0,geopotential@500hPa,synoptic,0.11367717578690824
sfno,mag_0.01_layer_all,216.0,geopotential@500hPa,synoptic,0.12967009725774464
sfno,mag_0.01_layer_all,240.0,geopotential@500hPa,synoptic,0.1507125323948385
sfno,mag_0.01_layer_all,0.0,geopotential@500hPa,upper_mesoscale,4.0054169740063476e-05
sfno,mag_0.01_layer_all,24.0,geopotential@500hPa,upper_mesoscale,0.21242801677619264
sfno,mag_0.01_layer_all,48.0,geopotential@500hPa,upper_mesoscale,0.184593363223229
sfno,mag_0.01_layer_all,72.0,geopotential@500hPa,upper_mesoscale,0.14498091366018834
sfno,mag_0.01_layer_all,96.0,geopotential@500hPa,upper_mesoscale,0.18061320138508777
sfno,mag_0.01_layer_all,120.0,geopotential@500hPa,upper_mesoscale,0.16396940402460092
sfno,mag_0.01_layer_all,144.0,geopotential@500hPa,upper_mesoscale,0.1821363425910116
sfno,mag_0.01_layer_all,168.0,geopotential@500hPa,upper_mesoscale,0.18604954238897234
sfno,mag_0.01_layer_all,192.0,geopotential@500hPa,upper_mesoscale,0.19697861782186027
sfno,mag_0.01_layer_all,216.0,geopotential@500hPa,upper_mesoscale,0.21092943619125953
sfno,mag_0.01_layer_all,240.0,geopotential@500hPa,upper_mesoscale,0.2443085747115845
sfno,mag_0.01_layer_all,0.0,geopotential@500hPa,lower_mesoscale,0.03105116498435974
sfno,mag_0.01_layer_all,24.0,geopotential@500hPa,lower_mesoscale,0.6856596883166672
sfno,mag_0.01_layer_all,48.0,geopotential@500hPa,lower_mesoscale,0.8078573386333808
sfno,mag_0.01_layer_all,72.0,geopotential@500hPa,lower_mesoscale,0.8972135850055094
sfno,mag_0.01_layer_all,96.0,geopotential@500hPa,lower_mesoscale,0.9710681308952344
sfno,mag_0.01_layer_all,120.0,geopotential@500hPa,lower_mesoscale,1.018650699185784
sfno,mag_0.01_layer_all,144.0,geopotential@500hPa,lower_mesoscale,1.0514158780811942
sfno,mag_0.01_layer_all,168.0,geopotential@500hPa,lower_mesoscale,1.0571359070045017
sfno,mag_0.01_layer_all,192.0,geopotential@500hPa,lower_mesoscale,1.0877899613618733
sfno,mag_0.01_layer_all,216.0,geopotential@500hPa,lower_mesoscale,1.1291829763917633
sfno,mag_0.01_layer_all,240.0,geopotential@500hPa,lower_mesoscale,1.149146473643558
sfno,mag_0.03_layer_all,0.0,geopotential@500hPa,planetary,5.560410705559222e-08
sfno,mag_0.03_layer_all,24.0,geopotential@500hPa,planetary,0.01416061320382922
sfno,mag_0.03_layer_all,48.0,geopotential@500hPa,planetary,0.026244932544041644
sfno,mag_0.03_layer_all,72.0,geopotential@500hPa,planetary,0.029986019491059356
sfno,mag_0.03_layer_all,96.0,geopotential@500hPa,planetary,0.03701121830100486
sfno,mag_0.03_layer_all,120.0,geopotential@500hPa,planetary,0.04325008679023666
sfno,mag_0.03_layer_all,144.0,geopotential@500hPa,planetary,0.04258082829928164
sfno,mag_0.03_layer_all,168.0,geopotential@500hPa,planetary,0.06553549614465164
sfno,mag_0.03_layer_all,192.0,geopotential@500hPa,planetary,0.08410849075030233
sfno,mag_0.03_layer_all,216.0,geopotential@500hPa,planetary,0.11261939905257533
sfno,mag_0.03_layer_all,240.0,geopotential@500hPa,planetary,0.10816123741803847
sfno,mag_0.03_layer_all,0.0,geopotential@500hPa,synoptic,2.6045523290397176e-06
sfno,mag_0.03_layer_all,24.0,geopotential@500hPa,synoptic,0.06790401730493306
sfno,mag_0.03_layer_all,48.0,geopotential@500hPa,synoptic,0.07049492295806822
sfno,mag_0.03_layer_all,72.0,geopotential@500hPa,synoptic,0.06916029119582959
sfno,mag_0.03_layer_all,96.0,geopotential@500hPa,synoptic,0.10577531316971206
sfno,mag_0.03_layer_all,120.0,geopotential@500hPa,synoptic,0.08378379358751877
sfno,mag_0.03_layer_all,144.0,geopotential@500hPa,synoptic,0.08948003576893092
sfno,mag_0.03_layer_all,168.0,geopotential@500hPa,synoptic,0.09416344535484808
sfno,mag_0.03_layer_all,192.0,geopotential@500hPa,synoptic,0.06799993753859576
sfno,mag_0.03_layer_all,216.0,geopotential@500hPa,synoptic,0.10445871369396575
sfno,mag_0.03_layer_all,240.0,geopotential@500hPa,synoptic,0.10432440459124494
sfno,mag_0.03_layer_all,0.0,geopotential@500hPa,upper_mesoscale,4.0054169740063476e-05
sfno,mag_0.03_layer_all,24.0,geopotential@500hPa,upper_mesoscale,0.16752033754470205
sfno,mag_0.03_layer_all,48.0,geopotential@500hPa,upper_mesoscale,0.13680021245908386
sfno,mag_0.03_layer_all,72.0,geopotential@500hPa,upper_mesoscale,0.1284911876446193
sfno,mag_0.03_layer_all,96.0,geopotential@500hPa,upper_mesoscale,0.16566546473233004
sfno,mag_0.03_layer_all,120.0,geopotential@500hPa,upper_mesoscale,0.1940753843400225
sfno,mag_0.03_layer_all,144.0,geopotential@500hPa,upper_mesoscale,0.22574467776045753
sfno,mag_0.03_layer_all,168.0,geopotential@500hPa,upper_mesoscale,0.2480571319194942
sfno,mag_0.03_layer_all,192.0,geopotential@500hPa,upper_mesoscale,0.290099454403578
sfno,mag_0.03_layer_all,216.0,geopotential@500hPa,upper_mesoscale,0.3372969650008616
sfno,mag_0.03_layer_all,240.0,geopotential@500hPa,upper_mesoscale,0.36948364625663677
sfno,mag_0.03_layer_all,0.0,geopotential@500hPa,lower_mesoscale,0.03105116498435974
sfno,mag_0.03_layer_all,24.0,geopotential@500hPa,lower_mesoscale,0.7093981331438266
sfno,mag_0.03_layer_all,48.0,geopotential@500hPa,lower_mesoscale,0.8381615298281583
sfno,mag_0.03_layer_all,72.0,geopotential@500hPa,lower_mesoscale,0.936518607596134
sfno,mag_0.03_layer_all,96.0,geopotential@500hPa,lower_mesoscale,1.0228692702261164
sfno,mag_0.03_layer_all,120.0,geopotential@500hPa,lower_mesoscale,1.0829486389013623
sfno,mag_0.03_layer_all,144.0,geopotential@500hPa,lower_mesoscale,1.1280670001279423
sfno,mag_0.03_layer_all,168.0,geopotential@500hPa,lower_mesoscale,1.1433611415390585
sfno,mag_0.03_layer_all,192.0,geopotential@500hPa,lower_mesoscale,1.1867314344960314
sfno,mag_0.03_layer_all,216.0,geopotential@500hPa,lower_mesoscale,1.2394372980617747
sfno,mag_0.03_layer_all,240.0,geopotential@500hPa,lower_mesoscale,1.2653065866394004
sfno,mag_0.1_layer_all,0.0,geopotential@500hPa,planetary,5.560410705559222e-08
sfno,mag_0.1_layer_all,24.0,geopotential@500hPa,planetary,0.028173528059221103
sfno,mag_0.1_layer_all,48.0,geopotential@500hPa,planetary,0.07367280944505028
sfno,mag_0.1_layer_all,72.0,geopotential@500hPa,planetary,0.10803754102389723
sfno,mag_0.1_layer_all,96.0,geopotential@500hPa,planetary,0.10577957558910446
sfno,mag_0.1_layer_all,120.0,geopotential@500hPa,planetary,0.10049144975183749
sfno,mag_0.1_layer_all,144.0,geopotential@500hPa,planetary,0.01763756218304388
sfno,mag_0.1_layer_all,168.0,geopotential@500hPa,planetary,0.10849128143816357
sfno,mag_0.1_layer_all,192.0,geopotential@500hPa,planetary,0.20788012341143097
sfno,mag_0.1_layer_all,216.0,geopotential@500hPa,planetary,0.37857920538990586
sfno,mag_0.1_layer_all,240.0,geopotential@500hPa,planetary,0.6188569652803473
sfno,mag_0.1_layer_all,0.0,geopotential@500hPa,synoptic,2.6045523290397176e-06
sfno,mag_0.1_layer_all,24.0,geopotential@500hPa,synoptic,0.04350330517842094
sfno,mag_0.1_layer_all,48.0,geopotential@500hPa,synoptic,0.15072799904164066
sfno,mag_0.1_layer_all,72.0,geopotential@500hPa,synoptic,0.24360863343116484
sfno,mag_0.1_layer_all,96.0,geopotential@500hPa,synoptic,0.39317460358300804
sfno,mag_0.1_layer_all,120.0,geopotential@500hPa,synoptic,0.6929211507337604
sfno,mag_0.1_layer_all,144.0,geopotential@500hPa,synoptic,0.921627782061715
sfno,mag_0.1_layer_all,168.0,geopotential@500hPa,synoptic,1.1141432583881636
sfno,mag_0.1_layer_all,192.0,geopotential@500hPa,synoptic,1.312715403504571
sfno,mag_0.1_layer_all,216.0,geopotential@500hPa,synoptic,1.4590545649960875
sfno,mag_0.1_layer_all,240.0,geopotential@500hPa,synoptic,1.634257512987737
sfno,mag_0.1_layer_all,0.0,geopotential@500hPa,upper_mesoscale,4.0054169740063476e-05
sfno,mag_0.1_layer_all,24.0,geopotential@500hPa,upper_mesoscale,0.2487228089892376
sfno,mag_0.1_layer_all,48.0,geopotential@500hPa,upper_mesoscale,0.5251881414685282
sfno,mag_0.1_layer_all,72.0,geopotential@500hPa,upper_mesoscale,0.8467136785174929
sfno,mag_0.1_layer_all,96.0,geopotential@500hPa,upper_mesoscale,1.218288118031514
sfno,mag_0.1_layer_all,120.0,geopotential@500hPa,upper_mesoscale,1.6897807267101883
sfno,mag_0.1_layer_all,144.0,geopotential@500hPa,upper_mesoscale,1.9481262518273028
sfno,mag_0.1_layer_all,168.0,geopotential@500hPa,upper_mesoscale,2.1200024020361803
sfno,mag_0.1_layer_all,192.0,geopotential@500hPa,upper_mesoscale,2.3591939753729174
sfno,mag_0.1_layer_all,216.0,geopotential@500hPa,upper_mesoscale,2.555858844478519
sfno,mag_0.1_layer_all,240.0,geopotential@500hPa,upper_mesoscale,2.747262884207218
sfno,mag_0.1_layer_all,0.0,geopotential@500hPa,lower_mesoscale,0.03105116498435974
sfno,mag_0.1_layer_all,24.0,geopotential@500hPa,lower_mesoscale,0.8963428915285937
sfno,mag_0.1_layer_all,48.0,geopotential@500hPa,lower_mesoscale,1.0870100729707792
sfno,mag_0.1_layer_all,72.0,geopotential@500hPa,lower_mesoscale,1.264179977532468
sfno,mag_0.1_layer_all,96.0,geopotential@500hPa,lower_mesoscale,1.46017417058703
sfno,mag_0.1_layer_all,120.0,geopotential@500hPa,lower_mesoscale,1.6838834795662712
sfno,mag_0.1_layer_all,144.0,geopotential@500hPa,lower_mesoscale,1.8551005228765085
sfno,mag_0.1_layer_all,168.0,geopotential@500hPa,lower_mesoscale,2.002774555812927
sfno,mag_0.1_layer_all,192.0,geopotential@500hPa,lower_mesoscale,2.216663171202562
sfno,mag_0.1_layer_all,216.0,geopotential@500hPa,lower_mesoscale,2.4381261985716005
sfno,mag_0.1_layer_all,240.0,geopotential@500hPa,lower_mesoscale,2.64794522969452
aifs,mag_0_layer_all,0.0,geopotential@500hPa,planetary,8.090367851433297e-08
aifs,mag_0_layer_all,24.0,geopotential@500hPa,planetary,0.006696092757517858
aifs,mag_0_layer_all,48.0,geopotential@500hPa,planetary,0.009239536158420037
aifs,mag_0_layer_all,72.0,geopotential@500hPa,planetary,0.015702762127103188
aifs,mag_0_layer_all,96.0,geopotential@500hPa,planetary,0.02860786806798229
aifs,mag_0_layer_all,120.0,geopotential@500hPa,planetary,0.043895280142893574
aifs,mag_0_layer_all,144.0,geopotential@500hPa,planetary,0.0538517365767337
aifs,mag_0_layer_all,168.0,geopotential@500hPa,planetary,0.0745242744887816
aifs,mag_0_layer_all,192.0,geopotential@500hPa,planetary,0.09114575729673154
aifs,mag_0_layer_all,216.0,geopotential@500hPa,planetary,0.10832529581310958
aifs,mag_0_layer_all,240.0,geopotential@500hPa,planetary,0.10075534097581848
aifs,mag_0_layer_all,0.0,geopotential@500hPa,synoptic,2.6834259990677304e-06
aifs,mag_0_layer_all,24.0,geopotential@500hPa,synoptic,0.05617732520372097
aifs,mag_0_layer_all,48.0,geopotential@500hPa,synoptic,0.12130369584115784
aifs,mag_0_layer_all,72.0,geopotential@500hPa,synoptic,0.15370552270879842
aifs,mag_0_layer_all,96.0,geopotential@500hPa,synoptic,0.21608839479989708
aifs,mag_0_layer_all,120.0,geopotential@500hPa,synoptic,0.23140820484776195
aifs,mag_0_layer_all,144.0,geopotential@500hPa,synoptic,0.2474203964995414
aifs,mag_0_layer_all,168.0,geopotential@500hPa,synoptic,0.23924064258081645
aifs,mag_0_layer_all,192.0,geopotential@500hPa,synoptic,0.246920697315311
aifs,mag_0_layer_all,216.0,geopotential@500hPa,synoptic,0.30947362053629307
aifs,mag_0_layer_all,240.0,geopotential@500hPa,synoptic,0.30429297269877337
aifs,mag_0_layer_all,0.0,geopotential@500hPa,upper_mesoscale,4.0181010604598444e-05
aifs,mag_0_layer_all,24.0,geopotential@500hPa,upper_mesoscale,0.15496030490640048
aifs,mag_0_layer_all,48.0,geopotential@500hPa,upper_mesoscale,0.1915141704862381
aifs,mag_0_layer_all,72.0,geopotential@500hPa,upper_mesoscale,0.2574373044376921
aifs,mag_0_layer_all,96.0,geopotential@500hPa,upper_mesoscale,0.27533532797928995
aifs,mag_0_layer_all,120.0,geopotential@500hPa,upper_mesoscale,0.23727356834749094
aifs,mag_0_layer_all,144.0,geopotential@500hPa,upper_mesoscale,0.24862091197113995
aifs,mag_0_layer_all,168.0,geopotential@500hPa,upper_mesoscale,0.2552911604336941
aifs,mag_0_layer_all,192.0,geopotential@500hPa,upper_mesoscale,0.22251426377510028
aifs,mag_0_layer_all,216.0,geopotential@500hPa,upper_mesoscale,0.24316940786558133
aifs,mag_0_layer_all,240.0,geopotential@500hPa,upper_mesoscale,0.2678010304070384
aifs,mag_0_layer_all,0.0,geopotential@500hPa,lower_mesoscale,0.049988036322288106
aifs,mag_0_layer_all,24.0,geopotential@500hPa,lower_mesoscale,0.8594840702887288
aifs,mag_0_layer_all,48.0,geopotential@500hPa,lower_mesoscale,0.898126790653949
aifs,mag_0_layer_all,72.0,geopotential@500hPa,lower_mesoscale,0.948282287410924
aifs,mag_0_layer_all,96.0,geopotential@500hPa,lower_mesoscale,1.0085788532292057
aifs,mag_0_layer_all,120.0,geopotential@500hPa,lower_mesoscale,1.0604828486753846
aifs,mag_0_layer_all,144.0,geopotential@500hPa,lower_mesoscale,1.1056895358604042
aifs,mag_0_layer_all,168.0,geopotential@500hPa,lower_mesoscale,1.1287385813965007
aifs,mag_0_layer_all,192.0,geopotential@500hPa,lower_mesoscale,1.1770931779658722
aifs,mag_0_layer_all,216.0,geopotential@500hPa,lower_mesoscale,1.2351277127348201
aifs,mag_0_layer_all,240.0,geopotential@500hPa,lower_mesoscale,1.2686755589844565
aifs,mag_0.003_layer_all,0.0,geopotential@500hPa,planetary,8.090367851433297e-08
aifs,mag_0.003_layer_all,24.0,geopotential@500hPa,planetary,0.006794661940710324
aifs,mag_0.003_layer_all,48.0,geopotential@500hPa,planetary,0.009034002267352898
aifs,mag_0.003_layer_all,72.0,geopotential@500hPa,planetary,0.015502356076470929
aifs,mag_0.003_layer_all,96.0,geopotential@500hPa,planetary,0.02901761366091893
aifs,mag_0.003_layer_all,120.0,geopotential@500hPa,planetary,0.04330668314875468
aifs,mag_0.003_layer_all,144.0,geopotential@500hPa,planetary,0.05430626400255556
aifs,mag_0.003_layer_all,168.0,geopotential@500hPa,planetary,0.07639207536761158
aifs,mag_0.003_layer_all,192.0,geopotential@500hPa,planetary,0.09015907784780369
aifs,mag_0.003_layer_all,216.0,geopotential@500hPa,planetary,0.1058631367061944
aifs,mag_0.003_layer_all,240.0,geopotential@500hPa,planetary,0.08684304267308778
aifs,mag_0.003_layer_all,0.0,geopotential@500hPa,synoptic,2.6834259990677304e-06
aifs,mag_0.003_layer_all,24.0,geopotential@500hPa,synoptic,0.044854289796283246
aifs,mag_0.003_layer_all,48.0,geopotential@500hPa,synoptic,0.09740688084781945
aifs,mag_0.003_layer_all,72.0,geopotential@500hPa,synoptic,0.1241326895666057
aifs,mag_0.003_layer_all,96.0,geopotential@500hPa,synoptic,0.1800240786621652
aifs,mag_0.003_layer_all,120.0,geopotential@500hPa,synoptic,0.19280402676414146
aifs,mag_0.003_layer_all,144.0,geopotential@500hPa,synoptic,0.20868562162144536
aifs,mag_0.003_layer_all,168.0,geopotential@500hPa,synoptic,0.1990649554497978
aifs,mag_0.003_layer_all,192.0,geopotential@500hPa,synoptic,0.19828200832980436
aifs,mag_0.003_layer_all,216.0,geopotential@500hPa,synoptic,0.26068355381183517
aifs,mag_0.003_layer_all,240.0,geopotential@500hPa,synoptic,0.25278733544537896
aifs,mag_0.003_layer_all,0.0,geopotential@500hPa,upper_mesoscale,4.018101060460948e-05
aifs,mag_0.003_layer_all,24.0,geopotential@500hPa,upper_mesoscale,0.21252832351590886
aifs,mag_0.003_layer_all,48.0,geopotential@500hPa,upper_mesoscale,0.3191787190420326
aifs,mag_0.003_layer_all,72.0,geopotential@500hPa,upper_mesoscale,0.3563167437361013
aifs,mag_0.003_layer_all,96.0,geopotential@500hPa,upper_mesoscale,0.37946761024524134
aifs,mag_0.003_layer_all,120.0,geopotential@500hPa,upper_mesoscale,0.40563024355492133
aifs,mag_0.003_layer_all,144.0,geopotential@500hPa,upper_mesoscale,0.4077417239293681
aifs,mag_0.003_layer_all,168.0,geopotential@500hPa,upper_mesoscale,0.40422911567781017
aifs,mag_0.003_layer_all,192.0,geopotential@500hPa,upper_mesoscale,0.43431811266205095
aifs,mag_0.003_layer_all,216.0,geopotential@500hPa,upper_mesoscale,0.4649119686997187
aifs,mag_0.003_layer_all,240.0,geopotential@500hPa,upper_mesoscale,0.4861108951200079
aifs,mag_0.003_layer_all,0.0,geopotential@500hPa,lower_mesoscale,0.04998803632228811
aifs,mag_0.003_layer_all,24.0,geopotential@500hPa,lower_mesoscale,0.9044567082734317
aifs,mag_0.003_layer_all,48.0,geopotential@500hPa,lower_mesoscale,0.9838390232445902
aifs,mag_0.003_layer_all,72.0,geopotential@500hPa,lower_mesoscale,1.0430191102083137
aifs,mag_0.003_layer_all,96.0,geopotential@500hPa,lower_mesoscale,1.1021693390509306
aifs,mag_0.003_layer_all,120.0,geopotential@500hPa,lower_mesoscale,1.1455702337383613
aifs,mag_0.003_layer_all,144.0,geopotential@500hPa,lower_mesoscale,1.183056187397968
aifs,mag_0.003_layer_all,168.0,geopotential@500hPa,lower_mesoscale,1.1982130717622606
aifs,mag_0.003_layer_all,192.0,geopotential@500hPa,lower_mesoscale,1.2420231291018842
aifs,mag_0.003_layer_all,216.0,geopotential@500hPa,lower_mesoscale,1.2962922902957164
aifs,mag_0.003_layer_all,240.0,geopotential@500hPa,lower_mesoscale,1.3245942284816195
aifs,mag_0.01_layer_all,0.0,geopotential@500hPa,planetary,8.090367851433297e-08
aifs,mag_0.01_layer_all,24.0,geopotential@500hPa,planetary,0.0065029283878459436
aifs,mag_0.01_layer_all,48.0,geopotential@500hPa,planetary,0.009155745406817458
aifs,mag_0.01_layer_all,72.0,geopotential@500hPa,planetary,0.01452715543145999
aifs,mag_0.01_layer_all,96.0,geopotential@500hPa,planetary,0.029175763357837264
aifs,mag_0.01_layer_all,120.0,geopotential@500hPa,planetary,0.04397486244376442
aifs,mag_0.01_layer_all,144.0,geopotential@500hPa,planetary,0.054505483596687984
aifs,mag_0.01_layer_all,168.0,geopotential@500hPa,planetary,0.08457205792034833
aifs,mag_0.01_layer_all,192.0,geopotential@500hPa,planetary,0.0976136132774101
aifs,mag_0.01_layer_all,216.0,geopotential@500hPa,planetary,0.12850057471472418
aifs,mag_0.01_layer_all,240.0,geopotential@500hPa,planetary,0.10286857292913076
aifs,mag_0.01_layer_all,0.0,geopotential@500hPa,synoptic,2.6834259990677304e-06
aifs,mag_0.01_layer_all,24.0,geopotential@500hPa,synoptic,0.07024018374067988
aifs,mag_0.01_layer_all,48.0,geopotential@500hPa,synoptic,0.09848503464560611
aifs,mag_0.01_layer_all,72.0,geopotential@500hPa,synoptic,0.10108730838498864
aifs,mag_0.01_layer_all,96.0,geopotential@500hPa,synoptic,0.10940107131965914
aifs,mag_0.01_layer_all,120.0,geopotential@500hPa,synoptic,0.11482882089887697
aifs,mag_0.01_layer_all,144.0,geopotential@500hPa,synoptic,0.12682651935687866
aifs,mag_0.01_layer_all,168.0,geopotential@500hPa,synoptic,0.13526508268118154
aifs,mag_0.01_layer_all,192.0,geopotential@500hPa,synoptic,0.13776144952001176
aifs,mag_0.01_layer_all,216.0,geopotential@500hPa,synoptic,0.1573665311673367
aifs,mag_0.01_layer_all,240.0,geopotential@500hPa,synoptic,0.14499540504938702
aifs,mag_0.01_layer_all,0.0,geopotential@500hPa,upper_mesoscale,4.018101060460948e-05
aifs,mag_0.01_layer_all,24.0,geopotential@500hPa,upper_mesoscale,0.9449521350506079
aifs,mag_0.01_layer_all,48.0,geopotential@500hPa,upper_mesoscale,1.1289955793011117
aifs,mag_0.01_layer_all,72.0,geopotential@500hPa,upper_mesoscale,1.1938546334282965
aifs,mag_0.01_layer_all,96.0,geopotential@500hPa,upper_mesoscale,1.2224117780760786
aifs,mag_0.01_layer_all,120.0,geopotential@500hPa,upper_mesoscale,1.2493183956111187
aifs,mag_0.01_layer_all,144.0,geopotential@500hPa,upper_mesoscale,1.2359792463106778
aifs,mag_0.01_layer_all,168.0,geopotential@500hPa,upper_mesoscale,1.210587198226785
aifs,mag_0.01_layer_all,192.0,geopotential@500hPa,upper_mesoscale,1.2416897216696048
aifs,mag_0.01_layer_all,216.0,geopotential@500hPa,upper_mesoscale,1.2573180335752563
aifs,mag_0.01_layer_all,240.0,geopotential@500hPa,upper_mesoscale,1.2572583787121014
aifs,mag_0.01_layer_all,0.0,geopotential@500hPa,lower_mesoscale,0.04998803632228811
aifs,mag_0.01_layer_all,24.0,geopotential@500hPa,lower_mesoscale,1.2423914113885801
aifs,mag_0.01_layer_all,48.0,geopotential@500hPa,lower_mesoscale,1.430312888061613
aifs,mag_0.01_layer_all,72.0,geopotential@500hPa,lower_mesoscale,1.5062745004368927
aifs,mag_0.01_layer_all,96.0,geopotential@500hPa,lower_mesoscale,1.560547500306869
aifs,mag_0.01_layer_all,120.0,geopotential@500hPa,lower_mesoscale,1.5811896406804857
aifs,mag_0.01_layer_all,144.0,geopotential@500hPa,lower_mesoscale,1.597534311366476
aifs,mag_0.01_layer_all,168.0,geopotential@500hPa,lower_mesoscale,1.588513528818889
aifs,mag_0.01_layer_all,192.0,geopotential@500hPa,lower_mesoscale,1.6164612630532071
aifs,mag_0.01_layer_all,216.0,geopotential@500hPa,lower_mesoscale,1.658781619881595
aifs,mag_0.01_layer_all,240.0,geopotential@500hPa,lower_mesoscale,1.6696804891619663
aifs,mag_0.03_layer_all,0.0,geopotential@500hPa,planetary,8.090367851433297e-08
aifs,mag_0.03_layer_all,24.0,geopotential@500hPa,planetary,0.004396580270384214
aifs,mag_0.03_layer_all,48.0,geopotential@500hPa,planetary,0.014312818860439789
aifs,mag_0.03_layer_all,72.0,geopotential@500hPa,planetary,0.019282310303680605
aifs,mag_0.03_layer_all,96.0,geopotential@500hPa,planetary,0.02398067893383653
aifs,mag_0.03_layer_all,120.0,geopotential@500hPa,planetary,0.03302882195625924
aifs,mag_0.03_layer_all,144.0,geopotential@500hPa,planetary,0.0525638361030636
aifs,mag_0.03_layer_all,168.0,geopotential@500hPa,planetary,0.09840582994199924
aifs,mag_0.03_layer_all,192.0,geopotential@500hPa,planetary,0.09291980612060748
aifs,mag_0.03_layer_all,216.0,geopotential@500hPa,planetary,0.10863573621381868
aifs,mag_0.03_layer_all,240.0,geopotential@500hPa,planetary,0.09377473200508249
aifs,mag_0.03_layer_all,0.0,geopotential@500hPa,synoptic,2.6834259990677304e-06
aifs,mag_0.03_layer_all,24.0,geopotential@500hPa,synoptic,0.38236989893156503
aifs,mag_0.03_layer_all,48.0,geopotential@500hPa,synoptic,0.5103251596073834
aifs,mag_0.03_layer_all,72.0,geopotential@500hPa,synoptic,0.5325359421362141
aifs,mag_0.03_layer_all,96.0,geopotential@500hPa,synoptic,0.5374405728927795
aifs,mag_0.03_layer_all,120.0,geopotential@500hPa,synoptic,0.5589353022257296
aifs,mag_0.03_layer_all,144.0,geopotential@500hPa,synoptic,0.566380705515906
aifs,mag_0.03_layer_all,168.0,geopotential@500hPa,synoptic,0.5808896217440888
aifs,mag_0.03_layer_all,192.0,geopotential@500hPa,synoptic,0.596204459814477
aifs,mag_0.03_layer_all,216.0,geopotential@500hPa,synoptic,0.5753612985615826
aifs,mag_0.03_layer_all,240.0,geopotential@500hPa,synoptic,0.5635417346808049
aifs,mag_0.03_layer_all,0.0,geopotential@500hPa,upper_mesoscale,4.018101060460948e-05
aifs,mag_0.03_layer_all,24.0,geopotential@500hPa,upper_mesoscale,1.7406190919018512
aifs,mag_0.03_layer_all,48.0,geopotential@500hPa,upper_mesoscale,2.008089950886518
aifs,mag_0.03_layer_all,72.0,geopotential@500hPa,upper_mesoscale,2.108163873460196
aifs,mag_0.03_layer_all,96.0,geopotential@500hPa,upper_mesoscale,2.152869786828543
aifs,mag_0.03_layer_all,120.0,geopotential@500hPa,upper_mesoscale,2.1865269846350186
aifs,mag_0.03_layer_all,144.0,geopotential@500hPa,upper_mesoscale,2.17459317172072
aifs,mag_0.03_layer_all,168.0,geopotential@500hPa,upper_mesoscale,2.145481458913489
aifs,mag_0.03_layer_all,192.0,geopotential@500hPa,upper_mesoscale,2.1799319041405134
aifs,mag_0.03_layer_all,216.0,geopotential@500hPa,upper_mesoscale,2.1946502299045125
aifs,mag_0.03_layer_all,240.0,geopotential@500hPa,upper_mesoscale,2.194697969887622
aifs,mag_0.03_layer_all,0.0,geopotential@500hPa,lower_mesoscale,0.04998803632228811
aifs,mag_0.03_layer_all,24.0,geopotential@500hPa,lower_mesoscale,1.902096899604322
aifs,mag_0.03_layer_all,48.0,geopotential@500hPa,lower_mesoscale,2.21040163755853
aifs,mag_0.03_layer_all,72.0,geopotential@500hPa,lower_mesoscale,2.326562800879747
aifs,mag_0.03_layer_all,96.0,geopotential@500hPa,lower_mesoscale,2.3958755168739136
aifs,mag_0.03_layer_all,120.0,geopotential@500hPa,lower_mesoscale,2.4133350852523034
aifs,mag_0.03_layer_all,144.0,geopotential@500hPa,lower_mesoscale,2.4231615397235404
aifs,mag_0.03_layer_all,168.0,geopotential@500hPa,lower_mesoscale,2.3989773294072254
aifs,mag_0.03_layer_all,192.0,geopotential@500hPa,lower_mesoscale,2.4170905332101924
aifs,mag_0.03_layer_all,216.0,geopotential@500hPa,lower_mesoscale,2.454110511918948
aifs,mag_0.03_layer_all,240.0,geopotential@500hPa,lower_mesoscale,2.4567511486911204
aurora,mag_0_layer_all,0.0,geopotential@850hPa,planetary,2.1395349165168832e-07
aurora,mag_0_layer_all,24.0,geopotential@850hPa,planetary,0.011382000954599411
aurora,mag_0_layer_all,48.0,geopotential@850hPa,planetary,0.0171456748573351
aurora,mag_0_layer_all,72.0,geopotential@850hPa,planetary,0.02137224172422055
aurora,mag_0_layer_all,96.0,geopotential@850hPa,planetary,0.06071282631415481
aurora,mag_0_layer_all,120.0,geopotential@850hPa,planetary,0.05177198324809798
aurora,mag_0_layer_all,144.0,geopotential@850hPa,planetary,0.05070238345277926
aurora,mag_0_layer_all,168.0,geopotential@850hPa,planetary,0.05055593694458542
aurora,mag_0_layer_all,192.0,geopotential@850hPa,planetary,0.09649633617940669
aurora,mag_0_layer_all,216.0,geopotential@850hPa,planetary,0.18137701773179857
aurora,mag_0_layer_all,240.0,geopotential@850hPa,planetary,0.15396129956787458
aurora,mag_0_layer_all,0.0,geopotential@850hPa,synoptic,1.8669534856833601e-06
aurora,mag_0_layer_all,24.0,geopotential@850hPa,synoptic,0.03320969249916486
aurora,mag_0_layer_all,48.0,geopotential@850hPa,synoptic,0.03662913182406075
aurora,mag_0_layer_all,72.0,geopotential@850hPa,synoptic,0.04657158723202506
aurora,mag_0_layer_all,96.0,geopotential@850hPa,synoptic,0.062309716079387435
aurora,mag_0_layer_all,120.0,geopotential@850hPa,synoptic,0.06349059429064861
aurora,mag_0_layer_all,144.0,geopotential@850hPa,synoptic,0.056712431489511356
aurora,mag_0_layer_all,168.0,geopotential@850hPa,synoptic,0.09147175044378439
aurora,mag_0_layer_all,192.0,geopotential@850hPa,synoptic,0.09149488246361176
aurora,mag_0_layer_all,216.0,geopotential@850hPa,synoptic,0.07680216794125894
aurora,mag_0_layer_all,240.0,geopotential@850hPa,synoptic,0.09526073111768155
aurora,mag_0_layer_all,0.0,geopotential@850hPa,upper_mesoscale,1.0910548342045471e-05
aurora,mag_0_layer_all,24.0,geopotential@850hPa,upper_mesoscale,0.061135627338112376
aurora,mag_0_layer_all,48.0,geopotential@850hPa,upper_mesoscale,0.06702242148210229
aurora,mag_0_layer_all,72.0,geopotential@850hPa,upper_mesoscale,0.05825506481726377
aurora,mag_0_layer_all,96.0,geopotential@850hPa,upper_mesoscale,0.07202805056859166
aurora,mag_0_layer_all,120.0,geopotential@850hPa,upper_mesoscale,0.07566284955590556
aurora,mag_0_layer_all,144.0,geopotential@850hPa,upper_mesoscale,0.07595313888247977
aurora,mag_0_layer_all,168.0,geopotential@850hPa,upper_mesoscale,0.07534708893133023
aurora,mag_0_layer_all,192.0,geopotential@850hPa,upper_mesoscale,0.07558693742197894
aurora,mag_0_layer_all,216.0,geopotential@850hPa,upper_mesoscale,0.0767574634888673
aurora,mag_0_layer_all,240.0,geopotential@850hPa,upper_mesoscale,0.08320264568518351
aurora,mag_0_layer_all,0.0,geopotential@850hPa,lower_mesoscale,0.030422382947531017
aurora,mag_0_layer_all,24.0,geopotential@850hPa,lower_mesoscale,1.326561810267478
aurora,mag_0_layer_all,48.0,geopotential@850hPa,lower_mesoscale,1.3277175951622509
aurora,mag_0_layer_all,72.0,geopotential@850hPa,lower_mesoscale,1.3901085152566621
aurora,mag_0_layer_all,96.0,geopotential@850hPa,lower_mesoscale,1.4645998446376898
aurora,mag_0_layer_all,120.0,geopotential@850hPa,lower_mesoscale,1.4412298184625738
aurora,mag_0_layer_all,144.0,geopotential@850hPa,lower_mesoscale,1.428115305128738
aurora,mag_0_layer_all,168.0,geopotential@850hPa,lower_mesoscale,1.31979048798172
aurora,mag_0_layer_all,192.0,geopotential@850hPa,lower_mesoscale,1.4421822629727108
aurora,mag_0_layer_all,216.0,geopotential@850hPa,lower_mesoscale,1.3702614179781476
aurora,mag_0_layer_all,240.0,geopotential@850hPa,lower_mesoscale,1.2854106480295138
aurora,mag_0.001_layer_all,0.0,geopotential@850hPa,planetary,2.1395349143903032e-07
aurora,mag_0.001_layer_all,24.0,geopotential@850hPa,planetary,0.01118170162014478
aurora,mag_0.001_layer_all,48.0,geopotential@850hPa,planetary,0.016964116767992157
aurora,mag_0.001_layer_all,72.0,geopotential@850hPa,planetary,0.021082899832556224
aurora,mag_0.001_layer_all,96.0,geopotential@850hPa,planetary,0.060303590238590395
aurora,mag_0.001_layer_all,120.0,geopotential@850hPa,planetary,0.0510904301496045
aurora,mag_0.001_layer_all,144.0,geopotential@850hPa,planetary,0.050171202794304905
aurora,mag_0.001_layer_all,168.0,geopotential@850hPa,planetary,0.0507786788373341
aurora,mag_0.001_layer_all,192.0,geopotential@850hPa,planetary,0.09550434941814961
aurora,mag_0.001_layer_all,216.0,geopotential@850hPa,planetary,0.179488798913305
aurora,mag_0.001_layer_all,240.0,geopotential@850hPa,planetary,0.15067097318208095
aurora,mag_0.001_layer_all,0.0,geopotential@850hPa,synoptic,1.8669534856580474e-06
aurora,mag_0.001_layer_all,24.0,geopotential@850hPa,synoptic,0.033160042177197285
aurora,mag_0.001_layer_all,48.0,geopotential@850hPa,synoptic,0.036649418372285664
aurora,mag_0.001_layer_all,72.0,geopotential@850hPa,synoptic,0.04654840334525621
aurora,mag_0.001_layer_all,96.0,geopotential@850hPa,synoptic,0.062411317385968376
aurora,mag_0.001_layer_all,120.0,geopotential@850hPa,synoptic,0.06365624867721272
aurora,mag_0.001_layer_all,144.0,geopotential@850hPa,synoptic,0.05586425525565854
aurora,mag_0.001_layer_all,168.0,geopotential@850hPa,synoptic,0.09005381601331543
aurora,mag_0.001_layer_all,192.0,geopotential@850hPa,synoptic,0.08915928264701421
aurora,mag_0.001_layer_all,216.0,geopotential@850hPa,synoptic,0.0759042484301077
aurora,mag_0.001_layer_all,240.0,geopotential@850hPa,synoptic,0.09004579597871819
aurora,mag_0.001_layer_all,0.0,geopotential@850hPa,upper_mesoscale,1.0910548342051253e-05
aurora,mag_0.001_layer_all,24.0,geopotential@850hPa,upper_mesoscale,0.06131095843700617
aurora,mag_0.001_layer_all,48.0,geopotential@850hPa,upper_mesoscale,0.06733576674941343
aurora,mag_0.001_layer_all,72.0,geopotential@850hPa,upper_mesoscale,0.058358961570538395
aurora,mag_0.001_layer_all,96.0,geopotential@850hPa,upper_mesoscale,0.07191310526290616
aurora,mag_0.001_layer_all,120.0,geopotential@850hPa,upper_mesoscale,0.07624613933527973
aurora,mag_0.001_layer_all,144.0,geopotential@850hPa,upper_mesoscale,0.07604179229568778
aurora,mag_0.001_layer_all,168.0,geopotential@850hPa,upper_mesoscale,0.07425304250742884
aurora,mag_0.001_layer_all,192.0,geopotential@850hPa,upper_mesoscale,0.07477725878120833
aurora,mag_0.001_layer_all,216.0,geopotential@850hPa,upper_mesoscale,0.0762601102998358
aurora,mag_0.001_layer_all,240.0,geopotential@850hPa,upper_mesoscale,0.08072671275186964
aurora,mag_0.001_layer_all,0.0,geopotential@850hPa,lower_mesoscale,0.03042238294753101
aurora,mag_0.001_layer_all,24.0,geopotential@850hPa,lower_mesoscale,1.3268850048448593
aurora,mag_0.001_layer_all,48.0,geopotential@850hPa,lower_mesoscale,1.3281107783777188
aurora,mag_0.001_layer_all,72.0,geopotential@850hPa,lower_mesoscale,1.3904690992074251
aurora,mag_0.001_layer_all,96.0,geopotential@850hPa,lower_mesoscale,1.4650920022415128
aurora,mag_0.001_layer_all,120.0,geopotential@850hPa,lower_mesoscale,1.4417821021420145
aurora,mag_0.001_layer_all,144.0,geopotential@850hPa,lower_mesoscale,1.428714888886489
aurora,mag_0.001_layer_all,168.0,geopotential@850hPa,lower_mesoscale,1.3202300462996228
aurora,mag_0.001_layer_all,192.0,geopotential@850hPa,lower_mesoscale,1.4435482203155956
aurora,mag_0.001_layer_all,216.0,geopotential@850hPa,lower_mesoscale,1.3709554827802382
aurora,mag_0.001_layer_all,240.0,geopotential@850hPa,lower_mesoscale,1.2860640527833338
aurora,mag_0.003_layer_all,0.0,geopotential@850hPa,planetary,2.1395349143903032e-07
aurora,mag_0.003_layer_all,24.0,geopotential@850hPa,planetary,0.010937847212955144
aurora,mag_0.003_layer_all,48.0,geopotential@850hPa,planetary,0.016816827733682756
aurora,mag_0.003_layer_all,72.0,geopotential@850hPa,planetary,0.02083146346635447
aurora,mag_0.003_layer_all,96.0,geopotential@850hPa,planetary,0.05933092348454965
aurora,mag_0.003_layer_all,120.0,geopotential@850hPa,planetary,0.049525497516789654
aurora,mag_0.003_layer_all,144.0,geopotential@850hPa,planetary,0.04749040696195669
aurora,mag_0.003_layer_all,168.0,geopotential@850hPa,planetary,0.0528317619450727
aurora,mag_0.003_layer_all,192.0,geopotential@850hPa,planetary,0.08827675459630988
aurora,mag_0.003_layer_all,216.0,geopotential@850hPa,planetary,0.1714022000241905
aurora,mag_0.003_layer_all,240.0,geopotential@850hPa,planetary,0.1370173646316439
aurora,mag_0.003_layer_all,0.0,geopotential@850hPa,synoptic,1.8669534856580474e-06
aurora,mag_0.003_layer_all,24.0,geopotential@850hPa,synoptic,0.033002453064563016
aurora,mag_0.003_layer_all,48.0,geopotential@850hPa,synoptic,0.03670689034536903
aurora,mag_0.003_layer_all,72.0,geopotential@850hPa,synoptic,0.04645007705485713
aurora,mag_0.003_layer_all,96.0,geopotential@850hPa,synoptic,0.06253016879749676
aurora,mag_0.003_layer_all,120.0,geopotential@850hPa,synoptic,0.06276848107060165
aurora,mag_0.003_layer_all,144.0,geopotential@850hPa,synoptic,0.05212070110960902
aurora,mag_0.003_layer_all,168.0,geopotential@850hPa,synoptic,0.08758390771160933
aurora,mag_0.003_layer_all,192.0,geopotential@850hPa,synoptic,0.08322082294814148
aurora,mag_0.003_layer_all,216.0,geopotential@850hPa,synoptic,0.07002004743349871
aurora,mag_0.003_layer_all,240.0,geopotential@850hPa,synoptic,0.08113410253239121
aurora,mag_0.003_layer_all,0.0,geopotential@850hPa,upper_mesoscale,1.0910548342051253e-05
aurora,mag_0.003_layer_all,24.0,geopotential@850hPa,upper_mesoscale,0.061350740572524536
aurora,mag_0.003_layer_all,48.0,geopotential@850hPa,upper_mesoscale,0.06795955546098237
aurora,mag_0.003_layer_all,72.0,geopotential@850hPa,upper_mesoscale,0.059025547390285725
aurora,mag_0.003_layer_all,96.0,geopotential@850hPa,upper_mesoscale,0.07221913622357751
aurora,mag_0.003_layer_all,120.0,geopotential@850hPa,upper_mesoscale,0.07604458727139644
aurora,mag_0.003_layer_all,144.0,geopotential@850hPa,upper_mesoscale,0.07620886059496038
aurora,mag_0.003_layer_all,168.0,geopotential@850hPa,upper_mesoscale,0.07444406872677543
aurora,mag_0.003_layer_all,192.0,geopotential@850hPa,upper_mesoscale,0.07551756866090073
aurora,mag_0.003_layer_all,216.0,geopotential@850hPa,upper_mesoscale,0.07323997900742284
aurora,mag_0.003_layer_all,240.0,geopotential@850hPa,upper_mesoscale,0.07935378872868058
aurora,mag_0.003_layer_all,0.0,geopotential@850hPa,lower_mesoscale,0.03042238294753101
aurora,mag_0.003_layer_all,24.0,geopotential@850hPa,lower_mesoscale,1.3314579948825538
aurora,mag_0.003_layer_all,48.0,geopotential@850hPa,lower_mesoscale,1.3328853226776736
aurora,mag_0.003_layer_all,72.0,geopotential@850hPa,lower_mesoscale,1.3949515962073362
aurora,mag_0.003_layer_all,96.0,geopotential@850hPa,lower_mesoscale,1.4697759481981214
aurora,mag_0.003_layer_all,120.0,geopotential@850hPa,lower_mesoscale,1.4466774770006556
aurora,mag_0.003_layer_all,144.0,geopotential@850hPa,lower_mesoscale,1.4334372200050252
aurora,mag_0.003_layer_all,168.0,geopotential@850hPa,lower_mesoscale,1.325277704274871
aurora,mag_0.003_layer_all,192.0,geopotential@850hPa,lower_mesoscale,1.4485375271133827
aurora,mag_0.003_layer_all,216.0,geopotential@850hPa,lower_mesoscale,1.3764984272180025
aurora,mag_0.003_layer_all,240.0,geopotential@850hPa,lower_mesoscale,1.2902130135909826
aurora,mag_0.01_layer_all,0.0,geopotential@850hPa,planetary,2.1395349143903032e-07
aurora,mag_0.01_layer_all,24.0,geopotential@850hPa,planetary,0.010453883695305593
aurora,mag_0.01_layer_all,48.0,geopotential@850hPa,planetary,0.017044815974805692
aurora,mag_0.01_layer_all,72.0,geopotential@850hPa,planetary,0.021225626230482065
aurora,mag_0.01_layer_all,96.0,geopotential@850hPa,planetary,0.05447609746944992
aurora,mag_0.01_layer_all,120.0,geopotential@850hPa,planetary,0.04588394842653351
aurora,mag_0.01_layer_all,144.0,geopotential@850hPa,planetary,0.03760599193455777
aurora,mag_0.01_layer_all,168.0,geopotential@850hPa,planetary,0.05899252319412677
aurora,mag_0.01_layer_all,192.0,geopotential@850hPa,planetary,0.07159580440324877
aurora,mag_0.01_layer_all,216.0,geopotential@850hPa,planetary,0.1383593415049813
aurora,mag_0.01_layer_all,240.0,geopotential@850hPa,planetary,0.12946557880603546
aurora,mag_0.01_layer_all,0.0,geopotential@850hPa,synoptic,1.8669534856580474e-06
aurora,mag_0.01_layer_all,24.0,geopotential@850hPa,synoptic,0.032894678659802924
aurora,mag_0.01_layer_all,48.0,geopotential@850hPa,synoptic,0.03764659000057622
aurora,mag_0.01_layer_all,72.0,geopotential@850hPa,synoptic,0.04715977559489702
aurora,mag_0.01_layer_all,96.0,geopotential@850hPa,synoptic,0.061515876498884896
aurora,mag_0.01_layer_all,120.0,geopotential@850hPa,synoptic,0.06032577082386842
aurora,mag_0.01_layer_all,144.0,geopotential@850hPa,synoptic,0.04432519116091015
aurora,mag_0.01_layer_all,168.0,geopotential@850hPa,synoptic,0.08695240530937226
aurora,mag_0.01_layer_all,192.0,geopotential@850hPa,synoptic,0.07113352846411584
aurora,mag_0.01_layer_all,216.0,geopotential@850hPa,synoptic,0.08108292836876027
aurora,mag_0.01_layer_all,240.0,geopotential@850hPa,synoptic,0.08043354536996065
aurora,mag_0.01_layer_all,0.0,geopotential@850hPa,upper_mesoscale,1.0910548342051253e-05
aurora,mag_0.01_layer_all,24.0,geopotential@850hPa,upper_mesoscale,0.06224272810417088
aurora,mag_0.01_layer_all,48.0,geopotential@850hPa,upper_mesoscale,0.07174245095238656
aurora,mag_0.01_layer_all,72.0,geopotential@850hPa,upper_mesoscale,0.06227435870375054
aurora,mag_0.01_layer_all,96.0,geopotential@850hPa,upper_mesoscale,0.0745614374841224
aurora,mag_0.01_layer_all,120.0,geopotential@850hPa,upper_mesoscale,0.07547140944205896
aurora,mag_0.01_layer_all,144.0,geopotential@850hPa,upper_mesoscale,0.07301560060849542
aurora,mag_0.01_layer_all,168.0,geopotential@850hPa,upper_mesoscale,0.08071001455234318
aurora,mag_0.01_layer_all,192.0,geopotential@850hPa,upper_mesoscale,0.07438220594601522
aurora,mag_0.01_layer_all,216.0,geopotential@850hPa,upper_mesoscale,0.07182493278462201
aurora,mag_0.01_layer_all,240.0,geopotential@850hPa,upper_mesoscale,0.07877360651928451
aurora,mag_0.01_layer_all,0.0,geopotential@850hPa,lower_mesoscale,0.03042238294753101
aurora,mag_0.01_layer_all,24.0,geopotential@850hPa,lower_mesoscale,1.3624212883751916
aurora,mag_0.01_layer_all,48.0,geopotential@850hPa,lower_mesoscale,1.3648440835226074
aurora,mag_0.01_layer_all,72.0,geopotential@850hPa,lower_mesoscale,1.426046138680428
aurora,mag_0.01_layer_all,96.0,geopotential@850hPa,lower_mesoscale,1.5001393472890172
aurora,mag_0.01_layer_all,120.0,geopotential@850hPa,lower_mesoscale,1.4776895873290652
aurora,mag_0.01_layer_all,144.0,geopotential@850hPa,lower_mesoscale,1.4653704979221231
aurora,mag_0.01_layer_all,168.0,geopotential@850hPa,lower_mesoscale,1.3575835637926923
aurora,mag_0.01_layer_all,192.0,geopotential@850hPa,lower_mesoscale,1.4795152538007732
aurora,mag_0.01_layer_all,216.0,geopotential@850hPa,lower_mesoscale,1.408479148703534
aurora,mag_0.01_layer_all,240.0,geopotential@850hPa,lower_mesoscale,1.3206152320259466
aurora,mag_0.03_layer_all,0.0,geopotential@850hPa,planetary,2.1395349143903032e-07
aurora,mag_0.03_layer_all,24.0,geopotential@850hPa,planetary,0.011530835418999363
aurora,mag_0.03_layer_all,48.0,geopotential@850hPa,planetary,0.02286989104754941
aurora,mag_0.03_layer_all,72.0,geopotential@850hPa,planetary,0.030340760809019145
aurora,mag_0.03_layer_all,96.0,geopotential@850hPa,planetary,0.04797701335472628
aurora,mag_0.03_layer_all,120.0,geopotential@850hPa,planetary,0.0592245901824065
aurora,mag_0.03_layer_all,144.0,geopotential@850hPa,planetary,0.0481016012506817
aurora,mag_0.03_layer_all,168.0,geopotential@850hPa,planetary,0.06637226262967608
aurora,mag_0.03_layer_all,192.0,geopotential@850hPa,planetary,0.1143067844170545
aurora,mag_0.03_layer_all,216.0,geopotential@850hPa,planetary,0.15664542814698693
aurora,mag_0.03_layer_all,240.0,geopotential@850hPa,planetary,0.11717269316497554
aurora,mag_0.03_layer_all,0.0,geopotential@850hPa,synoptic,1.8669534856580474e-06
aurora,mag_0.03_layer_all,24.0,geopotential@850hPa,synoptic,0.035415283533044746
aurora,mag_0.03_layer_all,48.0,geopotential@850hPa,synoptic,0.044889101429390454
aurora,mag_0.03_layer_all,72.0,geopotential@850hPa,synoptic,0.05931257981825018
aurora,mag_0.03_layer_all,96.0,geopotential@850hPa,synoptic,0.06977482301291493
aurora,mag_0.03_layer_all,120.0,geopotential@850hPa,synoptic,0.07253853096883102
aurora,mag_0.03_layer_all,144.0,geopotential@850hPa,synoptic,0.05580617228573139
aurora,mag_0.03_layer_all,168.0,geopotential@850hPa,synoptic,0.09617165326536808
aurora,mag_0.03_layer_all,192.0,geopotential@850hPa,synoptic,0.09337786948077671
aurora,mag_0.03_layer_all,216.0,geopotential@850hPa,synoptic,0.10077637468775463
aurora,mag_0.03_layer_all,240.0,geopotential@850hPa,synoptic,0.07266034616938287
aurora,mag_0.03_layer_all,0.0,geopotential@850hPa,upper_mesoscale,1.0910548342051253e-05
aurora,mag_0.03_layer_all,24.0,geopotential@850hPa,upper_mesoscale,0.06724151145800779
aurora,mag_0.03_layer_all,48.0,geopotential@850hPa,upper_mesoscale,0.08517651756285394
aurora,mag_0.03_layer_all,72.0,geopotential@850hPa,upper_mesoscale,0.07067594479722594
aurora,mag_0.03_layer_all,96.0,geopotential@850hPa,upper_mesoscale,0.0779550240986406
aurora,mag_0.03_layer_all,120.0,geopotential@850hPa,upper_mesoscale,0.0787379046762645
aurora,mag_0.03_layer_all,144.0,geopotential@850hPa,upper_mesoscale,0.07153856081935228
aurora,mag_0.03_layer_all,168.0,geopotential@850hPa,upper_mesoscale,0.0798314150157327
aurora,mag_0.03_layer_all,192.0,geopotential@850hPa,upper_mesoscale,0.08507735220896766
aurora,mag_0.03_layer_all,216.0,geopotential@850hPa,upper_mesoscale,0.08331315526161728
aurora,mag_0.03_layer_all,240.0,geopotential@850hPa,upper_mesoscale,0.0801754880482014
aurora,mag_0.03_layer_all,0.0,geopotential@850hPa,lower_mesoscale,0.03042238294753101
aurora,mag_0.03_layer_all,24.0,geopotential@850hPa,lower_mesoscale,1.455853779986727
aurora,mag_0.03_layer_all,48.0,geopotential@850hPa,lower_mesoscale,1.4592433047899496
aurora,mag_0.03_layer_all,72.0,geopotential@850hPa,lower_mesoscale,1.5184312219025449
aurora,mag_0.03_layer_all,96.0,geopotential@850hPa,lower_mesoscale,1.5927987088715254
aurora,mag_0.03_layer_all,120.0,geopotential@850hPa,lower_mesoscale,1.5683010314987462
aurora,mag_0.03_layer_all,144.0,geopotential@850hPa,lower_mesoscale,1.5563900889539937
aurora,mag_0.03_layer_all,168.0,geopotential@850hPa,lower_mesoscale,1.4491797129947344
aurora,mag_0.03_layer_all,192.0,geopotential@850hPa,lower_mesoscale,1.5651652621322933
aurora,mag_0.03_layer_all,216.0,geopotential@850hPa,lower_mesoscale,1.4945618984057052
aurora,mag_0.03_layer_all,240.0,geopotential@850hPa,lower_mesoscale,1.4111731815086104
aurora,mag_0.1_layer_all,0.0,geopotential@850hPa,planetary,2.1395349143903032e-07
aurora,mag_0.1_layer_all,24.0,geopotential@850hPa,planetary,0.07264365361041214
aurora,mag_0.1_layer_all,48.0,geopotential@850hPa,planetary,0.13065460877247284
aurora,mag_0.1_layer_all,72.0,geopotential@850hPa,planetary,0.15140024080012002
aurora,mag_0.1_layer_all,96.0,geopotential@850hPa,planetary,0.17468072933623496
aurora,mag_0.1_layer_all,120.0,geopotential@850hPa,planetary,0.18200540419386912
aurora,mag_0.1_layer_all,144.0,geopotential@850hPa,planetary,0.18050337376859915
aurora,mag_0.1_layer_all,168.0,geopotential@850hPa,planetary,0.2152350763219141
aurora,mag_0.1_layer_all,192.0,geopotential@850hPa,planetary,0.2622345624328942
aurora,mag_0.1_layer_all,216.0,geopotential@850hPa,planetary,0.2794733908936072
aurora,mag_0.1_layer_all,240.0,geopotential@850hPa,planetary,0.23187665313880423
aurora,mag_0.1_layer_all,0.0,geopotential@850hPa,synoptic,1.8669534856580474e-06
aurora,mag_0.1_layer_all,24.0,geopotential@850hPa,synoptic,0.0767371685537019
aurora,mag_0.1_layer_all,48.0,geopotential@850hPa,synoptic,0.11308170832674505
aurora,mag_0.1_layer_all,72.0,geopotential@850hPa,synoptic,0.123028482004932
aurora,mag_0.1_layer_all,96.0,geopotential@850hPa,synoptic,0.14137426011620902
aurora,mag_0.1_layer_all,120.0,geopotential@850hPa,synoptic,0.1422397187913057
aurora,mag_0.1_layer_all,144.0,geopotential@850hPa,synoptic,0.12560059589034192
aurora,mag_0.1_layer_all,168.0,geopotential@850hPa,synoptic,0.13736481094179728
aurora,mag_0.1_layer_all,192.0,geopotential@850hPa,synoptic,0.12400015425617436
aurora,mag_0.1_layer_all,216.0,geopotential@850hPa,synoptic,0.14858608846779633
aurora,mag_0.1_layer_all,240.0,geopotential@850hPa,synoptic,0.1277156891942688
aurora,mag_0.1_layer_all,0.0,geopotential@850hPa,upper_mesoscale,1.0910548342051253e-05
aurora,mag_0.1_layer_all,24.0,geopotential@850hPa,upper_mesoscale,0.044611559190070114
aurora,mag_0.1_layer_all,48.0,geopotential@850hPa,upper_mesoscale,0.08777093422409231
aurora,mag_0.1_layer_all,72.0,geopotential@850hPa,upper_mesoscale,0.15403852837040485
aurora,mag_0.1_layer_all,96.0,geopotential@850hPa,upper_mesoscale,0.17231434316691213
aurora,mag_0.1_layer_all,120.0,geopotential@850hPa,upper_mesoscale,0.20084643303727842
aurora,mag_0.1_layer_all,144.0,geopotential@850hPa,upper_mesoscale,0.18429042130739237
aurora,mag_0.1_layer_all,168.0,geopotential@850hPa,upper_mesoscale,0.2005007349947432
aurora,mag_0.1_layer_all,192.0,geopotential@850hPa,upper_mesoscale,0.2253625698743299
aurora,mag_0.1_layer_all,216.0,geopotential@850hPa,upper_mesoscale,0.22878607543346366
aurora,mag_0.1_layer_all,240.0,geopotential@850hPa,upper_mesoscale,0.2154979488393313
aurora,mag_0.1_layer_all,0.0,geopotential@850hPa,lower_mesoscale,0.03042238294753101
aurora,mag_0.1_layer_all,24.0,geopotential@850hPa,lower_mesoscale,1.775414582045737
aurora,mag_0.1_layer_all,48.0,geopotential@850hPa,lower_mesoscale,1.8121341694251465
aurora,mag_0.1_layer_all,72.0,geopotential@850hPa,lower_mesoscale,1.8980877949047572
aurora,mag_0.1_layer_all,96.0,geopotential@850hPa,lower_mesoscale,1.9843655673187088
aurora,mag_0.1_layer_all,120.0,geopotential@850hPa,lower_mesoscale,1.9671382395053563
aurora,mag_0.1_layer_all,144.0,geopotential@850hPa,lower_mesoscale,1.9526501966612406
aurora,mag_0.1_layer_all,168.0,geopotential@850hPa,lower_mesoscale,1.857265109153004
aurora,mag_0.1_layer_all,192.0,geopotential@850hPa,lower_mesoscale,1.981757139778943
aurora,mag_0.1_layer_all,216.0,geopotential@850hPa,lower_mesoscale,1.9129483961130291
aurora,mag_0.1_layer_all,240.0,geopotential@850hPa,lower_mesoscale,1.8208552287435158
graphcast_operational,mag_0_layer_all,0.0,geopotential@850hPa,planetary,2.1395349165168832e-07
graphcast_operational,mag_0_layer_all,24.0,geopotential@850hPa,planetary,0.004428119713184568
graphcast_operational,mag_0_layer_all,48.0,geopotential@850hPa,planetary,0.011279020001722212
graphcast_operational,mag_0_layer_all,72.0,geopotential@850hPa,planetary,0.01135905707559131
graphcast_operational,mag_0_layer_all,96.0,geopotential@850hPa,planetary,0.0450472904445442
graphcast_operational,mag_0_layer_all,120.0,geopotential@850hPa,planetary,0.07380902146689458
graphcast_operational,mag_0_layer_all,144.0,geopotential@850hPa,planetary,0.09283051181231083
graphcast_operational,mag_0_layer_all,168.0,geopotential@850hPa,planetary,0.09335716820120013
graphcast_operational,mag_0_layer_all,192.0,geopotential@850hPa,planetary,0.11209176405585851
graphcast_operational,mag_0_layer_all,216.0,geopotential@850hPa,planetary,0.14718739605658968
graphcast_operational,mag_0_layer_all,240.0,geopotential@850hPa,planetary,0.20768155111124298
graphcast_operational,mag_0_layer_all,0.0,geopotential@850hPa,synoptic,1.8669534856833601e-06
graphcast_operational,mag_0_layer_all,24.0,geopotential@850hPa,synoptic,0.05656839052361943
graphcast_operational,mag_0_layer_all,48.0,geopotential@850hPa,synoptic,0.08454596054514912
graphcast_operational,mag_0_layer_all,72.0,geopotential@850hPa,synoptic,0.11458230977002809
graphcast_operational,mag_0_layer_all,96.0,geopotential@850hPa,synoptic,0.13774221588908303
graphcast_operational,mag_0_layer_all,120.0,geopotential@850hPa,synoptic,0.13778488564916486
graphcast_operational,mag_0_layer_all,144.0,geopotential@850hPa,synoptic,0.14330312256447827
graphcast_operational,mag_0_layer_all,168.0,geopotential@850hPa,synoptic,0.1376505897068517
graphcast_operational,mag_0_layer_all,192.0,geopotential@850hPa,synoptic,0.1238565305417588
graphcast_operational,mag_0_layer_all,216.0,geopotential@850hPa,synoptic,0.13161461725520654
graphcast_operational,mag_0_layer_all,240.0,geopotential@850hPa,synoptic,0.11033158124006748
graphcast_operational,mag_0_layer_all,0.0,geopotential@850hPa,upper_mesoscale,1.0910548342045471e-05
graphcast_operational,mag_0_layer_all,24.0,geopotential@850hPa,upper_mesoscale,0.048610113102926955
graphcast_operational,mag_0_layer_all,48.0,geopotential@850hPa,upper_mesoscale,0.08052712913416352
graphcast_operational,mag_0_layer_all,72.0,geopotential@850hPa,upper_mesoscale,0.08888732768215209
graphcast_operational,mag_0_layer_all,96.0,geopotential@850hPa,upper_mesoscale,0.09362086212447769
graphcast_operational,mag_0_layer_all,120.0,geopotential@850hPa,upper_mesoscale,0.08561218632248076
graphcast_operational,mag_0_layer_all,144.0,geopotential@850hPa,upper_mesoscale,0.08917842265050618
graphcast_operational,mag_0_layer_all,168.0,geopotential@850hPa,upper_mesoscale,0.07262515893026852
graphcast_operational,mag_0_layer_all,192.0,geopotential@850hPa,upper_mesoscale,0.040681416522115044
graphcast_operational,mag_0_layer_all,216.0,geopotential@850hPa,upper_mesoscale,0.053913455850515005
graphcast_operational,mag_0_layer_all,240.0,geopotential@850hPa,upper_mesoscale,0.04642673478099164
graphcast_operational,mag_0_layer_all,0.0,geopotential@850hPa,lower_mesoscale,0.030422382947531017
graphcast_operational,mag_0_layer_all,24.0,geopotential@850hPa,lower_mesoscale,1.2446675844407866
graphcast_operational,mag_0_layer_all,48.0,geopotential@850hPa,lower_mesoscale,1.280863426028475
graphcast_operational,mag_0_layer_all,72.0,geopotential@850hPa,lower_mesoscale,1.3603543839491006
graphcast_operational,mag_0_layer_all,96.0,geopotential@850hPa,lower_mesoscale,1.45128896207862
graphcast_operational,mag_0_layer_all,120.0,geopotential@850hPa,lower_mesoscale,1.4402316052479613
graphcast_operational,mag_0_layer_all,144.0,geopotential@850hPa,lower_mesoscale,1.4414444262831068
graphcast_operational,mag_0_layer_all,168.0,geopotential@850hPa,lower_mesoscale,1.3429189263308738
graphcast_operational,mag_0_layer_all,192.0,geopotential@850hPa,lower_mesoscale,1.483196976615256
graphcast_operational,mag_0_layer_all,216.0,geopotential@850hPa,lower_mesoscale,1.417993749376161
graphcast_operational,mag_0_layer_all,240.0,geopotential@850hPa,lower_mesoscale,1.3422583227266665
graphcast_operational,mag_0.001_layer_all,0.0,geopotential@850hPa,planetary,2.1395349143903032e-07
graphcast_operational,mag_0.001_layer_all,24.0,geopotential@850hPa,planetary,0.003021771977764285
graphcast_operational,mag_0.001_layer_all,48.0,geopotential@850hPa,planetary,0.010908838840692922
graphcast_operational,mag_0.001_layer_all,72.0,geopotential@850hPa,planetary,0.0086038399162243
graphcast_operational,mag_0.001_layer_all,96.0,geopotential@850hPa,planetary,0.04054267931089523
graphcast_operational,mag_0.001_layer_all,120.0,geopotential@850hPa,planetary,0.06967653213974168
graphcast_operational,mag_0.001_layer_all,144.0,geopotential@850hPa,planetary,0.09546043819487353
graphcast_operational,mag_0.001_layer_all,168.0,geopotential@850hPa,planetary,0.09215378887613063
graphcast_operational,mag_0.001_layer_all,192.0,geopotential@850hPa,planetary,0.09895917058679504
graphcast_operational,mag_0.001_layer_all,216.0,geopotential@850hPa,planetary,0.13420587383547478
graphcast_operational,mag_0.001_layer_all,240.0,geopotential@850hPa,planetary,0.1699894005686883
graphcast_operational,mag_0.001_layer_all,0.0,geopotential@850hPa,synoptic,1.8669534856580474e-06
graphcast_operational,mag_0.001_layer_all,24.0,geopotential@850hPa,synoptic,0.057399565260840224
graphcast_operational,mag_0.001_layer_all,48.0,geopotential@850hPa,synoptic,0.08421413350754708
graphcast_operational,mag_0.001_layer_all,72.0,geopotential@850hPa,synoptic,0.11378702037401253
graphcast_operational,mag_0.001_layer_all,96.0,geopotential@850hPa,synoptic,0.13367019551077908
graphcast_operational,mag_0.001_layer_all,120.0,geopotential@850hPa,synoptic,0.13256626089278448
graphcast_operational,mag_0.001_layer_all,144.0,geopotential@850hPa,synoptic,0.12992325209339703
graphcast_operational,mag_0.001_layer_all,168.0,geopotential@850hPa,synoptic,0.13787018259464692
graphcast_operational,mag_0.001_layer_all,192.0,geopotential@850hPa,synoptic,0.10948905987284822
graphcast_operational,mag_0.001_layer_all,216.0,geopotential@850hPa,synoptic,0.12371340500465557
graphcast_operational,mag_0.001_layer_all,240.0,geopotential@850hPa,synoptic,0.08648860550101158
graphcast_operational,mag_0.001_layer_all,0.0,geopotential@850hPa,upper_mesoscale,1.0910548342051253e-05
graphcast_operational,mag_0.001_layer_all,24.0,geopotential@850hPa,upper_mesoscale,0.04949275208783419
graphcast_operational,mag_0.001_layer_all,48.0,geopotential@850hPa,upper_mesoscale,0.08174894740360673
graphcast_operational,mag_0.001_layer_all,72.0,geopotential@850hPa,upper_mesoscale,0.08905466337607318
graphcast_operational,mag_0.001_layer_all,96.0,geopotential@850hPa,upper_mesoscale,0.090683168675303
graphcast_operational,mag_0.001_layer_all,120.0,geopotential@850hPa,upper_mesoscale,0.08182590177162331
graphcast_operational,mag_0.001_layer_all,144.0,geopotential@850hPa,upper_mesoscale,0.0874042182731878
graphcast_operational,mag_0.001_layer_all,168.0,geopotential@850hPa,upper_mesoscale,0.07017913215936193
graphcast_operational,mag_0.001_layer_all,192.0,geopotential@850hPa,upper_mesoscale,0.0397061576279961
graphcast_operational,mag_0.001_layer_all,216.0,geopotential@850hPa,upper_mesoscale,0.036464031604950646
graphcast_operational,mag_0.001_layer_all,240.0,geopotential@850hPa,upper_mesoscale,0.035371995577185227
graphcast_operational,mag_0.001_layer_all,0.0,geopotential@850hPa,lower_mesoscale,0.03042238294753101
graphcast_operational,mag_0.001_layer_all,24.0,geopotential@850hPa,lower_mesoscale,1.2452913123921767
graphcast_operational,mag_0.001_layer_all,48.0,geopotential@850hPa,lower_mesoscale,1.2808883358505205
graphcast_operational,mag_0.001_layer_all,72.0,geopotential@850hPa,lower_mesoscale,1.3610079037510754
graphcast_operational,mag_0.001_layer_all,96.0,geopotential@850hPa,lower_mesoscale,1.4520612124255352
graphcast_operational,mag_0.001_layer_all,120.0,geopotential@850hPa,lower_mesoscale,1.4413986488573785
graphcast_operational,mag_0.001_layer_all,144.0,geopotential@850hPa,lower_mesoscale,1.4427160695415586
graphcast_operational,mag_0.001_layer_all,168.0,geopotential@850hPa,lower_mesoscale,1.3440876253286154
graphcast_operational,mag_0.001_layer_all,192.0,geopotential@850hPa,lower_mesoscale,1.4854057754282197
graphcast_operational,mag_0.001_layer_all,216.0,geopotential@850hPa,lower_mesoscale,1.4224300595254251
graphcast_operational,mag_0.001_layer_all,240.0,geopotential@850hPa,lower_mesoscale,1.3443093724188095
graphcast_operational,mag_0.003_layer_all,0.0,geopotential@850hPa,planetary,2.1395349143903032e-07
graphcast_operational,mag_0.003_layer_all,24.0,geopotential@850hPa,planetary,0.002695826729173379
graphcast_operational,mag_0.003_layer_all,48.0,geopotential@850hPa,planetary,0.01065923697914839
graphcast_operational,mag_0.003_layer_all,72.0,geopotential@850hPa,planetary,0.007876346037416453
graphcast_operational,mag_0.003_layer_all,96.0,geopotential@850hPa,planetary,0.03833277641964521
graphcast_operational,mag_0.003_layer_all,120.0,geopotential@850hPa,planetary,0.07150752598543669
graphcast_operational,mag_0.003_layer_all,144.0,geopotential@850hPa,planetary,0.09756824875510284
graphcast_operational,mag_0.003_layer_all,168.0,geopotential@850hPa,planetary,0.0885667760665074
graphcast_operational,mag_0.003_layer_all,192.0,geopotential@850hPa,planetary,0.07743466447882698
graphcast_operational,mag_0.003_layer_all,216.0,geopotential@850hPa,planetary,0.11487230841242742
graphcast_operational,mag_0.003_layer_all,240.0,geopotential@850hPa,planetary,0.153038665386055
graphcast_operational,mag_0.003_layer_all,0.0,geopotential@850hPa,synoptic,1.8669534856580474e-06
graphcast_operational,mag_0.003_layer_all,24.0,geopotential@850hPa,synoptic,0.056856300471086876
graphcast_operational,mag_0.003_layer_all,48.0,geopotential@850hPa,synoptic,0.082525792278337
graphcast_operational,mag_0.003_layer_all,72.0,geopotential@850hPa,synoptic,0.11066312735779245
graphcast_operational,mag_0.003_layer_all,96.0,geopotential@850hPa,synoptic,0.13064208801686053
graphcast_operational,mag_0.003_layer_all,120.0,geopotential@850hPa,synoptic,0.13075919059423521
graphcast_operational,mag_0.003_layer_all,144.0,geopotential@850hPa,synoptic,0.122723320514356
graphcast_operational,mag_0.003_layer_all,168.0,geopotential@850hPa,synoptic,0.13032862777712775
graphcast_operational,mag_0.003_layer_all,192.0,geopotential@850hPa,synoptic,0.10801512758084383
graphcast_operational,mag_0.003_layer_all,216.0,geopotential@850hPa,synoptic,0.11285464758466371
graphcast_operational,mag_0.003_layer_all,240.0,geopotential@850hPa,synoptic,0.07925855360058474
graphcast_operational,mag_0.003_layer_all,0.0,geopotential@850hPa,upper_mesoscale,1.0910548342051253e-05
graphcast_operational,mag_0.003_layer_all,24.0,geopotential@850hPa,upper_mesoscale,0.04958278824363204
graphcast_operational,mag_0.003_layer_all,48.0,geopotential@850hPa,upper_mesoscale,0.08103327487727366
graphcast_operational,mag_0.003_layer_all,72.0,geopotential@850hPa,upper_mesoscale,0.0863120998679294
graphcast_operational,mag_0.003_layer_all,96.0,geopotential@850hPa,upper_mesoscale,0.08851324821369626
graphcast_operational,mag_0.003_layer_all,120.0,geopotential@850hPa,upper_mesoscale,0.07762132957894587
graphcast_operational,mag_0.003_layer_all,144.0,geopotential@850hPa,upper_mesoscale,0.08127463787891907
graphcast_operational,mag_0.003_layer_all,168.0,geopotential@850hPa,upper_mesoscale,0.06312343014853453
graphcast_operational,mag_0.003_layer_all,192.0,geopotential@850hPa,upper_mesoscale,0.0394411483953759
graphcast_operational,mag_0.003_layer_all,216.0,geopotential@850hPa,upper_mesoscale,0.031803962145420986
graphcast_operational,mag_0.003_layer_all,240.0,geopotential@850hPa,upper_mesoscale,0.03640707868765338
graphcast_operational,mag_0.003_layer_all,0.0,geopotential@850hPa,lower_mesoscale,0.03042238294753101
graphcast_operational,mag_0.003_layer_all,24.0,geopotential@850hPa,lower_mesoscale,1.2455843176534465
graphcast_operational,mag_0.003_layer_all,48.0,geopotential@850hPa,lower_mesoscale,1.2819574184923466
graphcast_operational,mag_0.003_layer_all,72.0,geopotential@850hPa,lower_mesoscale,1.3617762774379663
graphcast_operational,mag_0.003_layer_all,96.0,geopotential@850hPa,lower_mesoscale,1.4533056399667703
graphcast_operational,mag_0.003_layer_all,120.0,geopotential@850hPa,lower_mesoscale,1.4429344471898269
graphcast_operational,mag_0.003_layer_all,144.0,geopotential@850hPa,lower_mesoscale,1.4443057120961662
graphcast_operational,mag_0.003_layer_all,168.0,geopotential@850hPa,lower_mesoscale,1.3453596708879527
graphcast_operational,mag_0.003_layer_all,192.0,geopotential@850hPa,lower_mesoscale,1.4861878809292102
graphcast_operational,mag_0.003_layer_all,216.0,geopotential@850hPa,lower_mesoscale,1.4238386440077129
graphcast_operational,mag_0.003_layer_all,240.0,geopotential@850hPa,lower_mesoscale,1.3468152133592943
graphcast_operational,mag_0.01_layer_all,0.0,geopotential@850hPa,planetary,2.1395349143903032e-07
graphcast_operational,mag_0.01_layer_all,24.0,geopotential@850hPa,planetary,0.003920917506053669
graphcast_operational,mag_0.01_layer_all,48.0,geopotential@850hPa,planetary,0.013062174109876524
graphcast_operational,mag_0.01_layer_all,72.0,geopotential@850hPa,planetary,0.011837866258932074
graphcast_operational,mag_0.01_layer_all,96.0,geopotential@850hPa,planetary,0.035292687244304614
graphcast_operational,mag_0.01_layer_all,120.0,geopotential@850hPa,planetary,0.07573922262420428
graphcast_operational,mag_0.01_layer_all,144.0,geopotential@850hPa,planetary,0.09673607767040905
graphcast_operational,mag_0.01_layer_all,168.0,geopotential@850hPa,planetary,0.08036436214057328
graphcast_operational,mag_0.01_layer_all,192.0,geopotential@850hPa,planetary,0.07405681645668863
graphcast_operational,mag_0.01_layer_all,216.0,geopotential@850hPa,planetary,0.10808958848511158
graphcast_operational,mag_0.01_layer_all,240.0,geopotential@850hPa,planetary,0.10365069757201827
graphcast_operational,mag_0.01_layer_all,0.0,geopotential@850hPa,synoptic,1.8669534856580474e-06
graphcast_operational,mag_0.01_layer_all,24.0,geopotential@850hPa,synoptic,0.05598327339039065
graphcast_operational,mag_0.01_layer_all,48.0,geopotential@850hPa,synoptic,0.08043698767219688
graphcast_operational,mag_0.01_layer_all,72.0,geopotential@850hPa,synoptic,0.10244662873138845
graphcast_operational,mag_0.01_layer_all,96.0,geopotential@850hPa,synoptic,0.12365808656038103
graphcast_operational,mag_0.01_layer_all,120.0,geopotential@850hPa,synoptic,0.12880434865589133
graphcast_operational,mag_0.01_layer_all,144.0,geopotential@850hPa,synoptic,0.11046364083610571
graphcast_operational,mag_0.01_layer_all,168.0,geopotential@850hPa,synoptic,0.12054440509203439
graphcast_operational,mag_0.01_layer_all,192.0,geopotential@850hPa,synoptic,0.09525893557202601
graphcast_operational,mag_0.01_layer_all,216.0,geopotential@850hPa,synoptic,0.11230957438659996
graphcast_operational,mag_0.01_layer_all,240.0,geopotential@850hPa,synoptic,0.08972411194649471
graphcast_operational,mag_0.01_layer_all,0.0,geopotential@850hPa,upper_mesoscale,1.0910548342051253e-05
graphcast_operational,mag_0.01_layer_all,24.0,geopotential@850hPa,upper_mesoscale,0.05018640153052574
graphcast_operational,mag_0.01_layer_all,48.0,geopotential@850hPa,upper_mesoscale,0.07986425876622763
graphcast_operational,mag_0.01_layer_all,72.0,geopotential@850hPa,upper_mesoscale,0.08018489443074668
graphcast_operational,mag_0.01_layer_all,96.0,geopotential@850hPa,upper_mesoscale,0.08226965190459667
graphcast_operational,mag_0.01_layer_all,120.0,geopotential@850hPa,upper_mesoscale,0.07328607974202368
graphcast_operational,mag_0.01_layer_all,144.0,geopotential@850hPa,upper_mesoscale,0.06568388731909344
graphcast_operational,mag_0.01_layer_all,168.0,geopotential@850hPa,upper_mesoscale,0.0566451709055918
graphcast_operational,mag_0.01_layer_all,192.0,geopotential@850hPa,upper_mesoscale,0.0398283431454099
graphcast_operational,mag_0.01_layer_all,216.0,geopotential@850hPa,upper_mesoscale,0.03702794961839585
graphcast_operational,mag_0.01_layer_all,240.0,geopotential@850hPa,upper_mesoscale,0.03819261890962433
graphcast_operational,mag_0.01_layer_all,0.0,geopotential@850hPa,lower_mesoscale,0.03042238294753101
graphcast_operational,mag_0.01_layer_all,24.0,geopotential@850hPa,lower_mesoscale,1.2469046582801377
graphcast_operational,mag_0.01_layer_all,48.0,geopotential@850hPa,lower_mesoscale,1.2844921662689774
graphcast_operational,mag_0.01_layer_all,72.0,geopotential@850hPa,lower_mesoscale,1.3655954465364346
graphcast_operational,mag_0.01_layer_all,96.0,geopotential@850hPa,lower_mesoscale,1.4579171450637693
graphcast_operational,mag_0.01_layer_all,120.0,geopotential@850hPa,lower_mesoscale,1.447611061634578
graphcast_operational,mag_0.01_layer_all,144.0,geopotential@850hPa,lower_mesoscale,1.4504656161425578
graphcast_operational,mag_0.01_layer_all,168.0,geopotential@850hPa,lower_mesoscale,1.3526920638018114
graphcast_operational,mag_0.01_layer_all,192.0,geopotential@850hPa,lower_mesoscale,1.4923140636375367
graphcast_operational,mag_0.01_layer_all,216.0,geopotential@850hPa,lower_mesoscale,1.4316868334127264
graphcast_operational,mag_0.01_layer_all,240.0,geopotential@850hPa,lower_mesoscale,1.356357680599888
graphcast_operational,mag_0.03_layer_all,0.0,geopotential@850hPa,planetary,2.1395349143903032e-07
graphcast_operational,mag_0.03_layer_all,24.0,geopotential@850hPa,planetary,0.010598831023376876
graphcast_operational,mag_0.03_layer_all,48.0,geopotential@850hPa,planetary,0.028943467828494263
graphcast_operational,mag_0.03_layer_all,72.0,geopotential@850hPa,planetary,0.04285443201094427
graphcast_operational,mag_0.03_layer_all,96.0,geopotential@850hPa,planetary,0.05532728544084773
graphcast_operational,mag_0.03_layer_all,120.0,geopotential@850hPa,planetary,0.09183603167177415
graphcast_operational,mag_0.03_layer_all,144.0,geopotential@850hPa,planetary,0.12187446717413639
graphcast_operational,mag_0.03_layer_all,168.0,geopotential@850hPa,planetary,0.10442964286271554
graphcast_operational,mag_0.03_layer_all,192.0,geopotential@850hPa,planetary,0.09991209452632502
graphcast_operational,mag_0.03_layer_all,216.0,geopotential@850hPa,planetary,0.1422603761570581
graphcast_operational,mag_0.03_layer_all,240.0,geopotential@850hPa,planetary,0.14338304216413222
graphcast_operational,mag_0.03_layer_all,0.0,geopotential@850hPa,synoptic,1.8669534856580474e-06
graphcast_operational,mag_0.03_layer_all,24.0,geopotential@850hPa,synoptic,0.056604455490256264
graphcast_operational,mag_0.03_layer_all,48.0,geopotential@850hPa,synoptic,0.07697278285589429
graphcast_operational,mag_0.03_layer_all,72.0,geopotential@850hPa,synoptic,0.08399267056386615
graphcast_operational,mag_0.03_layer_all,96.0,geopotential@850hPa,synoptic,0.10033885122261875
graphcast_operational,mag_0.03_layer_all,120.0,geopotential@850hPa,synoptic,0.0958528706433091
graphcast_operational,mag_0.03_layer_all,144.0,geopotential@850hPa,synoptic,0.06909501874272327
graphcast_operational,mag_0.03_layer_all,168.0,geopotential@850hPa,synoptic,0.10392889821734916
graphcast_operational,mag_0.03_layer_all,192.0,geopotential@850hPa,synoptic,0.08483431864444899
graphcast_operational,mag_0.03_layer_all,216.0,geopotential@850hPa,synoptic,0.08723432432289414
graphcast_operational,mag_0.03_layer_all,240.0,geopotential@850hPa,synoptic,0.07204817996414886
graphcast_operational,mag_0.03_layer_all,0.0,geopotential@850hPa,upper_mesoscale,1.0910548342051253e-05
graphcast_operational,mag_0.03_layer_all,24.0,geopotential@850hPa,upper_mesoscale,0.05418053959694123
graphcast_operational,mag_0.03_layer_all,48.0,geopotential@850hPa,upper_mesoscale,0.07404640419807852
graphcast_operational,mag_0.03_layer_all,72.0,geopotential@850hPa,upper_mesoscale,0.06432249559611067
graphcast_operational,mag_0.03_layer_all,96.0,geopotential@850hPa,upper_mesoscale,0.05318707292179042
graphcast_operational,mag_0.03_layer_all,120.0,geopotential@850hPa,upper_mesoscale,0.05943957072280851
graphcast_operational,mag_0.03_layer_all,144.0,geopotential@850hPa,upper_mesoscale,0.0629275351424392
graphcast_operational,mag_0.03_layer_all,168.0,geopotential@850hPa,upper_mesoscale,0.0760072525482587
graphcast_operational,mag_0.03_layer_all,192.0,geopotential@850hPa,upper_mesoscale,0.08360835391759659
graphcast_operational,mag_0.03_layer_all,216.0,geopotential@850hPa,upper_mesoscale,0.0908435328427739
graphcast_operational,mag_0.03_layer_all,240.0,geopotential@850hPa,upper_mesoscale,0.10441781454036424
graphcast_operational,mag_0.03_layer_all,0.0,geopotential@850hPa,lower_mesoscale,0.03042238294753101
graphcast_operational,mag_0.03_layer_all,24.0,geopotential@850hPa,lower_mesoscale,1.2573421130048277
graphcast_operational,mag_0.03_layer_all,48.0,geopotential@850hPa,lower_mesoscale,1.3019522854208008
graphcast_operational,mag_0.03_layer_all,72.0,geopotential@850hPa,lower_mesoscale,1.38894836625174
graphcast_operational,mag_0.03_layer_all,96.0,geopotential@850hPa,lower_mesoscale,1.487850353289322
graphcast_operational,mag_0.03_layer_all,120.0,geopotential@850hPa,lower_mesoscale,1.4816108771944492
graphcast_operational,mag_0.03_layer_all,144.0,geopotential@850hPa,lower_mesoscale,1.489487581652372
graphcast_operational,mag_0.03_layer_all,168.0,geopotential@850hPa,lower_mesoscale,1.3919641473578521
graphcast_operational,mag_0.03_layer_all,192.0,geopotential@850hPa,lower_mesoscale,1.531174365259006
graphcast_operational,mag_0.03_layer_all,216.0,geopotential@850hPa,lower_mesoscale,1.4741655569912884
graphcast_operational,mag_0.03_layer_all,240.0,geopotential@850hPa,lower_mesoscale,1.3993120875025284
graphcast_operational,mag_0.1_layer_all,0.0,geopotential@850hPa,planetary,2.1395349143903032e-07
graphcast_operational,mag_0.1_layer_all,24.0,geopotential@850hPa,planetary,0.01344502271031855
graphcast_operational,mag_0.1_layer_all,48.0,geopotential@850hPa,planetary,0.0585005627045256
graphcast_operational,mag_0.1_layer_all,72.0,geopotential@850hPa,planetary,0.11211048519433141
graphcast_operational,mag_0.1_layer_all,96.0,geopotential@850hPa,planetary,0.12961692791430748
graphcast_operational,mag_0.1_layer_all,120.0,geopotential@850hPa,planetary,0.12428234824235496
graphcast_operational,mag_0.1_layer_all,144.0,geopotential@850hPa,planetary,0.12589112897346977
graphcast_operational,mag_0.1_layer_all,168.0,geopotential@850hPa,planetary,0.11237179186893845
graphcast_operational,mag_0.1_layer_all,192.0,geopotential@850hPa,planetary,0.11392551057281737
graphcast_operational,mag_0.1_layer_all,216.0,geopotential@850hPa,planetary,0.16701852163176908
graphcast_operational,mag_0.1_layer_all,240.0,geopotential@850hPa,planetary,0.17878978864897274
graphcast_operational,mag_0.1_layer_all,0.0,geopotential@850hPa,synoptic,1.8669534856580474e-06
graphcast_operational,mag_0.1_layer_all,24.0,geopotential@850hPa,synoptic,0.08462089097436631
graphcast_operational,mag_0.1_layer_all,48.0,geopotential@850hPa,synoptic,0.09752039076554428
graphcast_operational,mag_0.1_layer_all,72.0,geopotential@850hPa,synoptic,0.06611261219138802
graphcast_operational,mag_0.1_layer_all,96.0,geopotential@850hPa,synoptic,0.0821148049448223
graphcast_operational,mag_0.1_layer_all,120.0,geopotential@850hPa,synoptic,0.07221006025675016
graphcast_operational,mag_0.1_layer_all,144.0,geopotential@850hPa,synoptic,0.0701344504778032
graphcast_operational,mag_0.1_layer_all,168.0,geopotential@850hPa,synoptic,0.08299399608112347
graphcast_operational,mag_0.1_layer_all,192.0,geopotential@850hPa,synoptic,0.07459761096555428
graphcast_operational,mag_0.1_layer_all,216.0,geopotential@850hPa,synoptic,0.08913570278911413
graphcast_operational,mag_0.1_layer_all,240.0,geopotential@850hPa,synoptic,0.1156692746436803
graphcast_operational,mag_0.1_layer_all,0.0,geopotential@850hPa,upper_mesoscale,1.0910548342051253e-05
graphcast_operational,mag_0.1_layer_all,24.0,geopotential@850hPa,upper_mesoscale,0.10190920663701278
graphcast_operational,mag_0.1_layer_all,48.0,geopotential@850hPa,upper_mesoscale,0.16667319450166163
graphcast_operational,mag_0.1_layer_all,72.0,geopotential@850hPa,upper_mesoscale,0.2489453692679403
graphcast_operational,mag_0.1_layer_all,96.0,geopotential@850hPa,upper_mesoscale,0.3037352259333117
graphcast_operational,mag_0.1_layer_all,120.0,geopotential@850hPa,upper_mesoscale,0.35382451056940833
graphcast_operational,mag_0.1_layer_all,144.0,geopotential@850hPa,upper_mesoscale,0.3853280043155121
graphcast_operational,mag_0.1_layer_all,168.0,geopotential@850hPa,upper_mesoscale,0.40601733407161344
graphcast_operational,mag_0.1_layer_all,192.0,geopotential@850hPa,upper_mesoscale,0.43813946022663797
graphcast_operational,mag_0.1_layer_all,216.0,geopotential@850hPa,upper_mesoscale,0.4629630604355938
graphcast_operational,mag_0.1_layer_all,240.0,geopotential@850hPa,upper_mesoscale,0.4865681113163925
graphcast_operational,mag_0.1_layer_all,0.0,geopotential@850hPa,lower_mesoscale,0.03042238294753101
graphcast_operational,mag_0.1_layer_all,24.0,geopotential@850hPa,lower_mesoscale,1.3706397298996111
graphcast_operational,mag_0.1_layer_all,48.0,geopotential@850hPa,lower_mesoscale,1.4603051477237878
graphcast_operational,mag_0.1_layer_all,72.0,geopotential@850hPa,lower_mesoscale,1.5818464810077315
graphcast_operational,mag_0.1_layer_all,96.0,geopotential@850hPa,lower_mesoscale,1.706021889965985
graphcast_operational,mag_0.1_layer_all,120.0,geopotential@850hPa,lower_mesoscale,1.7221882709539102
graphcast_operational,mag_0.1_layer_all,144.0,geopotential@850hPa,lower_mesoscale,1.7421411430496156
graphcast_operational,mag_0.1_layer_all,168.0,geopotential@850hPa,lower_mesoscale,1.6590685154764082
graphcast_operational,mag_0.1_layer_all,192.0,geopotential@850hPa,lower_mesoscale,1.8050155979142533
graphcast_operational,mag_0.1_layer_all,216.0,geopotential@850hPa,lower_mesoscale,1.7662716173270505
graphcast_operational,mag_0.1_layer_all,240.0,geopotential@850hPa,lower_mesoscale,1.7042458549262334
sfno,mag_0_layer_all,0.0,geopotential@850hPa,planetary,2.1395349165168832e-07
sfno,mag_0_layer_all,24.0,geopotential@850hPa,planetary,0.016902586041318116
sfno,mag_0_layer_all,48.0,geopotential@850hPa,planetary,0.026418208547245674
sfno,mag_0_layer_all,72.0,geopotential@850hPa,planetary,0.030012020040432907
sfno,mag_0_layer_all,96.0,geopotential@850hPa,planetary,0.043211362132917736
sfno,mag_0_layer_all,120.0,geopotential@850hPa,planetary,0.1078743330725482
sfno,mag_0_layer_all,144.0,geopotential@850hPa,planetary,0.09007430472658254
sfno,mag_0_layer_all,168.0,geopotential@850hPa,planetary,0.11018230543014082
sfno,mag_0_layer_all,192.0,geopotential@850hPa,planetary,0.08358352477173936
sfno,mag_0_layer_all,216.0,geopotential@850hPa,planetary,0.12086656607356967
sfno,mag_0_layer_all,240.0,geopotential@850hPa,planetary,0.11887511077786306
sfno,mag_0_layer_all,0.0,geopotential@850hPa,synoptic,1.8669534856833601e-06
sfno,mag_0_layer_all,24.0,geopotential@850hPa,synoptic,0.05760970977157281
sfno,mag_0_layer_all,48.0,geopotential@850hPa,synoptic,0.0731669794260719
sfno,mag_0_layer_all,72.0,geopotential@850hPa,synoptic,0.06085108978947076
sfno,mag_0_layer_all,96.0,geopotential@850hPa,synoptic,0.08648740243841085
sfno,mag_0_layer_all,120.0,geopotential@850hPa,synoptic,0.09522291314134244
sfno,mag_0_layer_all,144.0,geopotential@850hPa,synoptic,0.09723034755062228
sfno,mag_0_layer_all,168.0,geopotential@850hPa,synoptic,0.13294759663777972
sfno,mag_0_layer_all,192.0,geopotential@850hPa,synoptic,0.10712653704501598
sfno,mag_0_layer_all,216.0,geopotential@850hPa,synoptic,0.13423527992259604
sfno,mag_0_layer_all,240.0,geopotential@850hPa,synoptic,0.10533049156410931
sfno,mag_0_layer_all,0.0,geopotential@850hPa,upper_mesoscale,1.0910548342045471e-05
sfno,mag_0_layer_all,24.0,geopotential@850hPa,upper_mesoscale,0.07153702984933295
sfno,mag_0_layer_all,48.0,geopotential@850hPa,upper_mesoscale,0.07413932769171899
sfno,mag_0_layer_all,72.0,geopotential@850hPa,upper_mesoscale,0.04943579535639734
sfno,mag_0_layer_all,96.0,geopotential@850hPa,upper_mesoscale,0.04528003472285496
sfno,mag_0_layer_all,120.0,geopotential@850hPa,upper_mesoscale,0.052559812460853395
sfno,mag_0_layer_all,144.0,geopotential@850hPa,upper_mesoscale,0.048674466066899826
sfno,mag_0_layer_all,168.0,geopotential@850hPa,upper_mesoscale,0.04963951446633875
sfno,mag_0_layer_all,192.0,geopotential@850hPa,upper_mesoscale,0.04378865080247902
sfno,mag_0_layer_all,216.0,geopotential@850hPa,upper_mesoscale,0.04540148244254951
sfno,mag_0_layer_all,240.0,geopotential@850hPa,upper_mesoscale,0.04774313505630183
sfno,mag_0_layer_all,0.0,geopotential@850hPa,lower_mesoscale,0.030422382947531017
sfno,mag_0_layer_all,24.0,geopotential@850hPa,lower_mesoscale,0.9779739474016663
sfno,mag_0_layer_all,48.0,geopotential@850hPa,lower_mesoscale,1.0275512077326865
sfno,mag_0_layer_all,72.0,geopotential@850hPa,lower_mesoscale,1.1088027529242859
sfno,mag_0_layer_all,96.0,geopotential@850hPa,lower_mesoscale,1.1883807008181577
sfno,mag_0_layer_all,120.0,geopotential@850hPa,lower_mesoscale,1.171315385325782
sfno,mag_0_layer_all,144.0,geopotential@850hPa,lower_mesoscale,1.1589754556722194
sfno,mag_0_layer_all,168.0,geopotential@850hPa,lower_mesoscale,1.0461115991203456
sfno,mag_0_layer_all,192.0,geopotential@850hPa,lower_mesoscale,1.1703721111150909
sfno,mag_0_layer_all,216.0,geopotential@850hPa,lower_mesoscale,1.1082429929468651
sfno,mag_0_layer_all,240.0,geopotential@850hPa,lower_mesoscale,1.0360806657569919
sfno,mag_0.001_layer_all,0.0,geopotential@850hPa,planetary,2.1395349143903032e-07
sfno,mag_0.001_layer_all,24.0,geopotential@850hPa,planetary,0.017127718644754764
sfno,mag_0.001_layer_all,48.0,geopotential@850hPa,planetary,0.026482120835479028
sfno,mag_0.001_layer_all,72.0,geopotential@850hPa,planetary,0.030289330077159046
sfno,mag_0.001_layer_all,96.0,geopotential@850hPa,planetary,0.04332918385754373
sfno,mag_0.001_layer_all,120.0,geopotential@850hPa,planetary,0.10774152676429274
sfno,mag_0.001_layer_all,144.0,geopotential@850hPa,planetary,0.09047006643923781
sfno,mag_0.001_layer_all,168.0,geopotential@850hPa,planetary,0.11136565300295109
sfno,mag_0.001_layer_all,192.0,geopotential@850hPa,planetary,0.08366675646830274
sfno,mag_0.001_layer_all,216.0,geopotential@850hPa,planetary,0.11602217789474582
sfno,mag_0.001_layer_all,240.0,geopotential@850hPa,planetary,0.1103645668666301
sfno,mag_0.001_layer_all,0.0,geopotential@850hPa,synoptic,1.8669534856580474e-06
sfno,mag_0.001_layer_all,24.0,geopotential@850hPa,synoptic,0.05754874698253664
sfno,mag_0.001_layer_all,48.0,geopotential@850hPa,synoptic,0.07288496837971391
sfno,mag_0.001_layer_all,72.0,geopotential@850hPa,synoptic,0.06060947766104138
sfno,mag_0.001_layer_all,96.0,geopotential@850hPa,synoptic,0.085868781763392
sfno,mag_0.001_layer_all,120.0,geopotential@850hPa,synoptic,0.09477073181665253
sfno,mag_0.001_layer_all,144.0,geopotential@850hPa,synoptic,0.09674667719871438
sfno,mag_0.001_layer_all,168.0,geopotential@850hPa,synoptic,0.13195021597292875
sfno,mag_0.001_layer_all,192.0,geopotential@850hPa,synoptic,0.1062630516001324
sfno,mag_0.001_layer_all,216.0,geopotential@850hPa,synoptic,0.1327294000930123
sfno,mag_0.001_layer_all,240.0,geopotential@850hPa,synoptic,0.10189182552545815
sfno,mag_0.001_layer_all,0.0,geopotential@850hPa,upper_mesoscale,1.0910548342051253e-05
sfno,mag_0.001_layer_all,24.0,geopotential@850hPa,upper_mesoscale,0.07165264886033906
sfno,mag_0.001_layer_all,48.0,geopotential@850hPa,upper_mesoscale,0.07401844639363941
sfno,mag_0.001_layer_all,72.0,geopotential@850hPa,upper_mesoscale,0.04927966870423907
sfno,mag_0.001_layer_all,96.0,geopotential@850hPa,upper_mesoscale,0.04518657706778678
sfno,mag_0.001_layer_all,120.0,geopotential@850hPa,upper_mesoscale,0.05228748567162909
sfno,mag_0.001_layer_all,144.0,geopotential@850hPa,upper_mesoscale,0.0484668241560905
sfno,mag_0.001_layer_all,168.0,geopotential@850hPa,upper_mesoscale,0.05009514045705121
sfno,mag_0.001_layer_all,192.0,geopotential@850hPa,upper_mesoscale,0.04313233458897539
sfno,mag_0.001_layer_all,216.0,geopotential@850hPa,upper_mesoscale,0.04349061963823952
sfno,mag_0.001_layer_all,240.0,geopotential@850hPa,upper_mesoscale,0.04400479901488511
sfno,mag_0.001_layer_all,0.0,geopotential@850hPa,lower_mesoscale,0.03042238294753101
sfno,mag_0.001_layer_all,24.0,geopotential@850hPa,lower_mesoscale,0.9777385061293065
sfno,mag_0.001_layer_all,48.0,geopotential@850hPa,lower_mesoscale,1.0275881263599294
sfno,mag_0.001_layer_all,72.0,geopotential@850hPa,lower_mesoscale,1.1085709308725715
sfno,mag_0.001_layer_all,96.0,geopotential@850hPa,lower_mesoscale,1.1883379281758453
sfno,mag_0.001_layer_all,120.0,geopotential@850hPa,lower_mesoscale,1.1712498466289212
sfno,mag_0.001_layer_all,144.0,geopotential@850hPa,lower_mesoscale,1.1588483986194849
sfno,mag_0.001_layer_all,168.0,geopotential@850hPa,lower_mesoscale,1.0465025158900807
sfno,mag_0.001_layer_all,192.0,geopotential@850hPa,lower_mesoscale,1.1706097460640543
sfno,mag_0.001_layer_all,216.0,geopotential@850hPa,lower_mesoscale,1.10946088502641
sfno,mag_0.001_layer_all,240.0,geopotential@850hPa,lower_mesoscale,1.0372599297966845
sfno,mag_0.003_layer_all,0.0,geopotential@850hPa,planetary,2.1395349143903032e-07
sfno,mag_0.003_layer_all,24.0,geopotential@850hPa,planetary,0.017358660992578653
sfno,mag_0.003_layer_all,48.0,geopotential@850hPa,planetary,0.026402275580418293
sfno,mag_0.003_layer_all,72.0,geopotential@850hPa,planetary,0.030380799562139828
sfno,mag_0.003_layer_all,96.0,geopotential@850hPa,planetary,0.04258875805005557
sfno,mag_0.003_layer_all,120.0,geopotential@850hPa,planetary,0.10699428176776
sfno,mag_0.003_layer_all,144.0,geopotential@850hPa,planetary,0.08996106040664206
sfno,mag_0.003_layer_all,168.0,geopotential@850hPa,planetary,0.11187113470345608
sfno,mag_0.003_layer_all,192.0,geopotential@850hPa,planetary,0.07931670785004075
sfno,mag_0.003_layer_all,216.0,geopotential@850hPa,planetary,0.10571166713174772
sfno,mag_0.003_layer_all,240.0,geopotential@850hPa,planetary,0.09866712173056089
sfno,mag_0.003_layer_all,0.0,geopotential@850hPa,synoptic,1.8669534856580474e-06
sfno,mag_0.003_layer_all,24.0,geopotential@850hPa,synoptic,0.05737993992783085
sfno,mag_0.003_layer_all,48.0,geopotential@850hPa,synoptic,0.07232650546126158
sfno,mag_0.003_layer_all,72.0,geopotential@850hPa,synoptic,0.06006185126839283
sfno,mag_0.003_layer_all,96.0,geopotential@850hPa,synoptic,0.08467938384437042
sfno,mag_0.003_layer_all,120.0,geopotential@850hPa,synoptic,0.09391054499439241
sfno,mag_0.003_layer_all,144.0,geopotential@850hPa,synoptic,0.094386200489994
sfno,mag_0.003_layer_all,168.0,geopotential@850hPa,synoptic,0.12734028525313928
sfno,mag_0.003_layer_all,192.0,geopotential@850hPa,synoptic,0.10165137988076384
sfno,mag_0.003_layer_all,216.0,geopotential@850hPa,synoptic,0.11779119478035548
sfno,mag_0.003_layer_all,240.0,geopotential@850hPa,synoptic,0.08957637034539048
sfno,mag_0.003_layer_all,0.0,geopotential@850hPa,upper_mesoscale,1.0910548342051253e-05
sfno,mag_0.003_layer_all,24.0,geopotential@850hPa,upper_mesoscale,0.07180369964665831
sfno,mag_0.003_layer_all,48.0,geopotential@850hPa,upper_mesoscale,0.07400288985621116
sfno,mag_0.003_layer_all,72.0,geopotential@850hPa,upper_mesoscale,0.048936888884702934
sfno,mag_0.003_layer_all,96.0,geopotential@850hPa,upper_mesoscale,0.044858304519632984
sfno,mag_0.003_layer_all,120.0,geopotential@850hPa,upper_mesoscale,0.05181802262083146
sfno,mag_0.003_layer_all,144.0,geopotential@850hPa,upper_mesoscale,0.04869973483355203
sfno,mag_0.003_layer_all,168.0,geopotential@850hPa,upper_mesoscale,0.0516308700092387
sfno,mag_0.003_layer_all,192.0,geopotential@850hPa,upper_mesoscale,0.041351284340188296
sfno,mag_0.003_layer_all,216.0,geopotential@850hPa,upper_mesoscale,0.039626844296078
sfno,mag_0.003_layer_all,240.0,geopotential@850hPa,upper_mesoscale,0.044439624018744586
sfno,mag_0.003_layer_all,0.0,geopotential@850hPa,lower_mesoscale,0.03042238294753101
sfno,mag_0.003_layer_all,24.0,geopotential@850hPa,lower_mesoscale,0.977684100117048
sfno,mag_0.003_layer_all,48.0,geopotential@850hPa,lower_mesoscale,1.0276339127688576
sfno,mag_0.003_layer_all,72.0,geopotential@850hPa,lower_mesoscale,1.1090191359204895
sfno,mag_0.003_layer_all,96.0,geopotential@850hPa,lower_mesoscale,1.1889630009684045
sfno,mag_0.003_layer_all,120.0,geopotential@850hPa,lower_mesoscale,1.1720532019629868
sfno,mag_0.003_layer_all,144.0,geopotential@850hPa,lower_mesoscale,1.1600344497221282
sfno,mag_0.003_layer_all,168.0,geopotential@850hPa,lower_mesoscale,1.0487265129001808
sfno,mag_0.003_layer_all,192.0,geopotential@850hPa,lower_mesoscale,1.17222768766614
sfno,mag_0.003_layer_all,216.0,geopotential@850hPa,lower_mesoscale,1.1118984596476802
sfno,mag_0.003_layer_all,240.0,geopotential@850hPa,lower_mesoscale,1.039460062034114
sfno,mag_0.01_layer_all,0.0,geopotential@850hPa,planetary,2.1395349143903032e-07
sfno,mag_0.01_layer_all,24.0,geopotential@850hPa,planetary,0.01837203319982354
sfno,mag_0.01_layer_all,48.0,geopotential@850hPa,planetary,0.026605415987921866
sfno,mag_0.01_layer_all,72.0,geopotential@850hPa,planetary,0.031199430131334513
sfno,mag_0.01_layer_all,96.0,geopotential@850hPa,planetary,0.040416642995411235
sfno,mag_0.01_layer_all,120.0,geopotential@850hPa,planetary,0.09811735924960212
sfno,mag_0.01_layer_all,144.0,geopotential@850hPa,planetary,0.08214979278710326
sfno,mag_0.01_layer_all,168.0,geopotential@850hPa,planetary,0.09899135536013631
sfno,mag_0.01_layer_all,192.0,geopotential@850hPa,planetary,0.0801007465255421
sfno,mag_0.01_layer_all,216.0,geopotential@850hPa,planetary,0.108920989573803
sfno,mag_0.01_layer_all,240.0,geopotential@850hPa,planetary,0.12193656671166352
sfno,mag_0.01_layer_all,0.0,geopotential@850hPa,synoptic,1.8669534856580474e-06
sfno,mag_0.01_layer_all,24.0,geopotential@850hPa,synoptic,0.057004319249064225
sfno,mag_0.01_layer_all,48.0,geopotential@850hPa,synoptic,0.07076076029572581
sfno,mag_0.01_layer_all,72.0,geopotential@850hPa,synoptic,0.05903429328518328
sfno,mag_0.01_layer_all,96.0,geopotential@850hPa,synoptic,0.08044476703243429
sfno,mag_0.01_layer_all,120.0,geopotential@850hPa,synoptic,0.08796442868184601
sfno,mag_0.01_layer_all,144.0,geopotential@850hPa,synoptic,0.08509413271397304
sfno,mag_0.01_layer_all,168.0,geopotential@850hPa,synoptic,0.10740893560405057
sfno,mag_0.01_layer_all,192.0,geopotential@850hPa,synoptic,0.08690978893814046
sfno,mag_0.01_layer_all,216.0,geopotential@850hPa,synoptic,0.09364781052326997
sfno,mag_0.01_layer_all,240.0,geopotential@850hPa,synoptic,0.07200738266248397
sfno,mag_0.01_layer_all,0.0,geopotential@850hPa,upper_mesoscale,1.0910548342051253e-05
sfno,mag_0.01_layer_all,24.0,geopotential@850hPa,upper_mesoscale,0.0724361313457611
sfno,mag_0.01_layer_all,48.0,geopotential@850hPa,upper_mesoscale,0.07365480191463884
sfno,mag_0.01_layer_all,72.0,geopotential@850hPa,upper_mesoscale,0.047941426724049795
sfno,mag_0.01_layer_all,96.0,geopotential@850hPa,upper_mesoscale,0.04360236252553677
sfno,mag_0.01_layer_all,120.0,geopotential@850hPa,upper_mesoscale,0.04960516634453874
sfno,mag_0.01_layer_all,144.0,geopotential@850hPa,upper_mesoscale,0.04646126677785519
sfno,mag_0.01_layer_all,168.0,geopotential@850hPa,upper_mesoscale,0.05150566162300945
sfno,mag_0.01_layer_all,192.0,geopotential@850hPa,upper_mesoscale,0.03645843871417597
sfno,mag_0.01_layer_all,216.0,geopotential@850hPa,upper_mesoscale,0.03420877541132177
sfno,mag_0.01_layer_all,240.0,geopotential@850hPa,upper_mesoscale,0.04354211957813729
sfno,mag_0.01_layer_all,0.0,geopotential@850hPa,lower_mesoscale,0.03042238294753101
sfno,mag_0.01_layer_all,24.0,geopotential@850hPa,lower_mesoscale,0.9776752896104874
sfno,mag_0.01_layer_all,48.0,geopotential@850hPa,lower_mesoscale,1.0288465778383251
sfno,mag_0.01_layer_all,72.0,geopotential@850hPa,lower_mesoscale,1.1127736820884713
sfno,mag_0.01_layer_all,96.0,geopotential@850hPa,lower_mesoscale,1.196282980293269
sfno,mag_0.01_layer_all,120.0,geopotential@850hPa,lower_mesoscale,1.1808976180853084
sfno,mag_0.01_layer_all,144.0,geopotential@850hPa,lower_mesoscale,1.1724206485893023
sfno,mag_0.01_layer_all,168.0,geopotential@850hPa,lower_mesoscale,1.06433546261871
sfno,mag_0.01_layer_all,192.0,geopotential@850hPa,lower_mesoscale,1.1867719640204635
sfno,mag_0.01_layer_all,216.0,geopotential@850hPa,lower_mesoscale,1.127705788895586
sfno,mag_0.01_layer_all,240.0,geopotential@850hPa,lower_mesoscale,1.0523777745090592
sfno,mag_0.03_layer_all,0.0,geopotential@850hPa,planetary,2.1395349143903032e-07
sfno,mag_0.03_layer_all,24.0,geopotential@850hPa,planetary,0.022334995843383144
sfno,mag_0.03_layer_all,48.0,geopotential@850hPa,planetary,0.02954529138259774
sfno,mag_0.03_layer_all,72.0,geopotential@850hPa,planetary,0.03422051567952788
sfno,mag_0.03_layer_all,96.0,geopotential@850hPa,planetary,0.03466369000374527
sfno,mag_0.03_layer_all,120.0,geopotential@850hPa,planetary,0.07761788919331751
sfno,mag_0.03_layer_all,144.0,geopotential@850hPa,planetary,0.06883730946018682
sfno,mag_0.03_layer_all,168.0,geopotential@850hPa,planetary,0.080365663540436
sfno,mag_0.03_layer_all,192.0,geopotential@850hPa,planetary,0.10982615169777273
sfno,mag_0.03_layer_all,216.0,geopotential@850hPa,planetary,0.12709133447067325
sfno,mag_0.03_layer_all,240.0,geopotential@850hPa,planetary,0.14037820053081687
sfno,mag_0.03_layer_all,0.0,geopotential@850hPa,synoptic,1.8669534856580474e-06
sfno,mag_0.03_layer_all,24.0,geopotential@850hPa,synoptic,0.0574469632099498
sfno,mag_0.03_layer_all,48.0,geopotential@850hPa,synoptic,0.0720250287253766
sfno,mag_0.03_layer_all,72.0,geopotential@850hPa,synoptic,0.05868078199940952
sfno,mag_0.03_layer_all,96.0,geopotential@850hPa,synoptic,0.0800199210519481
sfno,mag_0.03_layer_all,120.0,geopotential@850hPa,synoptic,0.08513315729798117
sfno,mag_0.03_layer_all,144.0,geopotential@850hPa,synoptic,0.06894379433441221
sfno,mag_0.03_layer_all,168.0,geopotential@850hPa,synoptic,0.09861424803531706
sfno,mag_0.03_layer_all,192.0,geopotential@850hPa,synoptic,0.07313425889152539
sfno,mag_0.03_layer_all,216.0,geopotential@850hPa,synoptic,0.07527504509688389
sfno,mag_0.03_layer_all,240.0,geopotential@850hPa,synoptic,0.07211434081607417
sfno,mag_0.03_layer_all,0.0,geopotential@850hPa,upper_mesoscale,1.0910548342051253e-05
sfno,mag_0.03_layer_all,24.0,geopotential@850hPa,upper_mesoscale,0.07660852863468262
sfno,mag_0.03_layer_all,48.0,geopotential@850hPa,upper_mesoscale,0.07545990425279393
sfno,mag_0.03_layer_all,72.0,geopotential@850hPa,upper_mesoscale,0.045846781892718104
sfno,mag_0.03_layer_all,96.0,geopotential@850hPa,upper_mesoscale,0.03500953507095378
sfno,mag_0.03_layer_all,120.0,geopotential@850hPa,upper_mesoscale,0.04705908809470186
sfno,mag_0.03_layer_all,144.0,geopotential@850hPa,upper_mesoscale,0.042144827136319264
sfno,mag_0.03_layer_all,168.0,geopotential@850hPa,upper_mesoscale,0.05534921302649563
sfno,mag_0.03_layer_all,192.0,geopotential@850hPa,upper_mesoscale,0.0552775869365424
sfno,mag_0.03_layer_all,216.0,geopotential@850hPa,upper_mesoscale,0.05962811026217333
sfno,mag_0.03_layer_all,240.0,geopotential@850hPa,upper_mesoscale,0.07249605623524064
sfno,mag_0.03_layer_all,0.0,geopotential@850hPa,lower_mesoscale,0.03042238294753101
sfno,mag_0.03_layer_all,24.0,geopotential@850hPa,lower_mesoscale,0.9802166392270574
sfno,mag_0.03_layer_all,48.0,geopotential@850hPa,lower_mesoscale,1.0421663398879708
sfno,mag_0.03_layer_all,72.0,geopotential@850hPa,lower_mesoscale,1.1436908653595275
sfno,mag_0.03_layer_all,96.0,geopotential@850hPa,lower_mesoscale,1.2498571120796433
sfno,mag_0.03_layer_all,120.0,geopotential@850hPa,lower_mesoscale,1.2536785274626585
sfno,mag_0.03_layer_all,144.0,geopotential@850hPa,lower_mesoscale,1.263501945696987
sfno,mag_0.03_layer_all,168.0,geopotential@850hPa,lower_mesoscale,1.1679720429313998
sfno,mag_0.03_layer_all,192.0,geopotential@850hPa,lower_mesoscale,1.3009195102520572
sfno,mag_0.03_layer_all,216.0,geopotential@850hPa,lower_mesoscale,1.2431572520181238
sfno,mag_0.03_layer_all,240.0,geopotential@850hPa,lower_mesoscale,1.1660231291205307
sfno,mag_0.1_layer_all,0.0,geopotential@850hPa,planetary,2.1395349143903032e-07
sfno,mag_0.1_layer_all,24.0,geopotential@850hPa,planetary,0.04859543802748835
sfno,mag_0.1_layer_all,48.0,geopotential@850hPa,planetary,0.08114237060747594
sfno,mag_0.1_layer_all,72.0,geopotential@850hPa,planetary,0.086752642780281
sfno,mag_0.1_layer_all,96.0,geopotential@850hPa,planetary,0.059865058962958524
sfno,mag_0.1_layer_all,120.0,geopotential@850hPa,planetary,0.16052665025755905
sfno,mag_0.1_layer_all,144.0,geopotential@850hPa,planetary,0.4459859977508717
sfno,mag_0.1_layer_all,168.0,geopotential@850hPa,planetary,0.7354431109948889
sfno,mag_0.1_layer_all,192.0,geopotential@850hPa,planetary,1.020253128652704
sfno,mag_0.1_layer_all,216.0,geopotential@850hPa,planetary,1.3336312008520435
sfno,mag_0.1_layer_all,240.0,geopotential@850hPa,planetary,1.6811261852668105
sfno,mag_0.1_layer_all,0.0,geopotential@850hPa,synoptic,1.8669534856580474e-06
sfno,mag_0.1_layer_all,24.0,geopotential@850hPa,synoptic,0.05764723990790214
sfno,mag_0.1_layer_all,48.0,geopotential@850hPa,synoptic,0.074873840851359
sfno,mag_0.1_layer_all,72.0,geopotential@850hPa,synoptic,0.2047420552732808
sfno,mag_0.1_layer_all,96.0,geopotential@850hPa,synoptic,0.43035065097357156
sfno,mag_0.1_layer_all,120.0,geopotential@850hPa,synoptic,0.753651354976491
sfno,mag_0.1_layer_all,144.0,geopotential@850hPa,synoptic,1.1345679265675077
sfno,mag_0.1_layer_all,168.0,geopotential@850hPa,synoptic,1.461723293778972
sfno,mag_0.1_layer_all,192.0,geopotential@850hPa,synoptic,1.8234067135207448
sfno,mag_0.1_layer_all,216.0,geopotential@850hPa,synoptic,2.1945426167087096
sfno,mag_0.1_layer_all,240.0,geopotential@850hPa,synoptic,2.595844135091246
sfno,mag_0.1_layer_all,0.0,geopotential@850hPa,upper_mesoscale,1.0910548342051253e-05
sfno,mag_0.1_layer_all,24.0,geopotential@850hPa,upper_mesoscale,0.07351626468404489
sfno,mag_0.1_layer_all,48.0,geopotential@850hPa,upper_mesoscale,0.0830792145009796
sfno,mag_0.1_layer_all,72.0,geopotential@850hPa,upper_mesoscale,0.4165741510138703
sfno,mag_0.1_layer_all,96.0,geopotential@850hPa,upper_mesoscale,0.8196210082298699
sfno,mag_0.1_layer_all,120.0,geopotential@850hPa,upper_mesoscale,1.2524552539289664
sfno,mag_0.1_layer_all,144.0,geopotential@850hPa,upper_mesoscale,1.5874882612656995
sfno,mag_0.1_layer_all,168.0,geopotential@850hPa,upper_mesoscale,1.8991459394785564
sfno,mag_0.1_layer_all,192.0,geopotential@850hPa,upper_mesoscale,2.2697535194926677
sfno,mag_0.1_layer_all,216.0,geopotential@850hPa,upper_mesoscale,2.647020918908855
sfno,mag_0.1_layer_all,240.0,geopotential@850hPa,upper_mesoscale,3.0229352366771463
sfno,mag_0.1_layer_all,0.0,geopotential@850hPa,lower_mesoscale,0.03042238294753101
sfno,mag_0.1_layer_all,24.0,geopotential@850hPa,lower_mesoscale,1.0193480824191263
sfno,mag_0.1_layer_all,48.0,geopotential@850hPa,lower_mesoscale,1.1828429627838921
sfno,mag_0.1_layer_all,72.0,geopotential@850hPa,lower_mesoscale,1.4634960320348471
sfno,mag_0.1_layer_all,96.0,geopotential@850hPa,lower_mesoscale,1.8261798835721879
sfno,mag_0.1_layer_all,120.0,geopotential@850hPa,lower_mesoscale,2.1218944054761755
sfno,mag_0.1_layer_all,144.0,geopotential@850hPa,lower_mesoscale,2.417651575831051
sfno,mag_0.1_layer_all,168.0,geopotential@850hPa,lower_mesoscale,2.6251199840217723
sfno,mag_0.1_layer_all,192.0,geopotential@850hPa,lower_mesoscale,3.0231703073442295
sfno,mag_0.1_layer_all,216.0,geopotential@850hPa,lower_mesoscale,3.274492497076965
sfno,mag_0.1_layer_all,240.0,geopotential@850hPa,lower_mesoscale,3.50388055898708
aifs,mag_0_layer_all,0.0,geopotential@850hPa,planetary,1.0460024226364274e-07
aifs,mag_0_layer_all,24.0,geopotential@850hPa,planetary,0.0054655885485127235
aifs,mag_0_layer_all,48.0,geopotential@850hPa,planetary,0.008872151822584062
aifs,mag_0_layer_all,72.0,geopotential@850hPa,planetary,0.013341130696956046
aifs,mag_0_layer_all,96.0,geopotential@850hPa,planetary,0.033226316132324726
aifs,mag_0_layer_all,120.0,geopotential@850hPa,planetary,0.05227892608021662
aifs,mag_0_layer_all,144.0,geopotential@850hPa,planetary,0.08546147553010004
aifs,mag_0_layer_all,168.0,geopotential@850hPa,planetary,0.06686985320640791
aifs,mag_0_layer_all,192.0,geopotential@850hPa,planetary,0.07973523310060254
aifs,mag_0_layer_all,216.0,geopotential@850hPa,planetary,0.14283372111302886
aifs,mag_0_layer_all,240.0,geopotential@850hPa,planetary,0.1943808049598629
aifs,mag_0_layer_all,0.0,geopotential@850hPa,synoptic,2.152908965848472e-06
aifs,mag_0_layer_all,24.0,geopotential@850hPa,synoptic,0.04221943560243462
aifs,mag_0_layer_all,48.0,geopotential@850hPa,synoptic,0.06989555209906936
aifs,mag_0_layer_all,72.0,geopotential@850hPa,synoptic,0.09860102480085783
aifs,mag_0_layer_all,96.0,geopotential@850hPa,synoptic,0.12137889057236806
aifs,mag_0_layer_all,120.0,geopotential@850hPa,synoptic,0.12672113796951087
aifs,mag_0_layer_all,144.0,geopotential@850hPa,synoptic,0.11140595709065013
aifs,mag_0_layer_all,168.0,geopotential@850hPa,synoptic,0.152469597499992
aifs,mag_0_layer_all,192.0,geopotential@850hPa,synoptic,0.12365197429118495
aifs,mag_0_layer_all,216.0,geopotential@850hPa,synoptic,0.14863209018924362
aifs,mag_0_layer_all,240.0,geopotential@850hPa,synoptic,0.14210370790324303
aifs,mag_0_layer_all,0.0,geopotential@850hPa,upper_mesoscale,9.259531042542648e-06
aifs,mag_0_layer_all,24.0,geopotential@850hPa,upper_mesoscale,0.08180540155842193
aifs,mag_0_layer_all,48.0,geopotential@850hPa,upper_mesoscale,0.11986682713307692
aifs,mag_0_layer_all,72.0,geopotential@850hPa,upper_mesoscale,0.1286628577993478
aifs,mag_0_layer_all,96.0,geopotential@850hPa,upper_mesoscale,0.1375009308324532
aifs,mag_0_layer_all,120.0,geopotential@850hPa,upper_mesoscale,0.12355911722244561
aifs,mag_0_layer_all,144.0,geopotential@850hPa,upper_mesoscale,0.1116312540699001
aifs,mag_0_layer_all,168.0,geopotential@850hPa,upper_mesoscale,0.11091251695028724
aifs,mag_0_layer_all,192.0,geopotential@850hPa,upper_mesoscale,0.09927612933819711
aifs,mag_0_layer_all,216.0,geopotential@850hPa,upper_mesoscale,0.07556573685611857
aifs,mag_0_layer_all,240.0,geopotential@850hPa,upper_mesoscale,0.06886711305019007
aifs,mag_0_layer_all,0.0,geopotential@850hPa,lower_mesoscale,0.030899150162068834
aifs,mag_0_layer_all,24.0,geopotential@850hPa,lower_mesoscale,1.1869431861547328
aifs,mag_0_layer_all,48.0,geopotential@850hPa,lower_mesoscale,1.1856709181188612
aifs,mag_0_layer_all,72.0,geopotential@850hPa,lower_mesoscale,1.246132691592154
aifs,mag_0_layer_all,96.0,geopotential@850hPa,lower_mesoscale,1.3205317111551662
aifs,mag_0_layer_all,120.0,geopotential@850hPa,lower_mesoscale,1.2946803081477516
aifs,mag_0_layer_all,144.0,geopotential@850hPa,lower_mesoscale,1.286757937280361
aifs,mag_0_layer_all,168.0,geopotential@850hPa,lower_mesoscale,1.1888751805780604
aifs,mag_0_layer_all,192.0,geopotential@850hPa,lower_mesoscale,1.3037854577235686
aifs,mag_0_layer_all,216.0,geopotential@850hPa,lower_mesoscale,1.2347757886091884
aifs,mag_0_layer_all,240.0,geopotential@850hPa,lower_mesoscale,1.1561630558239888
aifs,mag_0.003_layer_all,0.0,geopotential@850hPa,planetary,1.0460024226364274e-07
aifs,mag_0.003_layer_all,24.0,geopotential@850hPa,planetary,0.005006725418198827
aifs,mag_0.003_layer_all,48.0,geopotential@850hPa,planetary,0.007981613627846117
aifs,mag_0.003_layer_all,72.0,geopotential@850hPa,planetary,0.012847032066979043
aifs,mag_0.003_layer_all,96.0,geopotential@850hPa,planetary,0.03354412813071603
aifs,mag_0.003_layer_all,120.0,geopotential@850hPa,planetary,0.05277933947183026
aifs,mag_0.003_layer_all,144.0,geopotential@850hPa,planetary,0.08645936664511283
aifs,mag_0.003_layer_all,168.0,geopotential@850hPa,planetary,0.0644217701296236
aifs,mag_0.003_layer_all,192.0,geopotential@850hPa,planetary,0.0796647564255486
aifs,mag_0.003_layer_all,216.0,geopotential@850hPa,planetary,0.13138033722708042
aifs,mag_0.003_layer_all,240.0,geopotential@850hPa,planetary,0.16257122170136631
aifs,mag_0.003_layer_all,0.0,geopotential@850hPa,synoptic,2.152908965848472e-06
aifs,mag_0.003_layer_all,24.0,geopotential@850hPa,synoptic,0.041403758619969706
aifs,mag_0.003_layer_all,48.0,geopotential@850hPa,synoptic,0.0673090944935012
aifs,mag_0.003_layer_all,72.0,geopotential@850hPa,synoptic,0.09528621605065506
aifs,mag_0.003_layer_all,96.0,geopotential@850hPa,synoptic,0.11897028412826924
aifs,mag_0.003_layer_all,120.0,geopotential@850hPa,synoptic,0.12294181902504388
aifs,mag_0.003_layer_all,144.0,geopotential@850hPa,synoptic,0.10720495931779092
aifs,mag_0.003_layer_all,168.0,geopotential@850hPa,synoptic,0.14687596608370265
aifs,mag_0.003_layer_all,192.0,geopotential@850hPa,synoptic,0.1191237043881426
aifs,mag_0.003_layer_all,216.0,geopotential@850hPa,synoptic,0.14709939530901073
aifs,mag_0.003_layer_all,240.0,geopotential@850hPa,synoptic,0.1327112959345166
aifs,mag_0.003_layer_all,0.0,geopotential@850hPa,upper_mesoscale,9.259531042528303e-06
aifs,mag_0.003_layer_all,24.0,geopotential@850hPa,upper_mesoscale,0.0697722741850578
aifs,mag_0.003_layer_all,48.0,geopotential@850hPa,upper_mesoscale,0.09942985401704071
aifs,mag_0.003_layer_all,72.0,geopotential@850hPa,upper_mesoscale,0.10286933199847904
aifs,mag_0.003_layer_all,96.0,geopotential@850hPa,upper_mesoscale,0.11020701374928489
aifs,mag_0.003_layer_all,120.0,geopotential@850hPa,upper_mesoscale,0.09677522666566525
aifs,mag_0.003_layer_all,144.0,geopotential@850hPa,upper_mesoscale,0.08422701637144123
aifs,mag_0.003_layer_all,168.0,geopotential@850hPa,upper_mesoscale,0.0847161683851773
aifs,mag_0.003_layer_all,192.0,geopotential@850hPa,upper_mesoscale,0.07050063931202398
aifs,mag_0.003_layer_all,216.0,geopotential@850hPa,upper_mesoscale,0.05154837027314714
aifs,mag_0.003_layer_all,240.0,geopotential@850hPa,upper_mesoscale,0.049089809843713895
aifs,mag_0.003_layer_all,0.0,geopotential@850hPa,lower_mesoscale,0.030899150162068834
aifs,mag_0.003_layer_all,24.0,geopotential@850hPa,lower_mesoscale,1.1881265376826133
aifs,mag_0.003_layer_all,48.0,geopotential@850hPa,lower_mesoscale,1.1879836115193085
aifs,mag_0.003_layer_all,72.0,geopotential@850hPa,lower_mesoscale,1.2494425616938765
aifs,mag_0.003_layer_all,96.0,geopotential@850hPa,lower_mesoscale,1.3245929216440064
aifs,mag_0.003_layer_all,120.0,geopotential@850hPa,lower_mesoscale,1.2992591183490423
aifs,mag_0.003_layer_all,144.0,geopotential@850hPa,lower_mesoscale,1.2915535982489446
aifs,mag_0.003_layer_all,168.0,geopotential@850hPa,lower_mesoscale,1.1931645094713883
aifs,mag_0.003_layer_all,192.0,geopotential@850hPa,lower_mesoscale,1.3090562792239797
aifs,mag_0.003_layer_all,216.0,geopotential@850hPa,lower_mesoscale,1.239507982572662
aifs,mag_0.003_layer_all,240.0,geopotential@850hPa,lower_mesoscale,1.160328202942457
aifs,mag_0.01_layer_all,0.0,geopotential@850hPa,planetary,1.0460024226364274e-07
aifs,mag_0.01_layer_all,24.0,geopotential@850hPa,planetary,0.003691728714822374
aifs,mag_0.01_layer_all,48.0,geopotential@850hPa,planetary,0.0075685424703941335
aifs,mag_0.01_layer_all,72.0,geopotential@850hPa,planetary,0.011482434394044031
aifs,mag_0.01_layer_all,96.0,geopotential@850hPa,planetary,0.0341278610523129
aifs,mag_0.01_layer_all,120.0,geopotential@850hPa,planetary,0.05795703132927232
aifs,mag_0.01_layer_all,144.0,geopotential@850hPa,planetary,0.08404572948726846
aifs,mag_0.01_layer_all,168.0,geopotential@850hPa,planetary,0.06636577030715288
aifs,mag_0.01_layer_all,192.0,geopotential@850hPa,planetary,0.10051507800082342
aifs,mag_0.01_layer_all,216.0,geopotential@850hPa,planetary,0.1402344899821694
aifs,mag_0.01_layer_all,240.0,geopotential@850hPa,planetary,0.12734344174381937
aifs,mag_0.01_layer_all,0.0,geopotential@850hPa,synoptic,2.152908965848472e-06
aifs,mag_0.01_layer_all,24.0,geopotential@850hPa,synoptic,0.033658204711305505
aifs,mag_0.01_layer_all,48.0,geopotential@850hPa,synoptic,0.0523635081962432
aifs,mag_0.01_layer_all,72.0,geopotential@850hPa,synoptic,0.07589746075939312
aifs,mag_0.01_layer_all,96.0,geopotential@850hPa,synoptic,0.10197463052091318
aifs,mag_0.01_layer_all,120.0,geopotential@850hPa,synoptic,0.09825868234928899
aifs,mag_0.01_layer_all,144.0,geopotential@850hPa,synoptic,0.0850194329605496
aifs,mag_0.01_layer_all,168.0,geopotential@850hPa,synoptic,0.11381256160850188
aifs,mag_0.01_layer_all,192.0,geopotential@850hPa,synoptic,0.10171604819842103
aifs,mag_0.01_layer_all,216.0,geopotential@850hPa,synoptic,0.12675965273453774
aifs,mag_0.01_layer_all,240.0,geopotential@850hPa,synoptic,0.10853769022115041
aifs,mag_0.01_layer_all,0.0,geopotential@850hPa,upper_mesoscale,9.259531042528303e-06
aifs,mag_0.01_layer_all,24.0,geopotential@850hPa,upper_mesoscale,0.05703430753469003
aifs,mag_0.01_layer_all,48.0,geopotential@850hPa,upper_mesoscale,0.09037472823436414
aifs,mag_0.01_layer_all,72.0,geopotential@850hPa,upper_mesoscale,0.12491355460848261
aifs,mag_0.01_layer_all,96.0,geopotential@850hPa,upper_mesoscale,0.134004526255668
aifs,mag_0.01_layer_all,120.0,geopotential@850hPa,upper_mesoscale,0.15689152386391517
aifs,mag_0.01_layer_all,144.0,geopotential@850hPa,upper_mesoscale,0.15982353863351012
aifs,mag_0.01_layer_all,168.0,geopotential@850hPa,upper_mesoscale,0.16687174963764348
aifs,mag_0.01_layer_all,192.0,geopotential@850hPa,upper_mesoscale,0.17278891116932013
aifs,mag_0.01_layer_all,216.0,geopotential@850hPa,upper_mesoscale,0.18283903129014845
aifs,mag_0.01_layer_all,240.0,geopotential@850hPa,upper_mesoscale,0.1962277045872681
aifs,mag_0.01_layer_all,0.0,geopotential@850hPa,lower_mesoscale,0.030899150162068834
aifs,mag_0.01_layer_all,24.0,geopotential@850hPa,lower_mesoscale,1.2022350913123585
aifs,mag_0.01_layer_all,48.0,geopotential@850hPa,lower_mesoscale,1.2153534608651217
aifs,mag_0.01_layer_all,72.0,geopotential@850hPa,lower_mesoscale,1.2865589554872006
aifs,mag_0.01_layer_all,96.0,geopotential@850hPa,lower_mesoscale,1.3682872120833027
aifs,mag_0.01_layer_all,120.0,geopotential@850hPa,lower_mesoscale,1.3467334811364866
aifs,mag_0.01_layer_all,144.0,geopotential@850hPa,lower_mesoscale,1.340235522513534
aifs,mag_0.01_layer_all,168.0,geopotential@850hPa,lower_mesoscale,1.2379766087675226
aifs,mag_0.01_layer_all,192.0,geopotential@850hPa,lower_mesoscale,1.360550406458394
aifs,mag_0.01_layer_all,216.0,geopotential@850hPa,lower_mesoscale,1.2912153580822354
aifs,mag_0.01_layer_all,240.0,geopotential@850hPa,lower_mesoscale,1.2084764448327807
aifs,mag_0.03_layer_all,0.0,geopotential@850hPa,planetary,1.0460024226364274e-07
aifs,mag_0.03_layer_all,24.0,geopotential@850hPa,planetary,0.006403663580812878
aifs,mag_0.03_layer_all,48.0,geopotential@850hPa,planetary,0.021342260866244613
aifs,mag_0.03_layer_all,72.0,geopotential@850hPa,planetary,0.016256221722323765
aifs,mag_0.03_layer_all,96.0,geopotential@850hPa,planetary,0.031533501288605034
aifs,mag_0.03_layer_all,120.0,geopotential@850hPa,planetary,0.04933402728936725
aifs,mag_0.03_layer_all,144.0,geopotential@850hPa,planetary,0.05474849626277342
aifs,mag_0.03_layer_all,168.0,geopotential@850hPa,planetary,0.08189379857165217
aifs,mag_0.03_layer_all,192.0,geopotential@850hPa,planetary,0.11575123106718882
aifs,mag_0.03_layer_all,216.0,geopotential@850hPa,planetary,0.1349044251209587
aifs,mag_0.03_layer_all,240.0,geopotential@850hPa,planetary,0.12809221447116856
aifs,mag_0.03_layer_all,0.0,geopotential@850hPa,synoptic,2.152908965848472e-06
aifs,mag_0.03_layer_all,24.0,geopotential@850hPa,synoptic,0.07328740235381774
aifs,mag_0.03_layer_all,48.0,geopotential@850hPa,synoptic,0.10981238308483518
aifs,mag_0.03_layer_all,72.0,geopotential@850hPa,synoptic,0.1336645748720867
aifs,mag_0.03_layer_all,96.0,geopotential@850hPa,synoptic,0.13286485122399835
aifs,mag_0.03_layer_all,120.0,geopotential@850hPa,synoptic,0.1371088981878046
aifs,mag_0.03_layer_all,144.0,geopotential@850hPa,synoptic,0.16425763153224768
aifs,mag_0.03_layer_all,168.0,geopotential@850hPa,synoptic,0.16579091540113014
aifs,mag_0.03_layer_all,192.0,geopotential@850hPa,synoptic,0.14862368181950303
aifs,mag_0.03_layer_all,216.0,geopotential@850hPa,synoptic,0.1669580785871472
aifs,mag_0.03_layer_all,240.0,geopotential@850hPa,synoptic,0.19239725779330688
aifs,mag_0.03_layer_all,0.0,geopotential@850hPa,upper_mesoscale,9.259531042528303e-06
aifs,mag_0.03_layer_all,24.0,geopotential@850hPa,upper_mesoscale,0.5117630485533067
aifs,mag_0.03_layer_all,48.0,geopotential@850hPa,upper_mesoscale,0.6969458132191714
aifs,mag_0.03_layer_all,72.0,geopotential@850hPa,upper_mesoscale,0.7942703798579694
aifs,mag_0.03_layer_all,96.0,geopotential@850hPa,upper_mesoscale,0.8362900775984693
aifs,mag_0.03_layer_all,120.0,geopotential@850hPa,upper_mesoscale,0.862601611704424
aifs,mag_0.03_layer_all,144.0,geopotential@850hPa,upper_mesoscale,0.864599636518203
aifs,mag_0.03_layer_all,168.0,geopotential@850hPa,upper_mesoscale,0.8580943637458434
aifs,mag_0.03_layer_all,192.0,geopotential@850hPa,upper_mesoscale,0.8731528852625974
aifs,mag_0.03_layer_all,216.0,geopotential@850hPa,upper_mesoscale,0.8865332098774937
aifs,mag_0.03_layer_all,240.0,geopotential@850hPa,upper_mesoscale,0.8987582897239645
aifs,mag_0.03_layer_all,0.0,geopotential@850hPa,lower_mesoscale,0.030899150162068834
aifs,mag_0.03_layer_all,24.0,geopotential@850hPa,lower_mesoscale,1.3396197773906946
aifs,mag_0.03_layer_all,48.0,geopotential@850hPa,lower_mesoscale,1.4539962627749734
aifs,mag_0.03_layer_all,72.0,geopotential@850hPa,lower_mesoscale,1.5743077871210536
aifs,mag_0.03_layer_all,96.0,geopotential@850hPa,lower_mesoscale,1.6823032438796626
aifs,mag_0.03_layer_all,120.0,geopotential@850hPa,lower_mesoscale,1.674931409788675
aifs,mag_0.03_layer_all,144.0,geopotential@850hPa,lower_mesoscale,1.6734469145710578
aifs,mag_0.03_layer_all,168.0,geopotential@850hPa,lower_mesoscale,1.5694667228118897
aifs,mag_0.03_layer_all,192.0,geopotential@850hPa,lower_mesoscale,1.6962047126431818
aifs,mag_0.03_layer_all,216.0,geopotential@850hPa,lower_mesoscale,1.6332947184782103
aifs,mag_0.03_layer_all,240.0,geopotential@850hPa,lower_mesoscale,1.5488614004586252
aurora,mag_0_layer_all,0.0,temperature@500hPa,planetary,1.437948751396082e-07
aurora,mag_0_layer_all,24.0,temperature@500hPa,planetary,0.006739031880982945
aurora,mag_0_layer_all,48.0,temperature@500hPa,planetary,0.005380002286132295
aurora,mag_0_layer_all,72.0,temperature@500hPa,planetary,0.009542682112512814
aurora,mag_0_layer_all,96.0,temperature@500hPa,planetary,0.016854359253669023
aurora,mag_0_layer_all,120.0,temperature@500hPa,planetary,0.017133308757355054
aurora,mag_0_layer_all,144.0,temperature@500hPa,planetary,0.051309426173977386
aurora,mag_0_layer_all,168.0,temperature@500hPa,planetary,0.06991570997842123
aurora,mag_0_layer_all,192.0,temperature@500hPa,planetary,0.05777402686226652
aurora,mag_0_layer_all,216.0,temperature@500hPa,planetary,0.043782729658318906
aurora,mag_0_layer_all,240.0,temperature@500hPa,planetary,0.10239322132476154
aurora,mag_0_layer_all,0.0,temperature@500hPa,synoptic,8.171494927239548e-07
aurora,mag_0_layer_all,24.0,temperature@500hPa,synoptic,0.06992881173485598
aurora,mag_0_layer_all,48.0,temperature@500hPa,synoptic,0.10186582403485174
aurora,mag_0_layer_all,72.0,temperature@500hPa,synoptic,0.11714735139901472
aurora,mag_0_layer_all,96.0,temperature@500hPa,synoptic,0.10489091992158918
aurora,mag_0_layer_all,120.0,temperature@500hPa,synoptic,0.11105157292144327
aurora,mag_0_layer_all,144.0,temperature@500hPa,synoptic,0.1135738205018628
aurora,mag_0_layer_all,168.0,temperature@500hPa,synoptic,0.08818144815958653
aurora,mag_0_layer_all,192.0,temperature@500hPa,synoptic,0.08996457860064287
aurora,mag_0_layer_all,216.0,temperature@500hPa,synoptic,0.11087558744139928
aurora,mag_0_layer_all,240.0,temperature@500hPa,synoptic,0.1220944587135969
aurora,mag_0_layer_all,0.0,temperature@500hPa,upper_mesoscale,5.784853225170681e-06
aurora,mag_0_layer_all,24.0,temperature@500hPa,upper_mesoscale,0.5177781188605474
aurora,mag_0_layer_all,48.0,temperature@500hPa,upper_mesoscale,0.534518714025471
aurora,mag_0_layer_all,72.0,temperature@500hPa,upper_mesoscale,0.532821288423274
aurora,mag_0_layer_all,96.0,temperature@500hPa,upper_mesoscale,0.5444415770476613
aurora,mag_0_layer_all,120.0,temperature@500hPa,upper_mesoscale,0.5508099975453323
aurora,mag_0_layer_all,144.0,temperature@500hPa,upper_mesoscale,0.5276451888893103
aurora,mag_0_layer_all,168.0,temperature@500hPa,upper_mesoscale,0.5238806191390919
aurora,mag_0_layer_all,192.0,temperature@500hPa,upper_mesoscale,0.5343096776267914
aurora,mag_0_layer_all,216.0,temperature@500hPa,upper_mesoscale,0.5304618191760092
aurora,mag_0_layer_all,240.0,temperature@500hPa,upper_mesoscale,0.5460729379717564
aurora,mag_0_layer_all,0.0,temperature@500hPa,lower_mesoscale,0.035198259385616056
aurora,mag_0_layer_all,24.0,temperature@500hPa,lower_mesoscale,1.4223073308095968
aurora,mag_0_layer_all,48.0,temperature@500hPa,lower_mesoscale,1.4218181783177037
aurora,mag_0_layer_all,72.0,temperature@500hPa,lower_mesoscale,1.4185515259254518
aurora,mag_0_layer_all,96.0,temperature@500hPa,lower_mesoscale,1.428423783231438
aurora,mag_0_layer_all,120.0,temperature@500hPa,lower_mesoscale,1.4196985451076891
aurora,mag_0_layer_all,144.0,temperature@500hPa,lower_mesoscale,1.406516490334984
aurora,mag_0_layer_all,168.0,temperature@500hPa,lower_mesoscale,1.414615098048554
aurora,mag_0_layer_all,192.0,temperature@500hPa,lower_mesoscale,1.4198984341065068
aurora,mag_0_layer_all,216.0,temperature@500hPa,lower_mesoscale,1.413151362528383
aurora,mag_0_layer_all,240.0,temperature@500hPa,lower_mesoscale,1.425523513106396
aurora,mag_0.001_layer_all,0.0,temperature@500hPa,planetary,1.437948751396082e-07
aurora,mag_0.001_layer_all,24.0,temperature@500hPa,planetary,0.006556604075144281
aurora,mag_0.001_layer_all,48.0,temperature@500hPa,planetary,0.00528204492431256
aurora,mag_0.001_layer_all,72.0,temperature@500hPa,planetary,0.009481517568466769
aurora,mag_0.001_layer_all,96.0,temperature@500hPa,planetary,0.017119049115334267
aurora,mag_0.001_layer_all,120.0,temperature@500hPa,planetary,0.016999604001915088
aurora,mag_0.001_layer_all,144.0,temperature@500hPa,planetary,0.051601280269267885
aurora,mag_0.001_layer_all,168.0,temperature@500hPa,planetary,0.0702347695074144
aurora,mag_0.001_layer_all,192.0,temperature@500hPa,planetary,0.055707635814687545
aurora,mag_0.001_layer_all,216.0,temperature@500hPa,planetary,0.04728503553118839
aurora,mag_0.001_layer_all,240.0,temperature@500hPa,planetary,0.09821909234298372
aurora,mag_0.001_layer_all,0.0,temperature@500hPa,synoptic,8.171494926988445e-07
aurora,mag_0.001_layer_all,24.0,temperature@500hPa,synoptic,0.0696301972623407
aurora,mag_0.001_layer_all,48.0,temperature@500hPa,synoptic,0.10143976493761835
aurora,mag_0.001_layer_all,72.0,temperature@500hPa,synoptic,0.11665655372037485
aurora,mag_0.001_layer_all,96.0,temperature@500hPa,synoptic,0.10426524087232034
aurora,mag_0.001_layer_all,120.0,temperature@500hPa,synoptic,0.11083834602807789
aurora,mag_0.001_layer_all,144.0,temperature@500hPa,synoptic,0.11302900961295569
aurora,mag_0.001_layer_all,168.0,temperature@500hPa,synoptic,0.08597154677937292
aurora,mag_0.001_layer_all,192.0,temperature@500hPa,synoptic,0.08932190334213345
aurora,mag_0.001_layer_all,216.0,temperature@500hPa,synoptic,0.10503964840674901
aurora,mag_0.001_layer_all,240.0,temperature@500hPa,synoptic,0.11121523941758873
aurora,mag_0.001_layer_all,0.0,temperature@500hPa,upper_mesoscale,5.784853225184169e-06
aurora,mag_0.001_layer_all,24.0,temperature@500hPa,upper_mesoscale,0.5173809704379492
aurora,mag_0.001_layer_all,48.0,temperature@500hPa,upper_mesoscale,0.5339905719251128
aurora,mag_0.001_layer_all,72.0,temperature@500hPa,upper_mesoscale,0.5318964024297812
aurora,mag_0.001_layer_all,96.0,temperature@500hPa,upper_mesoscale,0.543971652363213
aurora,mag_0.001_layer_all,120.0,temperature@500hPa,upper_mesoscale,0.5495121570520332
aurora,mag_0.001_layer_all,144.0,temperature@500hPa,upper_mesoscale,0.52570615538812
aurora,mag_0.001_layer_all,168.0,temperature@500hPa,upper_mesoscale,0.524429537973229
aurora,mag_0.001_layer_all,192.0,temperature@500hPa,upper_mesoscale,0.5331456592096474
aurora,mag_0.001_layer_all,216.0,temperature@500hPa,upper_mesoscale,0.5214538936204597
aurora,mag_0.001_layer_all,240.0,temperature@500hPa,upper_mesoscale,0.5340325609903289
aurora,mag_0.001_layer_all,0.0,temperature@500hPa,lower_mesoscale,0.03519825938561605
aurora,mag_0.001_layer_all,24.0,temperature@500hPa,lower_mesoscale,1.4246553601059093
aurora,mag_0.001_layer_all,48.0,temperature@500hPa,lower_mesoscale,1.4241575819211834
aurora,mag_0.001_layer_all,72.0,temperature@500hPa,lower_mesoscale,1.4208659578742335
aurora,mag_0.001_layer_all,96.0,temperature@500hPa,lower_mesoscale,1.4306443244571012
aurora,mag_0.001_layer_all,120.0,temperature@500hPa,lower_mesoscale,1.421896725502504
aurora,mag_0.001_layer_all,144.0,temperature@500hPa,lower_mesoscale,1.4084233449185766
aurora,mag_0.001_layer_all,168.0,temperature@500hPa,lower_mesoscale,1.4162772954428853
aurora,mag_0.001_layer_all,192.0,temperature@500hPa,lower_mesoscale,1.422210508528926
aurora,mag_0.001_layer_all,216.0,temperature@500hPa,lower_mesoscale,1.414696065810294
aurora,mag_0.001_layer_all,240.0,temperature@500hPa,lower_mesoscale,1.426322640524241
aurora,mag_0.003_layer_all,0.0,temperature@500hPa,planetary,1.437948751396082e-07
aurora,mag_0.003_layer_all,24.0,temperature@500hPa,planetary,0.006362550119521923
aurora,mag_0.003_layer_all,48.0,temperature@500hPa,planetary,0.005175023519121035
aurora,mag_0.003_layer_all,72.0,temperature@500hPa,planetary,0.009647491685968344
aurora,mag_0.003_layer_all,96.0,temperature@500hPa,planetary,0.01726033775308993
aurora,mag_0.003_layer_all,120.0,temperature@500hPa,planetary,0.01702297830498942
aurora,mag_0.003_layer_all,144.0,temperature@500hPa,planetary,0.052664646164579186
aurora,mag_0.003_layer_all,168.0,temperature@500hPa,planetary,0.06885170462142655
aurora,mag_0.003_layer_all,192.0,temperature@500hPa,planetary,0.05132804510891809
aurora,mag_0.003_layer_all,216.0,temperature@500hPa,planetary,0.05274304929025223
aurora,mag_0.003_layer_all,240.0,temperature@500hPa,planetary,0.0711760286569268
aurora,mag_0.003_layer_all,0.0,temperature@500hPa,synoptic,8.171494926988445e-07
aurora,mag_0.003_layer_all,24.0,temperature@500hPa,synoptic,0.06893299039788858
aurora,mag_0.003_layer_all,48.0,temperature@500hPa,synoptic,0.10047657539170698
aurora,mag_0.003_layer_all,72.0,temperature@500hPa,synoptic,0.1155560815690354
aurora,mag_0.003_layer_all,96.0,temperature@500hPa,synoptic,0.10299641629925275
aurora,mag_0.003_layer_all,120.0,temperature@500hPa,synoptic,0.10885359750022545
aurora,mag_0.003_layer_all,144.0,temperature@500hPa,synoptic,0.10917504913769635
aurora,mag_0.003_layer_all,168.0,temperature@500hPa,synoptic,0.07918914872598291
aurora,mag_0.003_layer_all,192.0,temperature@500hPa,synoptic,0.08442125458369748
aurora,mag_0.003_layer_all,216.0,temperature@500hPa,synoptic,0.09642331456189426
aurora,mag_0.003_layer_all,240.0,temperature@500hPa,synoptic,0.10129146436718892
aurora,mag_0.003_layer_all,0.0,temperature@500hPa,upper_mesoscale,5.784853225184169e-06
aurora,mag_0.003_layer_all,24.0,temperature@500hPa,upper_mesoscale,0.5164885888060592
aurora,mag_0.003_layer_all,48.0,temperature@500hPa,upper_mesoscale,0.5329267422096602
aurora,mag_0.003_layer_all,72.0,temperature@500hPa,upper_mesoscale,0.530205327907823
aurora,mag_0.003_layer_all,96.0,temperature@500hPa,upper_mesoscale,0.5442231980806874
aurora,mag_0.003_layer_all,120.0,temperature@500hPa,upper_mesoscale,0.547214292883374
aurora,mag_0.003_layer_all,144.0,temperature@500hPa,upper_mesoscale,0.5216810482527994
aurora,mag_0.003_layer_all,168.0,temperature@500hPa,upper_mesoscale,0.5202574274633283
aurora,mag_0.003_layer_all,192.0,temperature@500hPa,upper_mesoscale,0.5291010112104061
aurora,mag_0.003_layer_all,216.0,temperature@500hPa,upper_mesoscale,0.5205574537119178
aurora,mag_0.003_layer_all,240.0,temperature@500hPa,upper_mesoscale,0.5226782888852566
aurora,mag_0.003_layer_all,0.0,temperature@500hPa,lower_mesoscale,0.03519825938561605
aurora,mag_0.003_layer_all,24.0,temperature@500hPa,lower_mesoscale,1.4364185156763107
aurora,mag_0.003_layer_all,48.0,temperature@500hPa,lower_mesoscale,1.4359674531875852
aurora,mag_0.003_layer_all,72.0,temperature@500hPa,lower_mesoscale,1.432579057188257
aurora,mag_0.003_layer_all,96.0,temperature@500hPa,lower_mesoscale,1.4418426336533816
aurora,mag_0.003_layer_all,120.0,temperature@500hPa,lower_mesoscale,1.434018199694082
aurora,mag_0.003_layer_all,144.0,temperature@500hPa,lower_mesoscale,1.4198225412561911
aurora,mag_0.003_layer_all,168.0,temperature@500hPa,lower_mesoscale,1.4269160628751865
aurora,mag_0.003_layer_all,192.0,temperature@500hPa,lower_mesoscale,1.4329561299857414
aurora,mag_0.003_layer_all,216.0,temperature@500hPa,lower_mesoscale,1.4266271052635382
aurora,mag_0.003_layer_all,240.0,temperature@500hPa,lower_mesoscale,1.4375982560599547
aurora,mag_0.01_layer_all,0.0,temperature@500hPa,planetary,1.437948751396082e-07
aurora,mag_0.01_layer_all,24.0,temperature@500hPa,planetary,0.0059280317860361175
aurora,mag_0.01_layer_all,48.0,temperature@500hPa,planetary,0.005201829810306991
aurora,mag_0.01_layer_all,72.0,temperature@500hPa,planetary,0.010477932103119035
aurora,mag_0.01_layer_all,96.0,temperature@500hPa,planetary,0.016325848854537087
aurora,mag_0.01_layer_all,120.0,temperature@500hPa,planetary,0.018222833258607792
aurora,mag_0.01_layer_all,144.0,temperature@500hPa,planetary,0.05005418155617892
aurora,mag_0.01_layer_all,168.0,temperature@500hPa,planetary,0.06309999654209242
aurora,mag_0.01_layer_all,192.0,temperature@500hPa,planetary,0.04219645341080171
aurora,mag_0.01_layer_all,216.0,temperature@500hPa,planetary,0.05566062198524598
aurora,mag_0.01_layer_all,240.0,temperature@500hPa,planetary,0.046802577969106
aurora,mag_0.01_layer_all,0.0,temperature@500hPa,synoptic,8.171494926988445e-07
aurora,mag_0.01_layer_all,24.0,temperature@500hPa,synoptic,0.06667846578604607
aurora,mag_0.01_layer_all,48.0,temperature@500hPa,synoptic,0.0969483168820312
aurora,mag_0.01_layer_all,72.0,temperature@500hPa,synoptic,0.11199099441895881
aurora,mag_0.01_layer_all,96.0,temperature@500hPa,synoptic,0.09849842939063048
aurora,mag_0.01_layer_all,120.0,temperature@500hPa,synoptic,0.10408208342094886
aurora,mag_0.01_layer_all,144.0,temperature@500hPa,synoptic,0.10626682646056815
aurora,mag_0.01_layer_all,168.0,temperature@500hPa,synoptic,0.07828004720675216
aurora,mag_0.01_layer_all,192.0,temperature@500hPa,synoptic,0.09526502364357829
aurora,mag_0.01_layer_all,216.0,temperature@500hPa,synoptic,0.10999114939269096
aurora,mag_0.01_layer_all,240.0,temperature@500hPa,synoptic,0.10633903133722962
aurora,mag_0.01_layer_all,0.0,temperature@500hPa,upper_mesoscale,5.784853225184169e-06
aurora,mag_0.01_layer_all,24.0,temperature@500hPa,upper_mesoscale,0.5138112080607328
aurora,mag_0.01_layer_all,48.0,temperature@500hPa,upper_mesoscale,0.5296780781195551
aurora,mag_0.01_layer_all,72.0,temperature@500hPa,upper_mesoscale,0.5285006793207845
aurora,mag_0.01_layer_all,96.0,temperature@500hPa,upper_mesoscale,0.544931750189571
aurora,mag_0.01_layer_all,120.0,temperature@500hPa,upper_mesoscale,0.5426598927550239
aurora,mag_0.01_layer_all,144.0,temperature@500hPa,upper_mesoscale,0.5195659563446182
aurora,mag_0.01_layer_all,168.0,temperature@500hPa,upper_mesoscale,0.5085116454706622
aurora,mag_0.01_layer_all,192.0,temperature@500hPa,upper_mesoscale,0.5321880786817831
aurora,mag_0.01_layer_all,216.0,temperature@500hPa,upper_mesoscale,0.5257616874590381
aurora,mag_0.01_layer_all,240.0,temperature@500hPa,upper_mesoscale,0.5304713945032447
aurora,mag_0.01_layer_all,0.0,temperature@500hPa,lower_mesoscale,0.03519825938561605
aurora,mag_0.01_layer_all,24.0,temperature@500hPa,lower_mesoscale,1.4998189453286959
aurora,mag_0.01_layer_all,48.0,temperature@500hPa,lower_mesoscale,1.4989556029520004
aurora,mag_0.01_layer_all,72.0,temperature@500hPa,lower_mesoscale,1.4959672496756693
aurora,mag_0.01_layer_all,96.0,temperature@500hPa,lower_mesoscale,1.50292461849292
aurora,mag_0.01_layer_all,120.0,temperature@500hPa,lower_mesoscale,1.4961436906604044
aurora,mag_0.01_layer_all,144.0,temperature@500hPa,lower_mesoscale,1.4823379520724809
aurora,mag_0.01_layer_all,168.0,temperature@500hPa,lower_mesoscale,1.4847058916942995
aurora,mag_0.01_layer_all,192.0,temperature@500hPa,lower_mesoscale,1.4892483864913408
aurora,mag_0.01_layer_all,216.0,temperature@500hPa,lower_mesoscale,1.486033584228287
aurora,mag_0.01_layer_all,240.0,temperature@500hPa,lower_mesoscale,1.498229915311665
aurora,mag_0.03_layer_all,0.0,temperature@500hPa,planetary,1.437948751396082e-07
aurora,mag_0.03_layer_all,24.0,temperature@500hPa,planetary,0.007730515210599502
aurora,mag_0.03_layer_all,48.0,temperature@500hPa,planetary,0.008791518319068908
aurora,mag_0.03_layer_all,72.0,temperature@500hPa,planetary,0.01845205087389263
aurora,mag_0.03_layer_all,96.0,temperature@500hPa,planetary,0.016298572648442634
aurora,mag_0.03_layer_all,120.0,temperature@500hPa,planetary,0.025296159155896877
aurora,mag_0.03_layer_all,144.0,temperature@500hPa,planetary,0.04515101789799811
aurora,mag_0.03_layer_all,168.0,temperature@500hPa,planetary,0.04109480508874925
aurora,mag_0.03_layer_all,192.0,temperature@500hPa,planetary,0.0570179684595249
aurora,mag_0.03_layer_all,216.0,temperature@500hPa,planetary,0.09844202332317767
aurora,mag_0.03_layer_all,240.0,temperature@500hPa,planetary,0.08238884623080789
aurora,mag_0.03_layer_all,0.0,temperature@500hPa,synoptic,8.171494926988445e-07
aurora,mag_0.03_layer_all,24.0,temperature@500hPa,synoptic,0.06202576336767643
aurora,mag_0.03_layer_all,48.0,temperature@500hPa,synoptic,0.08767400741213174
aurora,mag_0.03_layer_all,72.0,temperature@500hPa,synoptic,0.103300038759625
aurora,mag_0.03_layer_all,96.0,temperature@500hPa,synoptic,0.10479180873473684
aurora,mag_0.03_layer_all,120.0,temperature@500hPa,synoptic,0.1070737456184705
aurora,mag_0.03_layer_all,144.0,temperature@500hPa,synoptic,0.12401030008121927
aurora,mag_0.03_layer_all,168.0,temperature@500hPa,synoptic,0.09965402231401316
aurora,mag_0.03_layer_all,192.0,temperature@500hPa,synoptic,0.12384945906719137
aurora,mag_0.03_layer_all,216.0,temperature@500hPa,synoptic,0.14369291084928693
aurora,mag_0.03_layer_all,240.0,temperature@500hPa,synoptic,0.13448944998614334
aurora,mag_0.03_layer_all,0.0,temperature@500hPa,upper_mesoscale,5.784853225184169e-06
aurora,mag_0.03_layer_all,24.0,temperature@500hPa,upper_mesoscale,0.5012044837573165
aurora,mag_0.03_layer_all,48.0,temperature@500hPa,upper_mesoscale,0.5202432713173227
aurora,mag_0.03_layer_all,72.0,temperature@500hPa,upper_mesoscale,0.5244660179159073
aurora,mag_0.03_layer_all,96.0,temperature@500hPa,upper_mesoscale,0.5390820192311312
aurora,mag_0.03_layer_all,120.0,temperature@500hPa,upper_mesoscale,0.536486661591664
aurora,mag_0.03_layer_all,144.0,temperature@500hPa,upper_mesoscale,0.5282120394112547
aurora,mag_0.03_layer_all,168.0,temperature@500hPa,upper_mesoscale,0.5210335033392305
aurora,mag_0.03_layer_all,192.0,temperature@500hPa,upper_mesoscale,0.5523727715267308
aurora,mag_0.03_layer_all,216.0,temperature@500hPa,upper_mesoscale,0.5526340083934264
aurora,mag_0.03_layer_all,240.0,temperature@500hPa,upper_mesoscale,0.5548008655381786
aurora,mag_0.03_layer_all,0.0,temperature@500hPa,lower_mesoscale,0.03519825938561605
aurora,mag_0.03_layer_all,24.0,temperature@500hPa,lower_mesoscale,1.6657688806971207
aurora,mag_0.03_layer_all,48.0,temperature@500hPa,lower_mesoscale,1.662188874162027
aurora,mag_0.03_layer_all,72.0,temperature@500hPa,lower_mesoscale,1.6578483821667056
aurora,mag_0.03_layer_all,96.0,temperature@500hPa,lower_mesoscale,1.6602688615024161
aurora,mag_0.03_layer_all,120.0,temperature@500hPa,lower_mesoscale,1.6542658321203927
aurora,mag_0.03_layer_all,144.0,temperature@500hPa,lower_mesoscale,1.642523748090657
aurora,mag_0.03_layer_all,168.0,temperature@500hPa,lower_mesoscale,1.635277640690992
aurora,mag_0.03_layer_all,192.0,temperature@500hPa,lower_mesoscale,1.6316805950635553
aurora,mag_0.03_layer_all,216.0,temperature@500hPa,lower_mesoscale,1.6320765793645393
aurora,mag_0.03_layer_all,240.0,temperature@500hPa,lower_mesoscale,1.6411928253630448
aurora,mag_0.1_layer_all,0.0,temperature@500hPa,planetary,1.437948751396082e-07
aurora,mag_0.1_layer_all,24.0,temperature@500hPa,planetary,0.02814243802224526
aurora,mag_0.1_layer_all,48.0,temperature@500hPa,planetary,0.029926199498940032
aurora,mag_0.1_layer_all,72.0,temperature@500hPa,planetary,0.043430531944874264
aurora,mag_0.1_layer_all,96.0,temperature@500hPa,planetary,0.025797017027584936
aurora,mag_0.1_layer_all,120.0,temperature@500hPa,planetary,0.08784975462681367
aurora,mag_0.1_layer_all,144.0,temperature@500hPa,planetary,0.0713357754008495
aurora,mag_0.1_layer_all,168.0,temperature@500hPa,planetary,0.0654451099738575
aurora,mag_0.1_layer_all,192.0,temperature@500hPa,planetary,0.06775246229642062
aurora,mag_0.1_layer_all,216.0,temperature@500hPa,planetary,0.1344246760233723
aurora,mag_0.1_layer_all,240.0,temperature@500hPa,planetary,0.11947428828861682
aurora,mag_0.1_layer_all,0.0,temperature@500hPa,synoptic,8.171494926988445e-07
aurora,mag_0.1_layer_all,24.0,temperature@500hPa,synoptic,0.03272215403919625
aurora,mag_0.1_layer_all,48.0,temperature@500hPa,synoptic,0.028177498287457095
aurora,mag_0.1_layer_all,72.0,temperature@500hPa,synoptic,0.043072297328158635
aurora,mag_0.1_layer_all,96.0,temperature@500hPa,synoptic,0.052229069938666106
aurora,mag_0.1_layer_all,120.0,temperature@500hPa,synoptic,0.041693239022346604
aurora,mag_0.1_layer_all,144.0,temperature@500hPa,synoptic,0.041533249899538445
aurora,mag_0.1_layer_all,168.0,temperature@500hPa,synoptic,0.050232202173880976
aurora,mag_0.1_layer_all,192.0,temperature@500hPa,synoptic,0.05072080187427938
aurora,mag_0.1_layer_all,216.0,temperature@500hPa,synoptic,0.06888272188880411
aurora,mag_0.1_layer_all,240.0,temperature@500hPa,synoptic,0.0754116691408558
aurora,mag_0.1_layer_all,0.0,temperature@500hPa,upper_mesoscale,5.784853225184169e-06
aurora,mag_0.1_layer_all,24.0,temperature@500hPa,upper_mesoscale,0.08403081447793842
aurora,mag_0.1_layer_all,48.0,temperature@500hPa,upper_mesoscale,0.1549222702774244
aurora,mag_0.1_layer_all,72.0,temperature@500hPa,upper_mesoscale,0.24074823626170005
aurora,mag_0.1_layer_all,96.0,temperature@500hPa,upper_mesoscale,0.263641756852575
aurora,mag_0.1_layer_all,120.0,temperature@500hPa,upper_mesoscale,0.273814453646273
aurora,mag_0.1_layer_all,144.0,temperature@500hPa,upper_mesoscale,0.2909258851431316
aurora,mag_0.1_layer_all,168.0,temperature@500hPa,upper_mesoscale,0.2957658443846707
aurora,mag_0.1_layer_all,192.0,temperature@500hPa,upper_mesoscale,0.2862465581720165
aurora,mag_0.1_layer_all,216.0,temperature@500hPa,upper_mesoscale,0.2997990740357983
aurora,mag_0.1_layer_all,240.0,temperature@500hPa,upper_mesoscale,0.2827604585968594
aurora,mag_0.1_layer_all,0.0,temperature@500hPa,lower_mesoscale,0.03519825938561605
aurora,mag_0.1_layer_all,24.0,temperature@500hPa,lower_mesoscale,2.2704922579750364
aurora,mag_0.1_layer_all,48.0,temperature@500hPa,lower_mesoscale,2.4077003736808704
aurora,mag_0.1_layer_all,72.0,temperature@500hPa,lower_mesoscale,2.4783124305228146
aurora,mag_0.1_layer_all,96.0,temperature@500hPa,lower_mesoscale,2.4941040812903763
aurora,mag_0.1_layer_all,120.0,temperature@500hPa,lower_mesoscale,2.495764734454818
aurora,mag_0.1_layer_all,144.0,temperature@500hPa,lower_mesoscale,2.518676836846011
aurora,mag_0.1_layer_all,168.0,temperature@500hPa,lower_mesoscale,2.4932574403972656
aurora,mag_0.1_layer_all,192.0,temperature@500hPa,lower_mesoscale,2.477741685743913
aurora,mag_0.1_layer_all,216.0,temperature@500hPa,lower_mesoscale,2.5010354319324684
aurora,mag_0.1_layer_all,240.0,temperature@500hPa,lower_mesoscale,2.485440211715397
graphcast_operational,mag_0_layer_all,0.0,temperature@500hPa,planetary,1.437948751396082e-07
graphcast_operational,mag_0_layer_all,24.0,temperature@500hPa,planetary,0.007285288269748614
graphcast_operational,mag_0_layer_all,48.0,temperature@500hPa,planetary,0.015237792425779422
graphcast_operational,mag_0_layer_all,72.0,temperature@500hPa,planetary,0.014742042730356964
graphcast_operational,mag_0_layer_all,96.0,temperature@500hPa,planetary,0.018100249383611305
graphcast_operational,mag_0_layer_all,120.0,temperature@500hPa,planetary,0.03963320015423567
graphcast_operational,mag_0_layer_all,144.0,temperature@500hPa,planetary,0.07444433352618605
graphcast_operational,mag_0_layer_all,168.0,temperature@500hPa,planetary,0.05947200440903149
graphcast_operational,mag_0_layer_all,192.0,temperature@500hPa,planetary,0.10423717621965867
graphcast_operational,mag_0_layer_all,216.0,temperature@500hPa,planetary,0.13395714212239135
graphcast_operational,mag_0_layer_all,240.0,temperature@500hPa,planetary,0.10409660928579927
graphcast_operational,mag_0_layer_all,0.0,temperature@500hPa,synoptic,8.171494927239548e-07
graphcast_operational,mag_0_layer_all,24.0,temperature@500hPa,synoptic,0.13205836750833577
graphcast_operational,mag_0_layer_all,48.0,temperature@500hPa,synoptic,0.1930416142808123
graphcast_operational,mag_0_layer_all,72.0,temperature@500hPa,synoptic,0.24147346087489224
graphcast_operational,mag_0_layer_all,96.0,temperature@500hPa,synoptic,0.2540215740508859
graphcast_operational,mag_0_layer_all,120.0,temperature@500hPa,synoptic,0.27890797341967516
graphcast_operational,mag_0_layer_all,144.0,temperature@500hPa,synoptic,0.28591108169738455
graphcast_operational,mag_0_layer_all,168.0,temperature@500hPa,synoptic,0.27106954628477675
graphcast_operational,mag_0_layer_all,192.0,temperature@500hPa,synoptic,0.2910310719313926
graphcast_operational,mag_0_layer_all,216.0,temperature@500hPa,synoptic,0.33276415438484425
graphcast_operational,mag_0_layer_all,240.0,temperature@500hPa,synoptic,0.33490769613304133
graphcast_operational,mag_0_layer_all,0.0,temperature@500hPa,upper_mesoscale,5.784853225170681e-06
graphcast_operational,mag_0_layer_all,24.0,temperature@500hPa,upper_mesoscale,0.5683153062020954
graphcast_operational,mag_0_layer_all,48.0,temperature@500hPa,upper_mesoscale,0.6489071995601348
graphcast_operational,mag_0_layer_all,72.0,temperature@500hPa,upper_mesoscale,0.6907927329673137
graphcast_operational,mag_0_layer_all,96.0,temperature@500hPa,upper_mesoscale,0.713976153868608
graphcast_operational,mag_0_layer_all,120.0,temperature@500hPa,upper_mesoscale,0.7215167389955218
graphcast_operational,mag_0_layer_all,144.0,temperature@500hPa,upper_mesoscale,0.6994383700456402
graphcast_operational,mag_0_layer_all,168.0,temperature@500hPa,upper_mesoscale,0.6594928816153619
graphcast_operational,mag_0_layer_all,192.0,temperature@500hPa,upper_mesoscale,0.6531116564702107
graphcast_operational,mag_0_layer_all,216.0,temperature@500hPa,upper_mesoscale,0.6427097735374298
graphcast_operational,mag_0_layer_all,240.0,temperature@500hPa,upper_mesoscale,0.6983720358143485
graphcast_operational,mag_0_layer_all,0.0,temperature@500hPa,lower_mesoscale,0.035198259385616056
graphcast_operational,mag_0_layer_all,24.0,temperature@500hPa,lower_mesoscale,1.546928285212798
graphcast_operational,mag_0_layer_all,48.0,temperature@500hPa,lower_mesoscale,1.5533033017012021
graphcast_operational,mag_0_layer_all,72.0,temperature@500hPa,lower_mesoscale,1.5559798797283297
graphcast_operational,mag_0_layer_all,96.0,temperature@500hPa,lower_mesoscale,1.564174469946397
graphcast_operational,mag_0_layer_all,120.0,temperature@500hPa,lower_mesoscale,1.5657345698929979
graphcast_operational,mag_0_layer_all,144.0,temperature@500hPa,lower_mesoscale,1.5695900966966638
graphcast_operational,mag_0_layer_all,168.0,temperature@500hPa,lower_mesoscale,1.5612178043785583
graphcast_operational,mag_0_layer_all,192.0,temperature@500hPa,lower_mesoscale,1.5547682532162446
graphcast_operational,mag_0_layer_all,216.0,temperature@500hPa,lower_mesoscale,1.564827057970493
graphcast_operational,mag_0_layer_all,240.0,temperature@500hPa,lower_mesoscale,1.5756591219549103
graphcast_operational,mag_0.001_layer_all,0.0,temperature@500hPa,planetary,1.437948751396082e-07
graphcast_operational,mag_0.001_layer_all,24.0,temperature@500hPa,planetary,0.0055598044596195115
graphcast_operational,mag_0.001_layer_all,48.0,temperature@500hPa,planetary,0.011959183366512551
graphcast_operational,mag_0.001_layer_all,72.0,temperature@500hPa,planetary,0.009972176976809395
graphcast_operational,mag_0.001_layer_all,96.0,temperature@500hPa,planetary,0.01698982384388599
graphcast_operational,mag_0.001_layer_all,120.0,temperature@500hPa,planetary,0.03629118260844632
graphcast_operational,mag_0.001_layer_all,144.0,temperature@500hPa,planetary,0.06816925569613957
graphcast_operational,mag_0.001_layer_all,168.0,temperature@500hPa,planetary,0.05248033627877859
graphcast_operational,mag_0.001_layer_all,192.0,temperature@500hPa,planetary,0.08474938422193522
graphcast_operational,mag_0.001_layer_all,216.0,temperature@500hPa,planetary,0.11368888110252764
graphcast_operational,mag_0.001_layer_all,240.0,temperature@500hPa,planetary,0.06560711115782776
graphcast_operational,mag_0.001_layer_all,0.0,temperature@500hPa,synoptic,8.171494926988445e-07
graphcast_operational,mag_0.001_layer_all,24.0,temperature@500hPa,synoptic,0.12908777112730155
graphcast_operational,mag_0.001_layer_all,48.0,temperature@500hPa,synoptic,0.18780064028812166
graphcast_operational,mag_0.001_layer_all,72.0,temperature@500hPa,synoptic,0.2344966420839417
graphcast_operational,mag_0.001_layer_all,96.0,temperature@500hPa,synoptic,0.24500419931496997
graphcast_operational,mag_0.001_layer_all,120.0,temperature@500hPa,synoptic,0.2675531813270033
graphcast_operational,mag_0.001_layer_all,144.0,temperature@500hPa,synoptic,0.267669502774606
graphcast_operational,mag_0.001_layer_all,168.0,temperature@500hPa,synoptic,0.2512284294691212
graphcast_operational,mag_0.001_layer_all,192.0,temperature@500hPa,synoptic,0.2644624876578153
graphcast_operational,mag_0.001_layer_all,216.0,temperature@500hPa,synoptic,0.30540756942377145
graphcast_operational,mag_0.001_layer_all,240.0,temperature@500hPa,synoptic,0.30738450522354965
graphcast_operational,mag_0.001_layer_all,0.0,temperature@500hPa,upper_mesoscale,5.784853225184169e-06
graphcast_operational,mag_0.001_layer_all,24.0,temperature@500hPa,upper_mesoscale,0.5653883960857395
graphcast_operational,mag_0.001_layer_all,48.0,temperature@500hPa,upper_mesoscale,0.6442485418155377
graphcast_operational,mag_0.001_layer_all,72.0,temperature@500hPa,upper_mesoscale,0.6845002456514755
graphcast_operational,mag_0.001_layer_all,96.0,temperature@500hPa,upper_mesoscale,0.7053937462386088
graphcast_operational,mag_0.001_layer_all,120.0,temperature@500hPa,upper_mesoscale,0.713036318181316
graphcast_operational,mag_0.001_layer_all,144.0,temperature@500hPa,upper_mesoscale,0.6845234437904129
graphcast_operational,mag_0.001_layer_all,168.0,temperature@500hPa,upper_mesoscale,0.6415412128880014
graphcast_operational,mag_0.001_layer_all,192.0,temperature@500hPa,upper_mesoscale,0.6364479469763303
graphcast_operational,mag_0.001_layer_all,216.0,temperature@500hPa,upper_mesoscale,0.6320581143771604
graphcast_operational,mag_0.001_layer_all,240.0,temperature@500hPa,upper_mesoscale,0.6733889144435224
graphcast_operational,mag_0.001_layer_all,0.0,temperature@500hPa,lower_mesoscale,0.03519825938561605
graphcast_operational,mag_0.001_layer_all,24.0,temperature@500hPa,lower_mesoscale,1.5478788438935644
graphcast_operational,mag_0.001_layer_all,48.0,temperature@500hPa,lower_mesoscale,1.5541371703447031
graphcast_operational,mag_0.001_layer_all,72.0,temperature@500hPa,lower_mesoscale,1.5572822686473176
graphcast_operational,mag_0.001_layer_all,96.0,temperature@500hPa,lower_mesoscale,1.566151508088843
graphcast_operational,mag_0.001_layer_all,120.0,temperature@500hPa,lower_mesoscale,1.568002689754671
graphcast_operational,mag_0.001_layer_all,144.0,temperature@500hPa,lower_mesoscale,1.5735946932785962
graphcast_operational,mag_0.001_layer_all,168.0,temperature@500hPa,lower_mesoscale,1.5654238286702769
graphcast_operational,mag_0.001_layer_all,192.0,temperature@500hPa,lower_mesoscale,1.5593459886316332
graphcast_operational,mag_0.001_layer_all,216.0,temperature@500hPa,lower_mesoscale,1.5697618992746476
graphcast_operational,mag_0.001_layer_all,240.0,temperature@500hPa,lower_mesoscale,1.5807226956669191
graphcast_operational,mag_0.003_layer_all,0.0,temperature@500hPa,planetary,1.437948751396082e-07
graphcast_operational,mag_0.003_layer_all,24.0,temperature@500hPa,planetary,0.0050320073601327585
graphcast_operational,mag_0.003_layer_all,48.0,temperature@500hPa,planetary,0.011423500572383172
graphcast_operational,mag_0.003_layer_all,72.0,temperature@500hPa,planetary,0.009897454868628171
graphcast_operational,mag_0.003_layer_all,96.0,temperature@500hPa,planetary,0.018331307377286558
graphcast_operational,mag_0.003_layer_all,120.0,temperature@500hPa,planetary,0.03815019020366703
graphcast_operational,mag_0.003_layer_all,144.0,temperature@500hPa,planetary,0.06834373752638484
graphcast_operational,mag_0.003_layer_all,168.0,temperature@500hPa,planetary,0.059460873658677735
graphcast_operational,mag_0.003_layer_all,192.0,temperature@500hPa,planetary,0.0809767605205053
graphcast_operational,mag_0.003_layer_all,216.0,temperature@500hPa,planetary,0.10988036555492364
graphcast_operational,mag_0.003_layer_all,240.0,temperature@500hPa,planetary,0.052508770263121896
graphcast_operational,mag_0.003_layer_all,0.0,temperature@500hPa,synoptic,8.171494926988445e-07
graphcast_operational,mag_0.003_layer_all,24.0,temperature@500hPa,synoptic,0.12678736892684567
graphcast_operational,mag_0.003_layer_all,48.0,temperature@500hPa,synoptic,0.1812054997068714
graphcast_operational,mag_0.003_layer_all,72.0,temperature@500hPa,synoptic,0.22469774824448172
graphcast_operational,mag_0.003_layer_all,96.0,temperature@500hPa,synoptic,0.23607983075570968
graphcast_operational,mag_0.003_layer_all,120.0,temperature@500hPa,synoptic,0.2557479183962714
graphcast_operational,mag_0.003_layer_all,144.0,temperature@500hPa,synoptic,0.2582728015757743
graphcast_operational,mag_0.003_layer_all,168.0,temperature@500hPa,synoptic,0.24517153673167466
graphcast_operational,mag_0.003_layer_all,192.0,temperature@500hPa,synoptic,0.2510913425539379
graphcast_operational,mag_0.003_layer_all,216.0,temperature@500hPa,synoptic,0.2914977415573005
graphcast_operational,mag_0.003_layer_all,240.0,temperature@500hPa,synoptic,0.2875381358039563
graphcast_operational,mag_0.003_layer_all,0.0,temperature@500hPa,upper_mesoscale,5.784853225184169e-06
graphcast_operational,mag_0.003_layer_all,24.0,temperature@500hPa,upper_mesoscale,0.5620353213527693
graphcast_operational,mag_0.003_layer_all,48.0,temperature@500hPa,upper_mesoscale,0.6371709217020377
graphcast_operational,mag_0.003_layer_all,72.0,temperature@500hPa,upper_mesoscale,0.6743564337814595
graphcast_operational,mag_0.003_layer_all,96.0,temperature@500hPa,upper_mesoscale,0.6941877408035043
graphcast_operational,mag_0.003_layer_all,120.0,temperature@500hPa,upper_mesoscale,0.7019755818799509
graphcast_operational,mag_0.003_layer_all,144.0,temperature@500hPa,upper_mesoscale,0.6660163324826363
graphcast_operational,mag_0.003_layer_all,168.0,temperature@500hPa,upper_mesoscale,0.627220711026427
graphcast_operational,mag_0.003_layer_all,192.0,temperature@500hPa,upper_mesoscale,0.6331707190278613
graphcast_operational,mag_0.003_layer_all,216.0,temperature@500hPa,upper_mesoscale,0.6341987602075678
graphcast_operational,mag_0.003_layer_all,240.0,temperature@500hPa,upper_mesoscale,0.6530621819878385
graphcast_operational,mag_0.003_layer_all,0.0,temperature@500hPa,lower_mesoscale,0.03519825938561605
graphcast_operational,mag_0.003_layer_all,24.0,temperature@500hPa,lower_mesoscale,1.5480726840929016
graphcast_operational,mag_0.003_layer_all,48.0,temperature@500hPa,lower_mesoscale,1.5547484373671527
graphcast_operational,mag_0.003_layer_all,72.0,temperature@500hPa,lower_mesoscale,1.5582680660047807
graphcast_operational,mag_0.003_layer_all,96.0,temperature@500hPa,lower_mesoscale,1.5674426733441147
graphcast_operational,mag_0.003_layer_all,120.0,temperature@500hPa,lower_mesoscale,1.569350966649966
graphcast_operational,mag_0.003_layer_all,144.0,temperature@500hPa,lower_mesoscale,1.5753837951952103
graphcast_operational,mag_0.003_layer_all,168.0,temperature@500hPa,lower_mesoscale,1.567983245710259
graphcast_operational,mag_0.003_layer_all,192.0,temperature@500hPa,lower_mesoscale,1.5608482428497863
graphcast_operational,mag_0.003_layer_all,216.0,temperature@500hPa,lower_mesoscale,1.5723844464321703
graphcast_operational,mag_0.003_layer_all,240.0,temperature@500hPa,lower_mesoscale,1.5833130145406873
graphcast_operational,mag_0.01_layer_all,0.0,temperature@500hPa,planetary,1.437948751396082e-07
graphcast_operational,mag_0.01_layer_all,24.0,temperature@500hPa,planetary,0.004421950530458612
graphcast_operational,mag_0.01_layer_all,48.0,temperature@500hPa,planetary,0.010081806547625232
graphcast_operational,mag_0.01_layer_all,72.0,temperature@500hPa,planetary,0.008221098601284985
graphcast_operational,mag_0.01_layer_all,96.0,temperature@500hPa,planetary,0.018492342816730768
graphcast_operational,mag_0.01_layer_all,120.0,temperature@500hPa,planetary,0.03876470871452274
graphcast_operational,mag_0.01_layer_all,144.0,temperature@500hPa,planetary,0.062130788637212976
graphcast_operational,mag_0.01_layer_all,168.0,temperature@500hPa,planetary,0.05909589539489754
graphcast_operational,mag_0.01_layer_all,192.0,temperature@500hPa,planetary,0.04637405756762177
graphcast_operational,mag_0.01_layer_all,216.0,temperature@500hPa,planetary,0.08194402411599111
graphcast_operational,mag_0.01_layer_all,240.0,temperature@500hPa,planetary,0.051280430606910385
graphcast_operational,mag_0.01_layer_all,0.0,temperature@500hPa,synoptic,8.171494926988445e-07
graphcast_operational,mag_0.01_layer_all,24.0,temperature@500hPa,synoptic,0.12290988976652283
graphcast_operational,mag_0.01_layer_all,48.0,temperature@500hPa,synoptic,0.17405375262447895
graphcast_operational,mag_0.01_layer_all,72.0,temperature@500hPa,synoptic,0.2138601733837081
graphcast_operational,mag_0.01_layer_all,96.0,temperature@500hPa,synoptic,0.22498113009699772
graphcast_operational,mag_0.01_layer_all,120.0,temperature@500hPa,synoptic,0.24154948310015775
graphcast_operational,mag_0.01_layer_all,144.0,temperature@500hPa,synoptic,0.23709366014488456
graphcast_operational,mag_0.01_layer_all,168.0,temperature@500hPa,synoptic,0.22054069299541473
graphcast_operational,mag_0.01_layer_all,192.0,temperature@500hPa,synoptic,0.2447973922836649
graphcast_operational,mag_0.01_layer_all,216.0,temperature@500hPa,synoptic,0.2601597556418784
graphcast_operational,mag_0.01_layer_all,240.0,temperature@500hPa,synoptic,0.258398430866745
graphcast_operational,mag_0.01_layer_all,0.0,temperature@500hPa,upper_mesoscale,5.784853225184169e-06
graphcast_operational,mag_0.01_layer_all,24.0,temperature@500hPa,upper_mesoscale,0.5571764714405173
graphcast_operational,mag_0.01_layer_all,48.0,temperature@500hPa,upper_mesoscale,0.6283833383526574
graphcast_operational,mag_0.01_layer_all,72.0,temperature@500hPa,upper_mesoscale,0.6589087365709728
graphcast_operational,mag_0.01_layer_all,96.0,temperature@500hPa,upper_mesoscale,0.6732915811970042
graphcast_operational,mag_0.01_layer_all,120.0,temperature@500hPa,upper_mesoscale,0.6768685985184111
graphcast_operational,mag_0.01_layer_all,144.0,temperature@500hPa,upper_mesoscale,0.6260476608668146
graphcast_operational,mag_0.01_layer_all,168.0,temperature@500hPa,upper_mesoscale,0.6064825100570386
graphcast_operational,mag_0.01_layer_all,192.0,temperature@500hPa,upper_mesoscale,0.6325722775668212
graphcast_operational,mag_0.01_layer_all,216.0,temperature@500hPa,upper_mesoscale,0.6334380757243161
graphcast_operational,mag_0.01_layer_all,240.0,temperature@500hPa,upper_mesoscale,0.6229814438773197
graphcast_operational,mag_0.01_layer_all,0.0,temperature@500hPa,lower_mesoscale,0.03519825938561605
graphcast_operational,mag_0.01_layer_all,24.0,temperature@500hPa,lower_mesoscale,1.5492576734691677
graphcast_operational,mag_0.01_layer_all,48.0,temperature@500hPa,lower_mesoscale,1.5567437348080266
graphcast_operational,mag_0.01_layer_all,72.0,temperature@500hPa,lower_mesoscale,1.5605263595814705
graphcast_operational,mag_0.01_layer_all,96.0,temperature@500hPa,lower_mesoscale,1.571218448647442
graphcast_operational,mag_0.01_layer_all,120.0,temperature@500hPa,lower_mesoscale,1.5739262117550354
graphcast_operational,mag_0.01_layer_all,144.0,temperature@500hPa,lower_mesoscale,1.5815092612723234
graphcast_operational,mag_0.01_layer_all,168.0,temperature@500hPa,lower_mesoscale,1.5749819909340168
graphcast_operational,mag_0.01_layer_all,192.0,temperature@500hPa,lower_mesoscale,1.5691314865280228
graphcast_operational,mag_0.01_layer_all,216.0,temperature@500hPa,lower_mesoscale,1.5824006616290927
graphcast_operational,mag_0.01_layer_all,240.0,temperature@500hPa,lower_mesoscale,1.5944175358319337
graphcast_operational,mag_0.03_layer_all,0.0,temperature@500hPa,planetary,1.437948751396082e-07
graphcast_operational,mag_0.03_layer_all,24.0,temperature@500hPa,planetary,0.008001453014706455
graphcast_operational,mag_0.03_layer_all,48.0,temperature@500hPa,planetary,0.009998822005275227
graphcast_operational,mag_0.03_layer_all,72.0,temperature@500hPa,planetary,0.0197482501450581
graphcast_operational,mag_0.03_layer_all,96.0,temperature@500hPa,planetary,0.04050064444660931
graphcast_operational,mag_0.03_layer_all,120.0,temperature@500hPa,planetary,0.05114598198281979
graphcast_operational,mag_0.03_layer_all,144.0,temperature@500hPa,planetary,0.07862798841114962
graphcast_operational,mag_0.03_layer_all,168.0,temperature@500hPa,planetary,0.06909089115409303
graphcast_operational,mag_0.03_layer_all,192.0,temperature@500hPa,planetary,0.04115940387364159
graphcast_operational,mag_0.03_layer_all,216.0,temperature@500hPa,planetary,0.09793181734852176
graphcast_operational,mag_0.03_layer_all,240.0,temperature@500hPa,planetary,0.08678528596002139
graphcast_operational,mag_0.03_layer_all,0.0,temperature@500hPa,synoptic,8.171494926988445e-07
graphcast_operational,mag_0.03_layer_all,24.0,temperature@500hPa,synoptic,0.10002258726141168
graphcast_operational,mag_0.03_layer_all,48.0,temperature@500hPa,synoptic,0.13330979221791636
graphcast_operational,mag_0.03_layer_all,72.0,temperature@500hPa,synoptic,0.15152013160825306
graphcast_operational,mag_0.03_layer_all,96.0,temperature@500hPa,synoptic,0.156541831793988
graphcast_operational,mag_0.03_layer_all,120.0,temperature@500hPa,synoptic,0.1568088078244061
graphcast_operational,mag_0.03_layer_all,144.0,temperature@500hPa,synoptic,0.17134069371500926
graphcast_operational,mag_0.03_layer_all,168.0,temperature@500hPa,synoptic,0.14519444949889798
graphcast_operational,mag_0.03_layer_all,192.0,temperature@500hPa,synoptic,0.17774674593311082
graphcast_operational,mag_0.03_layer_all,216.0,temperature@500hPa,synoptic,0.20509706826096566
graphcast_operational,mag_0.03_layer_all,240.0,temperature@500hPa,synoptic,0.20502559845696186
graphcast_operational,mag_0.03_layer_all,0.0,temperature@500hPa,upper_mesoscale,5.784853225184169e-06
graphcast_operational,mag_0.03_layer_all,24.0,temperature@500hPa,upper_mesoscale,0.5202644514934803
graphcast_operational,mag_0.03_layer_all,48.0,temperature@500hPa,upper_mesoscale,0.5624390737275926
graphcast_operational,mag_0.03_layer_all,72.0,temperature@500hPa,upper_mesoscale,0.5594243376510727
graphcast_operational,mag_0.03_layer_all,96.0,temperature@500hPa,upper_mesoscale,0.5607610755091561
graphcast_operational,mag_0.03_layer_all,120.0,temperature@500hPa,upper_mesoscale,0.5467119489061656
graphcast_operational,mag_0.03_layer_all,144.0,temperature@500hPa,upper_mesoscale,0.5115828336952063
graphcast_operational,mag_0.03_layer_all,168.0,temperature@500hPa,upper_mesoscale,0.5129075884762139
graphcast_operational,mag_0.03_layer_all,192.0,temperature@500hPa,upper_mesoscale,0.5291294266850066
graphcast_operational,mag_0.03_layer_all,216.0,temperature@500hPa,upper_mesoscale,0.5378598894486881
graphcast_operational,mag_0.03_layer_all,240.0,temperature@500hPa,upper_mesoscale,0.5339715312881278
graphcast_operational,mag_0.03_layer_all,0.0,temperature@500hPa,lower_mesoscale,0.03519825938561605
graphcast_operational,mag_0.03_layer_all,24.0,temperature@500hPa,lower_mesoscale,1.558887694455117
graphcast_operational,mag_0.03_layer_all,48.0,temperature@500hPa,lower_mesoscale,1.5731000623262938
graphcast_operational,mag_0.03_layer_all,72.0,temperature@500hPa,lower_mesoscale,1.5858751467893955
graphcast_operational,mag_0.03_layer_all,96.0,temperature@500hPa,lower_mesoscale,1.6036744953026854
graphcast_operational,mag_0.03_layer_all,120.0,temperature@500hPa,lower_mesoscale,1.6130880693040053
graphcast_operational,mag_0.03_layer_all,144.0,temperature@500hPa,lower_mesoscale,1.6323303437916061
graphcast_operational,mag_0.03_layer_all,168.0,temperature@500hPa,lower_mesoscale,1.6294251831970459
graphcast_operational,mag_0.03_layer_all,192.0,temperature@500hPa,lower_mesoscale,1.6274519440709827
graphcast_operational,mag_0.03_layer_all,216.0,temperature@500hPa,lower_mesoscale,1.644734683250874
graphcast_operational,mag_0.03_layer_all,240.0,temperature@500hPa,lower_mesoscale,1.6570679149488952
graphcast_operational,mag_0.1_layer_all,0.0,temperature@500hPa,planetary,1.437948751396082e-07
graphcast_operational,mag_0.1_layer_all,24.0,temperature@500hPa,planetary,0.020279003400326782
graphcast_operational,mag_0.1_layer_all,48.0,temperature@500hPa,planetary,0.02105604024076228
graphcast_operational,mag_0.1_layer_all,72.0,temperature@500hPa,planetary,0.040918328782612076
graphcast_operational,mag_0.1_layer_all,96.0,temperature@500hPa,planetary,0.04224149918463829
graphcast_operational,mag_0.1_layer_all,120.0,temperature@500hPa,planetary,0.08365361905411033
graphcast_operational,mag_0.1_layer_all,144.0,temperature@500hPa,planetary,0.10304002825520082
graphcast_operational,mag_0.1_layer_all,168.0,temperature@500hPa,planetary,0.0893593823537805
graphcast_operational,mag_0.1_layer_all,192.0,temperature@500hPa,planetary,0.03974478255432341
graphcast_operational,mag_0.1_layer_all,216.0,temperature@500hPa,planetary,0.12268636462782054
graphcast_operational,mag_0.1_layer_all,240.0,temperature@500hPa,planetary,0.1341385111350704
graphcast_operational,mag_0.1_layer_all,0.0,temperature@500hPa,synoptic,8.171494926988445e-07
graphcast_operational,mag_0.1_layer_all,24.0,temperature@500hPa,synoptic,0.05910738601345744
graphcast_operational,mag_0.1_layer_all,48.0,temperature@500hPa,synoptic,0.06632792434756958
graphcast_operational,mag_0.1_layer_all,72.0,temperature@500hPa,synoptic,0.08653266833499096
graphcast_operational,mag_0.1_layer_all,96.0,temperature@500hPa,synoptic,0.10939313820014755
graphcast_operational,mag_0.1_layer_all,120.0,temperature@500hPa,synoptic,0.12467684530068572
graphcast_operational,mag_0.1_layer_all,144.0,temperature@500hPa,synoptic,0.1398804023890218
graphcast_operational,mag_0.1_layer_all,168.0,temperature@500hPa,synoptic,0.10275831441918803
graphcast_operational,mag_0.1_layer_all,192.0,temperature@500hPa,synoptic,0.1311178582977903
graphcast_operational,mag_0.1_layer_all,216.0,temperature@500hPa,synoptic,0.1597825982434804
graphcast_operational,mag_0.1_layer_all,240.0,temperature@500hPa,synoptic,0.16636955275120102
graphcast_operational,mag_0.1_layer_all,0.0,temperature@500hPa,upper_mesoscale,5.784853225184169e-06
graphcast_operational,mag_0.1_layer_all,24.0,temperature@500hPa,upper_mesoscale,0.3162056746731732
graphcast_operational,mag_0.1_layer_all,48.0,temperature@500hPa,upper_mesoscale,0.3040392297083125
graphcast_operational,mag_0.1_layer_all,72.0,temperature@500hPa,upper_mesoscale,0.2861801004901674
graphcast_operational,mag_0.1_layer_all,96.0,temperature@500hPa,upper_mesoscale,0.284159900659894
graphcast_operational,mag_0.1_layer_all,120.0,temperature@500hPa,upper_mesoscale,0.2922241334274203
graphcast_operational,mag_0.1_layer_all,144.0,temperature@500hPa,upper_mesoscale,0.29178336604311744
graphcast_operational,mag_0.1_layer_all,168.0,temperature@500hPa,upper_mesoscale,0.3053924788533084
graphcast_operational,mag_0.1_layer_all,192.0,temperature@500hPa,upper_mesoscale,0.3153163496191909
graphcast_operational,mag_0.1_layer_all,216.0,temperature@500hPa,upper_mesoscale,0.3315624676955473
graphcast_operational,mag_0.1_layer_all,240.0,temperature@500hPa,upper_mesoscale,0.3474624364991213
graphcast_operational,mag_0.1_layer_all,0.0,temperature@500hPa,lower_mesoscale,0.03519825938561605
graphcast_operational,mag_0.1_layer_all,24.0,temperature@500hPa,lower_mesoscale,1.6880583846490378
graphcast_operational,mag_0.1_layer_all,48.0,temperature@500hPa,lower_mesoscale,1.7510483906764804
graphcast_operational,mag_0.1_layer_all,72.0,temperature@500hPa,lower_mesoscale,1.8152258450160164
graphcast_operational,mag_0.1_layer_all,96.0,temperature@500hPa,lower_mesoscale,1.8679931218883152
graphcast_operational,mag_0.1_layer_all,120.0,temperature@500hPa,lower_mesoscale,1.9135940869864767
graphcast_operational,mag_0.1_layer_all,144.0,temperature@500hPa,lower_mesoscale,1.9768392874462803
graphcast_operational,mag_0.1_layer_all,168.0,temperature@500hPa,lower_mesoscale,2.003682021462461
graphcast_operational,mag_0.1_layer_all,192.0,temperature@500hPa,lower_mesoscale,2.0292923548622515
graphcast_operational,mag_0.1_layer_all,216.0,temperature@500hPa,lower_mesoscale,2.0776800010818413
graphcast_operational,mag_0.1_layer_all,240.0,temperature@500hPa,lower_mesoscale,2.106333397141683
sfno,mag_0_layer_all,0.0,temperature@500hPa,planetary,1.437948751396082e-07
sfno,mag_0_layer_all,24.0,temperature@500hPa,planetary,0.011339347363844895
sfno,mag_0_layer_all,48.0,temperature@500hPa,planetary,0.014735675549925404
sfno,mag_0_layer_all,72.0,temperature@500hPa,planetary,0.03237834764622221
sfno,mag_0_layer_all,96.0,temperature@500hPa,planetary,0.038064873388368246
sfno,mag_0_layer_all,120.0,temperature@500hPa,planetary,0.06054977199178995
sfno,mag_0_layer_all,144.0,temperature@500hPa,planetary,0.06675831444818946
sfno,mag_0_layer_all,168.0,temperature@500hPa,planetary,0.07562009408983571
sfno,mag_0_layer_all,192.0,temperature@500hPa,planetary,0.08842899725691797
sfno,mag_0_layer_all,216.0,temperature@500hPa,planetary,0.11378897213383589
sfno,mag_0_layer_all,240.0,temperature@500hPa,planetary,0.12959082692295687
sfno,mag_0_layer_all,0.0,temperature@500hPa,synoptic,8.171494927239548e-07
sfno,mag_0_layer_all,24.0,temperature@500hPa,synoptic,0.13196559296147214
sfno,mag_0_layer_all,48.0,temperature@500hPa,synoptic,0.16218003210733603
sfno,mag_0_layer_all,72.0,temperature@500hPa,synoptic,0.1757305278483975
sfno,mag_0_layer_all,96.0,temperature@500hPa,synoptic,0.17682216809967152
sfno,mag_0_layer_all,120.0,temperature@500hPa,synoptic,0.20073478062002223
sfno,mag_0_layer_all,144.0,temperature@500hPa,synoptic,0.2473911197841423
sfno,mag_0_layer_all,168.0,temperature@500hPa,synoptic,0.2096778850004733
sfno,mag_0_layer_all,192.0,temperature@500hPa,synoptic,0.19236518317598889
sfno,mag_0_layer_all,216.0,temperature@500hPa,synoptic,0.2229312628028905
sfno,mag_0_layer_all,240.0,temperature@500hPa,synoptic,0.2064734555914401
sfno,mag_0_layer_all,0.0,temperature@500hPa,upper_mesoscale,5.784853225170681e-06
sfno,mag_0_layer_all,24.0,temperature@500hPa,upper_mesoscale,0.6930165322215769
sfno,mag_0_layer_all,48.0,temperature@500hPa,upper_mesoscale,0.6981647859623393
sfno,mag_0_layer_all,72.0,temperature@500hPa,upper_mesoscale,0.723708850577959
sfno,mag_0_layer_all,96.0,temperature@500hPa,upper_mesoscale,0.7258581880571161
sfno,mag_0_layer_all,120.0,temperature@500hPa,upper_mesoscale,0.7035083294808154
sfno,mag_0_layer_all,144.0,temperature@500hPa,upper_mesoscale,0.678490795343377
sfno,mag_0_layer_all,168.0,temperature@500hPa,upper_mesoscale,0.6511178377352679
sfno,mag_0_layer_all,192.0,temperature@500hPa,upper_mesoscale,0.6867768493224964
sfno,mag_0_layer_all,216.0,temperature@500hPa,upper_mesoscale,0.684337701977845
sfno,mag_0_layer_all,240.0,temperature@500hPa,upper_mesoscale,0.6911719977065558
sfno,mag_0_layer_all,0.0,temperature@500hPa,lower_mesoscale,0.035198259385616056
sfno,mag_0_layer_all,24.0,temperature@500hPa,lower_mesoscale,1.1467036923833458
sfno,mag_0_layer_all,48.0,temperature@500hPa,lower_mesoscale,1.1426800934953991
sfno,mag_0_layer_all,72.0,temperature@500hPa,lower_mesoscale,1.1181474412621613
sfno,mag_0_layer_all,96.0,temperature@500hPa,lower_mesoscale,1.1092085459682517
sfno,mag_0_layer_all,120.0,temperature@500hPa,lower_mesoscale,1.0975730486530058
sfno,mag_0_layer_all,144.0,temperature@500hPa,lower_mesoscale,1.0718448828037805
sfno,mag_0_layer_all,168.0,temperature@500hPa,lower_mesoscale,1.08363886594182
sfno,mag_0_layer_all,192.0,temperature@500hPa,lower_mesoscale,1.0893744176607767
sfno,mag_0_layer_all,216.0,temperature@500hPa,lower_mesoscale,1.0888375473853256
sfno,mag_0_layer_all,240.0,temperature@500hPa,lower_mesoscale,1.0998194670525474
sfno,mag_0.001_layer_all,0.0,temperature@500hPa,planetary,1.437948751396082e-07
sfno,mag_0.001_layer_all,24.0,temperature@500hPa,planetary,0.011160725305819722
sfno,mag_0.001_layer_all,48.0,temperature@500hPa,planetary,0.014386232052604385
sfno,mag_0.001_layer_all,72.0,temperature@500hPa,planetary,0.03197559535701615
sfno,mag_0.001_layer_all,96.0,temperature@500hPa,planetary,0.0383149946059545
sfno,mag_0.001_layer_all,120.0,temperature@500hPa,planetary,0.06012129533155231
sfno,mag_0.001_layer_all,144.0,temperature@500hPa,planetary,0.06722659582044241
sfno,mag_0.001_layer_all,168.0,temperature@500hPa,planetary,0.07401685159203189
sfno,mag_0.001_layer_all,192.0,temperature@500hPa,planetary,0.08907386671169595
sfno,mag_0.001_layer_all,216.0,temperature@500hPa,planetary,0.11190326702714963
sfno,mag_0.001_layer_all,240.0,temperature@500hPa,planetary,0.12512852047049375
sfno,mag_0.001_layer_all,0.0,temperature@500hPa,synoptic,8.171494926988445e-07
sfno,mag_0.001_layer_all,24.0,temperature@500hPa,synoptic,0.1316680045984882
sfno,mag_0.001_layer_all,48.0,temperature@500hPa,synoptic,0.16137438087771713
sfno,mag_0.001_layer_all,72.0,temperature@500hPa,synoptic,0.17508426694923024
sfno,mag_0.001_layer_all,96.0,temperature@500hPa,synoptic,0.17574007427582267
sfno,mag_0.001_layer_all,120.0,temperature@500hPa,synoptic,0.19958690171081728
sfno,mag_0.001_layer_all,144.0,temperature@500hPa,synoptic,0.24671662570941416
sfno,mag_0.001_layer_all,168.0,temperature@500hPa,synoptic,0.2086093251505465
sfno,mag_0.001_layer_all,192.0,temperature@500hPa,synoptic,0.18743059687611524
sfno,mag_0.001_layer_all,216.0,temperature@500hPa,synoptic,0.2208868877196085
sfno,mag_0.001_layer_all,240.0,temperature@500hPa,synoptic,0.2087660694924232
sfno,mag_0.001_layer_all,0.0,temperature@500hPa,upper_mesoscale,5.784853225184169e-06
sfno,mag_0.001_layer_all,24.0,temperature@500hPa,upper_mesoscale,0.6926255592157401
sfno,mag_0.001_layer_all,48.0,temperature@500hPa,upper_mesoscale,0.6976626908485676
sfno,mag_0.001_layer_all,72.0,temperature@500hPa,upper_mesoscale,0.7230993032588513
sfno,mag_0.001_layer_all,96.0,temperature@500hPa,upper_mesoscale,0.72462417980809
sfno,mag_0.001_layer_all,120.0,temperature@500hPa,upper_mesoscale,0.701519406136988
sfno,mag_0.001_layer_all,144.0,temperature@500hPa,upper_mesoscale,0.6773643147525363
sfno,mag_0.001_layer_all,168.0,temperature@500hPa,upper_mesoscale,0.6519048209339603
sfno,mag_0.001_layer_all,192.0,temperature@500hPa,upper_mesoscale,0.6793827357359759
sfno,mag_0.001_layer_all,216.0,temperature@500hPa,upper_mesoscale,0.6857336071691377
sfno,mag_0.001_layer_all,240.0,temperature@500hPa,upper_mesoscale,0.6935011720123935
sfno,mag_0.001_layer_all,0.0,temperature@500hPa,lower_mesoscale,0.03519825938561605
sfno,mag_0.001_layer_all,24.0,temperature@500hPa,lower_mesoscale,1.1465782023373776
sfno,mag_0.001_layer_all,48.0,temperature@500hPa,lower_mesoscale,1.1427575574334436
sfno,mag_0.001_layer_all,72.0,temperature@500hPa,lower_mesoscale,1.1178427044738697
sfno,mag_0.001_layer_all,96.0,temperature@500hPa,lower_mesoscale,1.1091937464423327
sfno,mag_0.001_layer_all,120.0,temperature@500hPa,lower_mesoscale,1.097704895983733
sfno,mag_0.001_layer_all,144.0,temperature@500hPa,lower_mesoscale,1.0716250662669267
sfno,mag_0.001_layer_all,168.0,temperature@500hPa,lower_mesoscale,1.0838136705232673
sfno,mag_0.001_layer_all,192.0,temperature@500hPa,lower_mesoscale,1.089760085121264
sfno,mag_0.001_layer_all,216.0,temperature@500hPa,lower_mesoscale,1.089351881760852
sfno,mag_0.001_layer_all,240.0,temperature@500hPa,lower_mesoscale,1.1001003914639318
sfno,mag_0.003_layer_all,0.0,temperature@500hPa,planetary,1.437948751396082e-07
sfno,mag_0.003_layer_all,24.0,temperature@500hPa,planetary,0.010959534842988743
sfno,mag_0.003_layer_all,48.0,temperature@500hPa,planetary,0.014023230564128028
sfno,mag_0.003_layer_all,72.0,temperature@500hPa,planetary,0.031467092362668224
sfno,mag_0.003_layer_all,96.0,temperature@500hPa,planetary,0.039062465782480287
sfno,mag_0.003_layer_all,120.0,temperature@500hPa,planetary,0.05917013947373991
sfno,mag_0.003_layer_all,144.0,temperature@500hPa,planetary,0.06697846940774715
sfno,mag_0.003_layer_all,168.0,temperature@500hPa,planetary,0.07071396309056749
sfno,mag_0.003_layer_all,192.0,temperature@500hPa,planetary,0.08749675668901881
sfno,mag_0.003_layer_all,216.0,temperature@500hPa,planetary,0.10310179660187654
sfno,mag_0.003_layer_all,240.0,temperature@500hPa,planetary,0.10299411165129513
sfno,mag_0.003_layer_all,0.0,temperature@500hPa,synoptic,8.171494926988445e-07
sfno,mag_0.003_layer_all,24.0,temperature@500hPa,synoptic,0.13081066940810265
sfno,mag_0.003_layer_all,48.0,temperature@500hPa,synoptic,0.15951580333033552
sfno,mag_0.003_layer_all,72.0,temperature@500hPa,synoptic,0.17303581185255393
sfno,mag_0.003_layer_all,96.0,temperature@500hPa,synoptic,0.17377287917471554
sfno,mag_0.003_layer_all,120.0,temperature@500hPa,synoptic,0.19744489364678808
sfno,mag_0.003_layer_all,144.0,temperature@500hPa,synoptic,0.24311831301191492
sfno,mag_0.003_layer_all,168.0,temperature@500hPa,synoptic,0.19950496995316333
sfno,mag_0.003_layer_all,192.0,temperature@500hPa,synoptic,0.180508257955415
sfno,mag_0.003_layer_all,216.0,temperature@500hPa,synoptic,0.2103895026106248
sfno,mag_0.003_layer_all,240.0,temperature@500hPa,synoptic,0.20189480220321968
sfno,mag_0.003_layer_all,0.0,temperature@500hPa,upper_mesoscale,5.784853225184169e-06
sfno,mag_0.003_layer_all,24.0,temperature@500hPa,upper_mesoscale,0.6912816956787275
sfno,mag_0.003_layer_all,48.0,temperature@500hPa,upper_mesoscale,0.6961322858987501
sfno,mag_0.003_layer_all,72.0,temperature@500hPa,upper_mesoscale,0.7207824414308173
sfno,mag_0.003_layer_all,96.0,temperature@500hPa,upper_mesoscale,0.7203307911508137
sfno,mag_0.003_layer_all,120.0,temperature@500hPa,upper_mesoscale,0.6975779435540749
sfno,mag_0.003_layer_all,144.0,temperature@500hPa,upper_mesoscale,0.6756281917207394
sfno,mag_0.003_layer_all,168.0,temperature@500hPa,upper_mesoscale,0.6476246730266008
sfno,mag_0.003_layer_all,192.0,temperature@500hPa,upper_mesoscale,0.6681198251969425
sfno,mag_0.003_layer_all,216.0,temperature@500hPa,upper_mesoscale,0.6828520712682118
sfno,mag_0.003_layer_all,240.0,temperature@500hPa,upper_mesoscale,0.6852314532005662
sfno,mag_0.003_layer_all,0.0,temperature@500hPa,lower_mesoscale,0.03519825938561605
sfno,mag_0.003_layer_all,24.0,temperature@500hPa,lower_mesoscale,1.1462222639109292
sfno,mag_0.003_layer_all,48.0,temperature@500hPa,lower_mesoscale,1.1424106134365009
sfno,mag_0.003_layer_all,72.0,temperature@500hPa,lower_mesoscale,1.1174551767020833
sfno,mag_0.003_layer_all,96.0,temperature@500hPa,lower_mesoscale,1.1086244897255577
sfno,mag_0.003_layer_all,120.0,temperature@500hPa,lower_mesoscale,1.0974829936628496
sfno,mag_0.003_layer_all,144.0,temperature@500hPa,lower_mesoscale,1.071647893206531
sfno,mag_0.003_layer_all,168.0,temperature@500hPa,lower_mesoscale,1.083840811062226
sfno,mag_0.003_layer_all,192.0,temperature@500hPa,lower_mesoscale,1.0894582916287876
sfno,mag_0.003_layer_all,216.0,temperature@500hPa,lower_mesoscale,1.0889991228890223
sfno,mag_0.003_layer_all,240.0,temperature@500hPa,lower_mesoscale,1.09993266528085
sfno,mag_0.01_layer_all,0.0,temperature@500hPa,planetary,1.437948751396082e-07
sfno,mag_0.01_layer_all,24.0,temperature@500hPa,planetary,0.01053829297362525
sfno,mag_0.01_layer_all,48.0,temperature@500hPa,planetary,0.012967133361713205
sfno,mag_0.01_layer_all,72.0,temperature@500hPa,planetary,0.029539211190376082
sfno,mag_0.01_layer_all,96.0,temperature@500hPa,planetary,0.0421193218349871
sfno,mag_0.01_layer_all,120.0,temperature@500hPa,planetary,0.051785989482552974
sfno,mag_0.01_layer_all,144.0,temperature@500hPa,planetary,0.056989531253711034
sfno,mag_0.01_layer_all,168.0,temperature@500hPa,planetary,0.0517766976633518
sfno,mag_0.01_layer_all,192.0,temperature@500hPa,planetary,0.06739503706903889
sfno,mag_0.01_layer_all,216.0,temperature@500hPa,planetary,0.09836749511468444
sfno,mag_0.01_layer_all,240.0,temperature@500hPa,planetary,0.09229221139667182
sfno,mag_0.01_layer_all,0.0,temperature@500hPa,synoptic,8.171494926988445e-07
sfno,mag_0.01_layer_all,24.0,temperature@500hPa,synoptic,0.12691534255570763
sfno,mag_0.01_layer_all,48.0,temperature@500hPa,synoptic,0.15053057614147
sfno,mag_0.01_layer_all,72.0,temperature@500hPa,synoptic,0.16360314796159073
sfno,mag_0.01_layer_all,96.0,temperature@500hPa,synoptic,0.16497288443154373
sfno,mag_0.01_layer_all,120.0,temperature@500hPa,synoptic,0.18615760004960608
sfno,mag_0.01_layer_all,144.0,temperature@500hPa,synoptic,0.21529844199900044
sfno,mag_0.01_layer_all,168.0,temperature@500hPa,synoptic,0.16727086783529357
sfno,mag_0.01_layer_all,192.0,temperature@500hPa,synoptic,0.16863591213068999
sfno,mag_0.01_layer_all,216.0,temperature@500hPa,synoptic,0.189918321124545
sfno,mag_0.01_layer_all,240.0,temperature@500hPa,synoptic,0.19117498230067018
sfno,mag_0.01_layer_all,0.0,temperature@500hPa,upper_mesoscale,5.784853225184169e-06
sfno,mag_0.01_layer_all,24.0,temperature@500hPa,upper_mesoscale,0.6837337211254161
sfno,mag_0.01_layer_all,48.0,temperature@500hPa,upper_mesoscale,0.6875803974806212
sfno,mag_0.01_layer_all,72.0,temperature@500hPa,upper_mesoscale,0.7048252295285342
sfno,mag_0.01_layer_all,96.0,temperature@500hPa,upper_mesoscale,0.7005748029045787
sfno,mag_0.01_layer_all,120.0,temperature@500hPa,upper_mesoscale,0.682519275941759
sfno,mag_0.01_layer_all,144.0,temperature@500hPa,upper_mesoscale,0.6657764406376655
sfno,mag_0.01_layer_all,168.0,temperature@500hPa,upper_mesoscale,0.6395275806389812
sfno,mag_0.01_layer_all,192.0,temperature@500hPa,upper_mesoscale,0.6563828351059436
sfno,mag_0.01_layer_all,216.0,temperature@500hPa,upper_mesoscale,0.6664703788395514
sfno,mag_0.01_layer_all,240.0,temperature@500hPa,upper_mesoscale,0.6618412520147725
sfno,mag_0.01_layer_all,0.0,temperature@500hPa,lower_mesoscale,0.03519825938561605
sfno,mag_0.01_layer_all,24.0,temperature@500hPa,lower_mesoscale,1.145353464681113
sfno,mag_0.01_layer_all,48.0,temperature@500hPa,lower_mesoscale,1.1417108929294217
sfno,mag_0.01_layer_all,72.0,temperature@500hPa,lower_mesoscale,1.1172971564699743
sfno,mag_0.01_layer_all,96.0,temperature@500hPa,lower_mesoscale,1.109351690939895
sfno,mag_0.01_layer_all,120.0,temperature@500hPa,lower_mesoscale,1.099385742014892
sfno,mag_0.01_layer_all,144.0,temperature@500hPa,lower_mesoscale,1.0750044100021587
sfno,mag_0.01_layer_all,168.0,temperature@500hPa,lower_mesoscale,1.0867355003108747
sfno,mag_0.01_layer_all,192.0,temperature@500hPa,lower_mesoscale,1.091427919952915
sfno,mag_0.01_layer_all,216.0,temperature@500hPa,lower_mesoscale,1.090466033847248
sfno,mag_0.01_layer_all,240.0,temperature@500hPa,lower_mesoscale,1.10129925545456
sfno,mag_0.03_layer_all,0.0,temperature@500hPa,planetary,1.437948751396082e-07
sfno,mag_0.03_layer_all,24.0,temperature@500hPa,planetary,0.010715375364760818
sfno,mag_0.03_layer_all,48.0,temperature@500hPa,planetary,0.00848256947160849
sfno,mag_0.03_layer_all,72.0,temperature@500hPa,planetary,0.020717638219495717
sfno,mag_0.03_layer_all,96.0,temperature@500hPa,planetary,0.04470289400191432
sfno,mag_0.03_layer_all,120.0,temperature@500hPa,planetary,0.046052897988588075
sfno,mag_0.03_layer_all,144.0,temperature@500hPa,planetary,0.03486829166322953
sfno,mag_0.03_layer_all,168.0,temperature@500hPa,planetary,0.042141597610724515
sfno,mag_0.03_layer_all,192.0,temperature@500hPa,planetary,0.0466565860583335
sfno,mag_0.03_layer_all,216.0,temperature@500hPa,planetary,0.08448477229263351
sfno,mag_0.03_layer_all,240.0,temperature@500hPa,planetary,0.0636047121436922
sfno,mag_0.03_layer_all,0.0,temperature@500hPa,synoptic,8.171494926988445e-07
sfno,mag_0.03_layer_all,24.0,temperature@500hPa,synoptic,0.10582895597176324
sfno,mag_0.03_layer_all,48.0,temperature@500hPa,synoptic,0.1056540473953294
sfno,mag_0.03_layer_all,72.0,temperature@500hPa,synoptic,0.11403762954727412
sfno,mag_0.03_layer_all,96.0,temperature@500hPa,synoptic,0.11591746841201876
sfno,mag_0.03_layer_all,120.0,temperature@500hPa,synoptic,0.11187480276626253
sfno,mag_0.03_layer_all,144.0,temperature@500hPa,synoptic,0.11676108651847145
sfno,mag_0.03_layer_all,168.0,temperature@500hPa,synoptic,0.07822487102524782
sfno,mag_0.03_layer_all,192.0,temperature@500hPa,synoptic,0.09469584835366504
sfno,mag_0.03_layer_all,216.0,temperature@500hPa,synoptic,0.10917070709461793
sfno,mag_0.03_layer_all,240.0,temperature@500hPa,synoptic,0.10353542588393654
sfno,mag_0.03_layer_all,0.0,temperature@500hPa,upper_mesoscale,5.784853225184169e-06
sfno,mag_0.03_layer_all,24.0,temperature@500hPa,upper_mesoscale,0.6414271982029293
sfno,mag_0.03_layer_all,48.0,temperature@500hPa,upper_mesoscale,0.6364698947209505
sfno,mag_0.03_layer_all,72.0,temperature@500hPa,upper_mesoscale,0.6209596687757625
sfno,mag_0.03_layer_all,96.0,temperature@500hPa,upper_mesoscale,0.6068261226167118
sfno,mag_0.03_layer_all,120.0,temperature@500hPa,upper_mesoscale,0.5821871053609295
sfno,mag_0.03_layer_all,144.0,temperature@500hPa,upper_mesoscale,0.553064546786384
sfno,mag_0.03_layer_all,168.0,temperature@500hPa,upper_mesoscale,0.5246090191941801
sfno,mag_0.03_layer_all,192.0,temperature@500hPa,upper_mesoscale,0.5129722854903007
sfno,mag_0.03_layer_all,216.0,temperature@500hPa,upper_mesoscale,0.49815262702758906
sfno,mag_0.03_layer_all,240.0,temperature@500hPa,upper_mesoscale,0.49673296202502454
sfno,mag_0.03_layer_all,0.0,temperature@500hPa,lower_mesoscale,0.03519825938561605
sfno,mag_0.03_layer_all,24.0,temperature@500hPa,lower_mesoscale,1.1465579335752996
sfno,mag_0.03_layer_all,48.0,temperature@500hPa,lower_mesoscale,1.1434107620818201
sfno,mag_0.03_layer_all,72.0,temperature@500hPa,lower_mesoscale,1.1243969530224598
sfno,mag_0.03_layer_all,96.0,temperature@500hPa,lower_mesoscale,1.1205046709681654
sfno,mag_0.03_layer_all,120.0,temperature@500hPa,lower_mesoscale,1.1139074229132349
sfno,mag_0.03_layer_all,144.0,temperature@500hPa,lower_mesoscale,1.0950979580687783
sfno,mag_0.03_layer_all,168.0,temperature@500hPa,lower_mesoscale,1.1073178876003538
sfno,mag_0.03_layer_all,192.0,temperature@500hPa,lower_mesoscale,1.1119005647156053
sfno,mag_0.03_layer_all,216.0,temperature@500hPa,lower_mesoscale,1.11335466046082
sfno,mag_0.03_layer_all,240.0,temperature@500hPa,lower_mesoscale,1.12634491071162
sfno,mag_0.1_layer_all,0.0,temperature@500hPa,planetary,1.437948751396082e-07
sfno,mag_0.1_layer_all,24.0,temperature@500hPa,planetary,0.043712250324205316
sfno,mag_0.1_layer_all,48.0,temperature@500hPa,planetary,0.0645226257761343
sfno,mag_0.1_layer_all,72.0,temperature@500hPa,planetary,0.10621375748929575
sfno,mag_0.1_layer_all,96.0,temperature@500hPa,planetary,0.16984001295226206
sfno,mag_0.1_layer_all,120.0,temperature@500hPa,planetary,0.28890150090788114
sfno,mag_0.1_layer_all,144.0,temperature@500hPa,planetary,0.4925931704287745
sfno,mag_0.1_layer_all,168.0,temperature@500hPa,planetary,0.6169381316621946
sfno,mag_0.1_layer_all,192.0,temperature@500hPa,planetary,0.6979479939997961
sfno,mag_0.1_layer_all,216.0,temperature@500hPa,planetary,0.8152437066623988
sfno,mag_0.1_layer_all,240.0,temperature@500hPa,planetary,1.0220749058686107
sfno,mag_0.1_layer_all,0.0,temperature@500hPa,synoptic,8.171494926988445e-07
sfno,mag_0.1_layer_all,24.0,temperature@500hPa,synoptic,0.12332249168480673
sfno,mag_0.1_layer_all,48.0,temperature@500hPa,synoptic,0.2728346601850136
sfno,mag_0.1_layer_all,72.0,temperature@500hPa,synoptic,0.39058516765834805
sfno,mag_0.1_layer_all,96.0,temperature@500hPa,synoptic,0.5270079106289193
sfno,mag_0.1_layer_all,120.0,temperature@500hPa,synoptic,0.7611420819874352
sfno,mag_0.1_layer_all,144.0,temperature@500hPa,synoptic,0.9356766745561399
sfno,mag_0.1_layer_all,168.0,temperature@500hPa,synoptic,1.1392868146967274
sfno,mag_0.1_layer_all,192.0,temperature@500hPa,synoptic,1.26863742667411
sfno,mag_0.1_layer_all,216.0,temperature@500hPa,synoptic,1.3579284739670572
sfno,mag_0.1_layer_all,240.0,temperature@500hPa,synoptic,1.484911113059125
sfno,mag_0.1_layer_all,0.0,temperature@500hPa,upper_mesoscale,5.784853225184169e-06
sfno,mag_0.1_layer_all,24.0,temperature@500hPa,upper_mesoscale,0.290178201794221
sfno,mag_0.1_layer_all,48.0,temperature@500hPa,upper_mesoscale,0.11685678008439634
sfno,mag_0.1_layer_all,72.0,temperature@500hPa,upper_mesoscale,0.3183769355136276
sfno,mag_0.1_layer_all,96.0,temperature@500hPa,upper_mesoscale,0.598589998378456
sfno,mag_0.1_layer_all,120.0,temperature@500hPa,upper_mesoscale,0.9907533008028447
sfno,mag_0.1_layer_all,144.0,temperature@500hPa,upper_mesoscale,1.113676639266741
sfno,mag_0.1_layer_all,168.0,temperature@500hPa,upper_mesoscale,1.2896966954804794
sfno,mag_0.1_layer_all,192.0,temperature@500hPa,upper_mesoscale,1.4450983733845153
sfno,mag_0.1_layer_all,216.0,temperature@500hPa,upper_mesoscale,1.5234737821000386
sfno,mag_0.1_layer_all,240.0,temperature@500hPa,upper_mesoscale,1.6177315956865508
sfno,mag_0.1_layer_all,0.0,temperature@500hPa,lower_mesoscale,0.03519825938561605
sfno,mag_0.1_layer_all,24.0,temperature@500hPa,lower_mesoscale,1.1906461143128755
sfno,mag_0.1_layer_all,48.0,temperature@500hPa,lower_mesoscale,1.2077120124146974
sfno,mag_0.1_layer_all,72.0,temperature@500hPa,lower_mesoscale,1.238351611575693
sfno,mag_0.1_layer_all,96.0,temperature@500hPa,lower_mesoscale,1.299020766986133
sfno,mag_0.1_layer_all,120.0,temperature@500hPa,lower_mesoscale,1.4425642115843051
sfno,mag_0.1_layer_all,144.0,temperature@500hPa,lower_mesoscale,1.4842918849189375
sfno,mag_0.1_layer_all,168.0,temperature@500hPa,lower_mesoscale,1.6030118241351583
sfno,mag_0.1_layer_all,192.0,temperature@500hPa,lower_mesoscale,1.7112754226149558
sfno,mag_0.1_layer_all,216.0,temperature@500hPa,lower_mesoscale,1.7552515874795973
sfno,mag_0.1_layer_all,240.0,temperature@500hPa,lower_mesoscale,1.8745236883684033
aifs,mag_0_layer_all,0.0,temperature@500hPa,planetary,1.5227206924039307e-07
aifs,mag_0_layer_all,24.0,temperature@500hPa,planetary,0.007407690019880695
aifs,mag_0_layer_all,48.0,temperature@500hPa,planetary,0.014177855646552901
aifs,mag_0_layer_all,72.0,temperature@500hPa,planetary,0.019698272566815618
aifs,mag_0_layer_all,96.0,temperature@500hPa,planetary,0.024136499239590072
aifs,mag_0_layer_all,120.0,temperature@500hPa,planetary,0.04690137645849631
aifs,mag_0_layer_all,144.0,temperature@500hPa,planetary,0.06417910009202335
aifs,mag_0_layer_all,168.0,temperature@500hPa,planetary,0.07285520656386439
aifs,mag_0_layer_all,192.0,temperature@500hPa,planetary,0.08008517120359519
aifs,mag_0_layer_all,216.0,temperature@500hPa,planetary,0.09711565319143589
aifs,mag_0_layer_all,240.0,temperature@500hPa,planetary,0.07369017588954578
aifs,mag_0_layer_all,0.0,temperature@500hPa,synoptic,8.711768108010236e-07
aifs,mag_0_layer_all,24.0,temperature@500hPa,synoptic,0.1036809710256119
aifs,mag_0_layer_all,48.0,temperature@500hPa,synoptic,0.1839423001140263
aifs,mag_0_layer_all,72.0,temperature@500hPa,synoptic,0.25557063885471637
aifs,mag_0_layer_all,96.0,temperature@500hPa,synoptic,0.2908669481891098
aifs,mag_0_layer_all,120.0,temperature@500hPa,synoptic,0.31012762289733453
aifs,mag_0_layer_all,144.0,temperature@500hPa,synoptic,0.3409225192858632
aifs,mag_0_layer_all,168.0,temperature@500hPa,synoptic,0.290870777300184
aifs,mag_0_layer_all,192.0,temperature@500hPa,synoptic,0.35876500850069687
aifs,mag_0_layer_all,216.0,temperature@500hPa,synoptic,0.37935564959291235
aifs,mag_0_layer_all,240.0,temperature@500hPa,synoptic,0.3587725075040427
aifs,mag_0_layer_all,0.0,temperature@500hPa,upper_mesoscale,7.77960629067328e-06
aifs,mag_0_layer_all,24.0,temperature@500hPa,upper_mesoscale,0.5839047993126748
aifs,mag_0_layer_all,48.0,temperature@500hPa,upper_mesoscale,0.7188497159299361
aifs,mag_0_layer_all,72.0,temperature@500hPa,upper_mesoscale,0.8100615432220333
aifs,mag_0_layer_all,96.0,temperature@500hPa,upper_mesoscale,0.8732908464615551
aifs,mag_0_layer_all,120.0,temperature@500hPa,upper_mesoscale,0.8908913187908379
aifs,mag_0_layer_all,144.0,temperature@500hPa,upper_mesoscale,0.8555023543810929
aifs,mag_0_layer_all,168.0,temperature@500hPa,upper_mesoscale,0.8491548441807821
aifs,mag_0_layer_all,192.0,temperature@500hPa,upper_mesoscale,0.8414999978710379
aifs,mag_0_layer_all,216.0,temperature@500hPa,upper_mesoscale,0.8539443820173033
aifs,mag_0_layer_all,240.0,temperature@500hPa,upper_mesoscale,0.8276955074840544
aifs,mag_0_layer_all,0.0,temperature@500hPa,lower_mesoscale,0.05358613446141096
aifs,mag_0_layer_all,24.0,temperature@500hPa,lower_mesoscale,1.2432252791730412
aifs,mag_0_layer_all,48.0,temperature@500hPa,lower_mesoscale,1.253361771782613
aifs,mag_0_layer_all,72.0,temperature@500hPa,lower_mesoscale,1.258507617715589
aifs,mag_0_layer_all,96.0,temperature@500hPa,lower_mesoscale,1.2622251825269524
aifs,mag_0_layer_all,120.0,temperature@500hPa,lower_mesoscale,1.2568551186169585
aifs,mag_0_layer_all,144.0,temperature@500hPa,lower_mesoscale,1.2220561782432333
aifs,mag_0_layer_all,168.0,temperature@500hPa,lower_mesoscale,1.2337752542095202
aifs,mag_0_layer_all,192.0,temperature@500hPa,lower_mesoscale,1.230235584263135
aifs,mag_0_layer_all,216.0,temperature@500hPa,lower_mesoscale,1.2248741087069053
aifs,mag_0_layer_all,240.0,temperature@500hPa,lower_mesoscale,1.2363500567988612
aifs,mag_0.003_layer_all,0.0,temperature@500hPa,planetary,1.5227206924039307e-07
aifs,mag_0.003_layer_all,24.0,temperature@500hPa,planetary,0.007527538392840502
aifs,mag_0.003_layer_all,48.0,temperature@500hPa,planetary,0.014296180042119072
aifs,mag_0.003_layer_all,72.0,temperature@500hPa,planetary,0.01888899070914808
aifs,mag_0.003_layer_all,96.0,temperature@500hPa,planetary,0.024423143402813766
aifs,mag_0.003_layer_all,120.0,temperature@500hPa,planetary,0.044984704427339234
aifs,mag_0.003_layer_all,144.0,temperature@500hPa,planetary,0.06175615450880144
aifs,mag_0.003_layer_all,168.0,temperature@500hPa,planetary,0.0702411062011365
aifs,mag_0.003_layer_all,192.0,temperature@500hPa,planetary,0.07674121496847024
aifs,mag_0.003_layer_all,216.0,temperature@500hPa,planetary,0.09655622410138553
aifs,mag_0.003_layer_all,240.0,temperature@500hPa,planetary,0.06882222313441576
aifs,mag_0.003_layer_all,0.0,temperature@500hPa,synoptic,8.71176810838445e-07
aifs,mag_0.003_layer_all,24.0,temperature@500hPa,synoptic,0.10253948091480956
aifs,mag_0.003_layer_all,48.0,temperature@500hPa,synoptic,0.18032632277655328
aifs,mag_0.003_layer_all,72.0,temperature@500hPa,synoptic,0.2478128196879351
aifs,mag_0.003_layer_all,96.0,temperature@500hPa,synoptic,0.2819968078471729
aifs,mag_0.003_layer_all,120.0,temperature@500hPa,synoptic,0.2978606055855011
aifs,mag_0.003_layer_all,144.0,temperature@500hPa,synoptic,0.32642044002857773
aifs,mag_0.003_layer_all,168.0,temperature@500hPa,synoptic,0.2765533854874411
aifs,mag_0.003_layer_all,192.0,temperature@500hPa,synoptic,0.34206613482459797
aifs,mag_0.003_layer_all,216.0,temperature@500hPa,synoptic,0.36343118573569744
aifs,mag_0.003_layer_all,240.0,temperature@500hPa,synoptic,0.331487501451623
aifs,mag_0.003_layer_all,0.0,temperature@500hPa,upper_mesoscale,7.779606290695376e-06
aifs,mag_0.003_layer_all,24.0,temperature@500hPa,upper_mesoscale,0.5229434708705146
aifs,mag_0.003_layer_all,48.0,temperature@500hPa,upper_mesoscale,0.6100430159058041
aifs,mag_0.003_layer_all,72.0,temperature@500hPa,upper_mesoscale,0.6679574771709889
aifs,mag_0.003_layer_all,96.0,temperature@500hPa,upper_mesoscale,0.7091947810049251
aifs,mag_0.003_layer_all,120.0,temperature@500hPa,upper_mesoscale,0.7180206700720441
aifs,mag_0.003_layer_all,144.0,temperature@500hPa,upper_mesoscale,0.6940702749783767
aifs,mag_0.003_layer_all,168.0,temperature@500hPa,upper_mesoscale,0.6781769751880014
aifs,mag_0.003_layer_all,192.0,temperature@500hPa,upper_mesoscale,0.6850288188140666
aifs,mag_0.003_layer_all,216.0,temperature@500hPa,upper_mesoscale,0.6942796531843987
aifs,mag_0.003_layer_all,240.0,temperature@500hPa,upper_mesoscale,0.6818276735161276
aifs,mag_0.003_layer_all,0.0,temperature@500hPa,lower_mesoscale,0.053586134461410966
aifs,mag_0.003_layer_all,24.0,temperature@500hPa,lower_mesoscale,1.2320649781381916
aifs,mag_0.003_layer_all,48.0,temperature@500hPa,lower_mesoscale,1.2364628037349572
aifs,mag_0.003_layer_all,72.0,temperature@500hPa,lower_mesoscale,1.237264498873375
aifs,mag_0.003_layer_all,96.0,temperature@500hPa,lower_mesoscale,1.242234024184737
aifs,mag_0.003_layer_all,120.0,temperature@500hPa,lower_mesoscale,1.2382058714337179
aifs,mag_0.003_layer_all,144.0,temperature@500hPa,lower_mesoscale,1.214097436422544
aifs,mag_0.003_layer_all,168.0,temperature@500hPa,lower_mesoscale,1.2248856907821162
aifs,mag_0.003_layer_all,192.0,temperature@500hPa,lower_mesoscale,1.2249335243418609
aifs,mag_0.003_layer_all,216.0,temperature@500hPa,lower_mesoscale,1.2237744317725556
aifs,mag_0.003_layer_all,240.0,temperature@500hPa,lower_mesoscale,1.2374283586848875
aifs,mag_0.01_layer_all,0.0,temperature@500hPa,planetary,1.5227206924039307e-07
aifs,mag_0.01_layer_all,24.0,temperature@500hPa,planetary,0.007914394557320731
aifs,mag_0.01_layer_all,48.0,temperature@500hPa,planetary,0.015962664544025184
aifs,mag_0.01_layer_all,72.0,temperature@500hPa,planetary,0.016989539154936985
aifs,mag_0.01_layer_all,96.0,temperature@500hPa,planetary,0.027438400665943625
aifs,mag_0.01_layer_all,120.0,temperature@500hPa,planetary,0.04485616703844369
aifs,mag_0.01_layer_all,144.0,temperature@500hPa,planetary,0.054977634019774735
aifs,mag_0.01_layer_all,168.0,temperature@500hPa,planetary,0.07322415633196683
aifs,mag_0.01_layer_all,192.0,temperature@500hPa,planetary,0.06356609130305581
aifs,mag_0.01_layer_all,216.0,temperature@500hPa,planetary,0.09346065650079215
aifs,mag_0.01_layer_all,240.0,temperature@500hPa,planetary,0.07185730519392673
aifs,mag_0.01_layer_all,0.0,temperature@500hPa,synoptic,8.71176810838445e-07
aifs,mag_0.01_layer_all,24.0,temperature@500hPa,synoptic,0.09872840925414035
aifs,mag_0.01_layer_all,48.0,temperature@500hPa,synoptic,0.1644366230674825
aifs,mag_0.01_layer_all,72.0,temperature@500hPa,synoptic,0.21697036397933878
aifs,mag_0.01_layer_all,96.0,temperature@500hPa,synoptic,0.24469871481575986
aifs,mag_0.01_layer_all,120.0,temperature@500hPa,synoptic,0.2461719948573953
aifs,mag_0.01_layer_all,144.0,temperature@500hPa,synoptic,0.2645762131837731
aifs,mag_0.01_layer_all,168.0,temperature@500hPa,synoptic,0.22592559929461692
aifs,mag_0.01_layer_all,192.0,temperature@500hPa,synoptic,0.28830387425493065
aifs,mag_0.01_layer_all,216.0,temperature@500hPa,synoptic,0.306443499823355
aifs,mag_0.01_layer_all,240.0,temperature@500hPa,synoptic,0.28044755765551205
aifs,mag_0.01_layer_all,0.0,temperature@500hPa,upper_mesoscale,7.779606290695376e-06
aifs,mag_0.01_layer_all,24.0,temperature@500hPa,upper_mesoscale,0.23714561347287463
aifs,mag_0.01_layer_all,48.0,temperature@500hPa,upper_mesoscale,0.2097996690418121
aifs,mag_0.01_layer_all,72.0,temperature@500hPa,upper_mesoscale,0.21122427849920736
aifs,mag_0.01_layer_all,96.0,temperature@500hPa,upper_mesoscale,0.22204477511446424
aifs,mag_0.01_layer_all,120.0,temperature@500hPa,upper_mesoscale,0.21900722888908952
aifs,mag_0.01_layer_all,144.0,temperature@500hPa,upper_mesoscale,0.21175795195526245
aifs,mag_0.01_layer_all,168.0,temperature@500hPa,upper_mesoscale,0.19041510160433636
aifs,mag_0.01_layer_all,192.0,temperature@500hPa,upper_mesoscale,0.21478224429433176
aifs,mag_0.01_layer_all,216.0,temperature@500hPa,upper_mesoscale,0.22537700427369864
aifs,mag_0.01_layer_all,240.0,temperature@500hPa,upper_mesoscale,0.22232233383451647
aifs,mag_0.01_layer_all,0.0,temperature@500hPa,lower_mesoscale,0.053586134461410966
aifs,mag_0.01_layer_all,24.0,temperature@500hPa,lower_mesoscale,1.2451096514064253
aifs,mag_0.01_layer_all,48.0,temperature@500hPa,lower_mesoscale,1.2913457443367586
aifs,mag_0.01_layer_all,72.0,temperature@500hPa,lower_mesoscale,1.3123256404313355
aifs,mag_0.01_layer_all,96.0,temperature@500hPa,lower_mesoscale,1.3276260945477343
aifs,mag_0.01_layer_all,120.0,temperature@500hPa,lower_mesoscale,1.3316451525384152
aifs,mag_0.01_layer_all,144.0,temperature@500hPa,lower_mesoscale,1.33615164251586
aifs,mag_0.01_layer_all,168.0,temperature@500hPa,lower_mesoscale,1.3400316592393453
aifs,mag_0.01_layer_all,192.0,temperature@500hPa,lower_mesoscale,1.3402566411528367
aifs,mag_0.01_layer_all,216.0,temperature@500hPa,lower_mesoscale,1.351034009408339
aifs,mag_0.01_layer_all,240.0,temperature@500hPa,lower_mesoscale,1.3616911643853271
aifs,mag_0.03_layer_all,0.0,temperature@500hPa,planetary,1.5227206924039307e-07
aifs,mag_0.03_layer_all,24.0,temperature@500hPa,planetary,0.013590722755836837
aifs,mag_0.03_layer_all,48.0,temperature@500hPa,planetary,0.02686133869222375
aifs,mag_0.03_layer_all,72.0,temperature@500hPa,planetary,0.024998269152472892
aifs,mag_0.03_layer_all,96.0,temperature@500hPa,planetary,0.039222087976042215
aifs,mag_0.03_layer_all,120.0,temperature@500hPa,planetary,0.049265995491060255
aifs,mag_0.03_layer_all,144.0,temperature@500hPa,planetary,0.05610859027162444
aifs,mag_0.03_layer_all,168.0,temperature@500hPa,planetary,0.07604067211130862
aifs,mag_0.03_layer_all,192.0,temperature@500hPa,planetary,0.05917545223638957
aifs,mag_0.03_layer_all,216.0,temperature@500hPa,planetary,0.08937346475264792
aifs,mag_0.03_layer_all,240.0,temperature@500hPa,planetary,0.06939543520300107
aifs,mag_0.03_layer_all,0.0,temperature@500hPa,synoptic,8.71176810838445e-07
aifs,mag_0.03_layer_all,24.0,temperature@500hPa,synoptic,0.053959456072818136
aifs,mag_0.03_layer_all,48.0,temperature@500hPa,synoptic,0.05211635991717036
aifs,mag_0.03_layer_all,72.0,temperature@500hPa,synoptic,0.05582637231833615
aifs,mag_0.03_layer_all,96.0,temperature@500hPa,synoptic,0.06791044944182428
aifs,mag_0.03_layer_all,120.0,temperature@500hPa,synoptic,0.0427856521635751
aifs,mag_0.03_layer_all,144.0,temperature@500hPa,synoptic,0.04869207886513617
aifs,mag_0.03_layer_all,168.0,temperature@500hPa,synoptic,0.05180436341708422
aifs,mag_0.03_layer_all,192.0,temperature@500hPa,synoptic,0.06072304118450749
aifs,mag_0.03_layer_all,216.0,temperature@500hPa,synoptic,0.07093828165083632
aifs,mag_0.03_layer_all,240.0,temperature@500hPa,synoptic,0.06970418048189678
aifs,mag_0.03_layer_all,0.0,temperature@500hPa,upper_mesoscale,7.779606290695376e-06
aifs,mag_0.03_layer_all,24.0,temperature@500hPa,upper_mesoscale,0.2942844511775895
aifs,mag_0.03_layer_all,48.0,temperature@500hPa,upper_mesoscale,0.5267496019144189
aifs,mag_0.03_layer_all,72.0,temperature@500hPa,upper_mesoscale,0.6169595074260171
aifs,mag_0.03_layer_all,96.0,temperature@500hPa,upper_mesoscale,0.6550964651002869
aifs,mag_0.03_layer_all,120.0,temperature@500hPa,upper_mesoscale,0.6785384983574011
aifs,mag_0.03_layer_all,144.0,temperature@500hPa,upper_mesoscale,0.7004668223278774
aifs,mag_0.03_layer_all,168.0,temperature@500hPa,upper_mesoscale,0.7075506533751167
aifs,mag_0.03_layer_all,192.0,temperature@500hPa,upper_mesoscale,0.6972470752884525
aifs,mag_0.03_layer_all,216.0,temperature@500hPa,upper_mesoscale,0.6945246608308672
aifs,mag_0.03_layer_all,240.0,temperature@500hPa,upper_mesoscale,0.6904572036217334
aifs,mag_0.03_layer_all,0.0,temperature@500hPa,lower_mesoscale,0.053586134461410966
aifs,mag_0.03_layer_all,24.0,temperature@500hPa,lower_mesoscale,1.4662282954650645
aifs,mag_0.03_layer_all,48.0,temperature@500hPa,lower_mesoscale,1.671537722705661
aifs,mag_0.03_layer_all,72.0,temperature@500hPa,lower_mesoscale,1.7671955744195444
aifs,mag_0.03_layer_all,96.0,temperature@500hPa,lower_mesoscale,1.8140394579372774
aifs,mag_0.03_layer_all,120.0,temperature@500hPa,lower_mesoscale,1.8381736213001043
aifs,mag_0.03_layer_all,144.0,temperature@500hPa,lower_mesoscale,1.8711943644386915
aifs,mag_0.03_layer_all,168.0,temperature@500hPa,lower_mesoscale,1.8665798994316536
aifs,mag_0.03_layer_all,192.0,temperature@500hPa,lower_mesoscale,1.8608073862025145
aifs,mag_0.03_layer_all,216.0,temperature@500hPa,lower_mesoscale,1.877968717425476
aifs,mag_0.03_layer_all,240.0,temperature@500hPa,lower_mesoscale,1.8806755654536986
aurora,mag_0_layer_all,0.0,temperature@850hPa,planetary,1.0766692735957415e-07
aurora,mag_0_layer_all,24.0,temperature@850hPa,planetary,0.009264335460052417
aurora,mag_0_layer_all,48.0,temperature@850hPa,planetary,0.010656741378617246
aurora,mag_0_layer_all,72.0,temperature@850hPa,planetary,0.00906024279356514
aurora,mag_0_layer_all,96.0,temperature@850hPa,planetary,0.016280094471607498
aurora,mag_0_layer_all,120.0,temperature@850hPa,planetary,0.037467716160559494
aurora,mag_0_layer_all,144.0,temperature@850hPa,planetary,0.059402296347474876
aurora,mag_0_layer_all,168.0,temperature@850hPa,planetary,0.05319687766848113
aurora,mag_0_layer_all,192.0,temperature@850hPa,planetary,0.027838400746161566
aurora,mag_0_layer_all,216.0,temperature@850hPa,planetary,0.02050805938932538
aurora,mag_0_layer_all,240.0,temperature@850hPa,planetary,0.10110756461536652
aurora,mag_0_layer_all,0.0,temperature@850hPa,synoptic,5.562246363758678e-07
aurora,mag_0_layer_all,24.0,temperature@850hPa,synoptic,0.04949024888754987
aurora,mag_0_layer_all,48.0,temperature@850hPa,synoptic,0.04785111888804786
aurora,mag_0_layer_all,72.0,temperature@850hPa,synoptic,0.0628718211488185
aurora,mag_0_layer_all,96.0,temperature@850hPa,synoptic,0.05167483559170643
aurora,mag_0_layer_all,120.0,temperature@850hPa,synoptic,0.06065158775502798
aurora,mag_0_layer_all,144.0,temperature@850hPa,synoptic,0.07014199659415182
aurora,mag_0_layer_all,168.0,temperature@850hPa,synoptic,0.08767068205703914
aurora,mag_0_layer_all,192.0,temperature@850hPa,synoptic,0.08049754766449227
aurora,mag_0_layer_all,216.0,temperature@850hPa,synoptic,0.06910540059530812
aurora,mag_0_layer_all,240.0,temperature@850hPa,synoptic,0.07121632673904894
aurora,mag_0_layer_all,0.0,temperature@850hPa,upper_mesoscale,4.070114502557015e-06
aurora,mag_0_layer_all,24.0,temperature@850hPa,upper_mesoscale,0.20190465984860478
aurora,mag_0_layer_all,48.0,temperature@850hPa,upper_mesoscale,0.20730474342350172
aurora,mag_0_layer_all,72.0,temperature@850hPa,upper_mesoscale,0.2213140385811726
aurora,mag_0_layer_all,96.0,temperature@850hPa,upper_mesoscale,0.2275762487228505
aurora,mag_0_layer_all,120.0,temperature@850hPa,upper_mesoscale,0.2324968279888315
aurora,mag_0_layer_all,144.0,temperature@850hPa,upper_mesoscale,0.23194290160658915
aurora,mag_0_layer_all,168.0,temperature@850hPa,upper_mesoscale,0.2520362382974721
aurora,mag_0_layer_all,192.0,temperature@850hPa,upper_mesoscale,0.2425730398351242
aurora,mag_0_layer_all,216.0,temperature@850hPa,upper_mesoscale,0.21989806705036338
aurora,mag_0_layer_all,240.0,temperature@850hPa,upper_mesoscale,0.22216644142488942
aurora,mag_0_layer_all,0.0,temperature@850hPa,lower_mesoscale,0.022011209235776173
aurora,mag_0_layer_all,24.0,temperature@850hPa,lower_mesoscale,1.5103576476805536
aurora,mag_0_layer_all,48.0,temperature@850hPa,lower_mesoscale,1.514082901320388
aurora,mag_0_layer_all,72.0,temperature@850hPa,lower_mesoscale,1.4832865828012158
aurora,mag_0_layer_all,96.0,temperature@850hPa,lower_mesoscale,1.4804208650932547
aurora,mag_0_layer_all,120.0,temperature@850hPa,lower_mesoscale,1.502471225745975
aurora,mag_0_layer_all,144.0,temperature@850hPa,lower_mesoscale,1.4959229009979855
aurora,mag_0_layer_all,168.0,temperature@850hPa,lower_mesoscale,1.5006597617704176
aurora,mag_0_layer_all,192.0,temperature@850hPa,lower_mesoscale,1.5005987644513525
aurora,mag_0_layer_all,216.0,temperature@850hPa,lower_mesoscale,1.5064731183376578
aurora,mag_0_layer_all,240.0,temperature@850hPa,lower_mesoscale,1.5061287474772533
aurora,mag_0.001_layer_all,0.0,temperature@850hPa,planetary,1.0766692735957415e-07
aurora,mag_0.001_layer_all,24.0,temperature@850hPa,planetary,0.009242242927100816
aurora,mag_0.001_layer_all,48.0,temperature@850hPa,planetary,0.010682247751266092
aurora,mag_0.001_layer_all,72.0,temperature@850hPa,planetary,0.009163497052778642
aurora,mag_0.001_layer_all,96.0,temperature@850hPa,planetary,0.016076348167424797
aurora,mag_0.001_layer_all,120.0,temperature@850hPa,planetary,0.03771314806548683
aurora,mag_0.001_layer_all,144.0,temperature@850hPa,planetary,0.05912123601946205
aurora,mag_0.001_layer_all,168.0,temperature@850hPa,planetary,0.054129237155935504
aurora,mag_0.001_layer_all,192.0,temperature@850hPa,planetary,0.026458861333105457
aurora,mag_0.001_layer_all,216.0,temperature@850hPa,planetary,0.01881760850287857
aurora,mag_0.001_layer_all,240.0,temperature@850hPa,planetary,0.090318264829734
aurora,mag_0.001_layer_all,0.0,temperature@850hPa,synoptic,5.562246363712839e-07
aurora,mag_0.001_layer_all,24.0,temperature@850hPa,synoptic,0.04932656593267454
aurora,mag_0.001_layer_all,48.0,temperature@850hPa,synoptic,0.047609632562214274
aurora,mag_0.001_layer_all,72.0,temperature@850hPa,synoptic,0.06257877617930101
aurora,mag_0.001_layer_all,96.0,temperature@850hPa,synoptic,0.051421761806532656
aurora,mag_0.001_layer_all,120.0,temperature@850hPa,synoptic,0.06025780029789086
aurora,mag_0.001_layer_all,144.0,temperature@850hPa,synoptic,0.06971407201368778
aurora,mag_0.001_layer_all,168.0,temperature@850hPa,synoptic,0.08646102533760312
aurora,mag_0.001_layer_all,192.0,temperature@850hPa,synoptic,0.0793013985083804
aurora,mag_0.001_layer_all,216.0,temperature@850hPa,synoptic,0.0657397217989813
aurora,mag_0.001_layer_all,240.0,temperature@850hPa,synoptic,0.069744041023736
aurora,mag_0.001_layer_all,0.0,temperature@850hPa,upper_mesoscale,4.0701145025559125e-06
aurora,mag_0.001_layer_all,24.0,temperature@850hPa,upper_mesoscale,0.20185919398489588
aurora,mag_0.001_layer_all,48.0,temperature@850hPa,upper_mesoscale,0.20712772672555968
aurora,mag_0.001_layer_all,72.0,temperature@850hPa,upper_mesoscale,0.22095576252373536
aurora,mag_0.001_layer_all,96.0,temperature@850hPa,upper_mesoscale,0.2273028085813888
aurora,mag_0.001_layer_all,120.0,temperature@850hPa,upper_mesoscale,0.23230077253033135
aurora,mag_0.001_layer_all,144.0,temperature@850hPa,upper_mesoscale,0.2312167699396818
aurora,mag_0.001_layer_all,168.0,temperature@850hPa,upper_mesoscale,0.25119732344169354
aurora,mag_0.001_layer_all,192.0,temperature@850hPa,upper_mesoscale,0.24194415920623158
aurora,mag_0.001_layer_all,216.0,temperature@850hPa,upper_mesoscale,0.21736837050508137
aurora,mag_0.001_layer_all,240.0,temperature@850hPa,upper_mesoscale,0.22095857022025173
aurora,mag_0.001_layer_all,0.0,temperature@850hPa,lower_mesoscale,0.022011209235776173
aurora,mag_0.001_layer_all,24.0,temperature@850hPa,lower_mesoscale,1.5113223764948625
aurora,mag_0.001_layer_all,48.0,temperature@850hPa,lower_mesoscale,1.5150589077031473
aurora,mag_0.001_layer_all,72.0,temperature@850hPa,lower_mesoscale,1.4842534514844734
aurora,mag_0.001_layer_all,96.0,temperature@850hPa,lower_mesoscale,1.481493788700309
aurora,mag_0.001_layer_all,120.0,temperature@850hPa,lower_mesoscale,1.5034395984229807
aurora,mag_0.001_layer_all,144.0,temperature@850hPa,lower_mesoscale,1.496994303359545
aurora,mag_0.001_layer_all,168.0,temperature@850hPa,lower_mesoscale,1.501804496612221
aurora,mag_0.001_layer_all,192.0,temperature@850hPa,lower_mesoscale,1.501831413854244
aurora,mag_0.001_layer_all,216.0,temperature@850hPa,lower_mesoscale,1.5073885456181604
aurora,mag_0.001_layer_all,240.0,temperature@850hPa,lower_mesoscale,1.5064587475742306
aurora,mag_0.003_layer_all,0.0,temperature@850hPa,planetary,1.0766692735957415e-07
aurora,mag_0.003_layer_all,24.0,temperature@850hPa,planetary,0.009207152941040618
aurora,mag_0.003_layer_all,48.0,temperature@850hPa,planetary,0.010690936639113994
aurora,mag_0.003_layer_all,72.0,temperature@850hPa,planetary,0.009332257563642709
aurora,mag_0.003_layer_all,96.0,temperature@850hPa,planetary,0.015791221973670513
aurora,mag_0.003_layer_all,120.0,temperature@850hPa,planetary,0.03854185143106697
aurora,mag_0.003_layer_all,144.0,temperature@850hPa,planetary,0.05830224967023544
aurora,mag_0.003_layer_all,168.0,temperature@850hPa,planetary,0.05199053383534242
aurora,mag_0.003_layer_all,192.0,temperature@850hPa,planetary,0.02082207971320309
aurora,mag_0.003_layer_all,216.0,temperature@850hPa,planetary,0.014366723274438655
aurora,mag_0.003_layer_all,240.0,temperature@850hPa,planetary,0.0674575307067064
aurora,mag_0.003_layer_all,0.0,temperature@850hPa,synoptic,5.562246363712839e-07
aurora,mag_0.003_layer_all,24.0,temperature@850hPa,synoptic,0.04896510334275066
aurora,mag_0.003_layer_all,48.0,temperature@850hPa,synoptic,0.047053731747947344
aurora,mag_0.003_layer_all,72.0,temperature@850hPa,synoptic,0.06177038249480061
aurora,mag_0.003_layer_all,96.0,temperature@850hPa,synoptic,0.050875583780731676
aurora,mag_0.003_layer_all,120.0,temperature@850hPa,synoptic,0.05948029774597201
aurora,mag_0.003_layer_all,144.0,temperature@850hPa,synoptic,0.06761687595120253
aurora,mag_0.003_layer_all,168.0,temperature@850hPa,synoptic,0.08246106779480604
aurora,mag_0.003_layer_all,192.0,temperature@850hPa,synoptic,0.07600275566881398
aurora,mag_0.003_layer_all,216.0,temperature@850hPa,synoptic,0.057332546366431245
aurora,mag_0.003_layer_all,240.0,temperature@850hPa,synoptic,0.06668222076601257
aurora,mag_0.003_layer_all,0.0,temperature@850hPa,upper_mesoscale,4.0701145025559125e-06
aurora,mag_0.003_layer_all,24.0,temperature@850hPa,upper_mesoscale,0.20164225856108242
aurora,mag_0.003_layer_all,48.0,temperature@850hPa,upper_mesoscale,0.20683754598578316
aurora,mag_0.003_layer_all,72.0,temperature@850hPa,upper_mesoscale,0.22035150753332816
aurora,mag_0.003_layer_all,96.0,temperature@850hPa,upper_mesoscale,0.2265224972117723
aurora,mag_0.003_layer_all,120.0,temperature@850hPa,upper_mesoscale,0.23203688815261722
aurora,mag_0.003_layer_all,144.0,temperature@850hPa,upper_mesoscale,0.2306554336301401
aurora,mag_0.003_layer_all,168.0,temperature@850hPa,upper_mesoscale,0.24903829363833893
aurora,mag_0.003_layer_all,192.0,temperature@850hPa,upper_mesoscale,0.23984422220622825
aurora,mag_0.003_layer_all,216.0,temperature@850hPa,upper_mesoscale,0.21314340037892743
aurora,mag_0.003_layer_all,240.0,temperature@850hPa,upper_mesoscale,0.22291435061447734
aurora,mag_0.003_layer_all,0.0,temperature@850hPa,lower_mesoscale,0.022011209235776173
aurora,mag_0.003_layer_all,24.0,temperature@850hPa,lower_mesoscale,1.5165397170447952
aurora,mag_0.003_layer_all,48.0,temperature@850hPa,lower_mesoscale,1.5203706791814227
aurora,mag_0.003_layer_all,72.0,temperature@850hPa,lower_mesoscale,1.4896334374752336
aurora,mag_0.003_layer_all,96.0,temperature@850hPa,lower_mesoscale,1.4869205557185796
aurora,mag_0.003_layer_all,120.0,temperature@850hPa,lower_mesoscale,1.5087911006666144
aurora,mag_0.003_layer_all,144.0,temperature@850hPa,lower_mesoscale,1.5027099269258875
aurora,mag_0.003_layer_all,168.0,temperature@850hPa,lower_mesoscale,1.5073625559567434
aurora,mag_0.003_layer_all,192.0,temperature@850hPa,lower_mesoscale,1.5073734246073738
aurora,mag_0.003_layer_all,216.0,temperature@850hPa,lower_mesoscale,1.5123126707274368
aurora,mag_0.003_layer_all,240.0,temperature@850hPa,lower_mesoscale,1.5116504174433556
aurora,mag_0.01_layer_all,0.0,temperature@850hPa,planetary,1.0766692735957415e-07
aurora,mag_0.01_layer_all,24.0,temperature@850hPa,planetary,0.009077795053770798
aurora,mag_0.01_layer_all,48.0,temperature@850hPa,planetary,0.011034023821189861
aurora,mag_0.01_layer_all,72.0,temperature@850hPa,planetary,0.009996772026175892
aurora,mag_0.01_layer_all,96.0,temperature@850hPa,planetary,0.01452924826921594
aurora,mag_0.01_layer_all,120.0,temperature@850hPa,planetary,0.039398172337285896
aurora,mag_0.01_layer_all,144.0,temperature@850hPa,planetary,0.0562601570320816
aurora,mag_0.01_layer_all,168.0,temperature@850hPa,planetary,0.04286918233633563
aurora,mag_0.01_layer_all,192.0,temperature@850hPa,planetary,0.02074774287632781
aurora,mag_0.01_layer_all,216.0,temperature@850hPa,planetary,0.028240593642588917
aurora,mag_0.01_layer_all,240.0,temperature@850hPa,planetary,0.042818188801480236
aurora,mag_0.01_layer_all,0.0,temperature@850hPa,synoptic,5.562246363712839e-07
aurora,mag_0.01_layer_all,24.0,temperature@850hPa,synoptic,0.04797107932143845
aurora,mag_0.01_layer_all,48.0,temperature@850hPa,synoptic,0.045362705562125016
aurora,mag_0.01_layer_all,72.0,temperature@850hPa,synoptic,0.05848735983024121
aurora,mag_0.01_layer_all,96.0,temperature@850hPa,synoptic,0.048120654085002115
aurora,mag_0.01_layer_all,120.0,temperature@850hPa,synoptic,0.0572667316696458
aurora,mag_0.01_layer_all,144.0,temperature@850hPa,synoptic,0.060067955357409095
aurora,mag_0.01_layer_all,168.0,temperature@850hPa,synoptic,0.06943732143763018
aurora,mag_0.01_layer_all,192.0,temperature@850hPa,synoptic,0.06784468079083177
aurora,mag_0.01_layer_all,216.0,temperature@850hPa,synoptic,0.056128900127762095
aurora,mag_0.01_layer_all,240.0,temperature@850hPa,synoptic,0.058686595147569194
aurora,mag_0.01_layer_all,0.0,temperature@850hPa,upper_mesoscale,4.0701145025559125e-06
aurora,mag_0.01_layer_all,24.0,temperature@850hPa,upper_mesoscale,0.2015315294723925
aurora,mag_0.01_layer_all,48.0,temperature@850hPa,upper_mesoscale,0.20691209264687496
aurora,mag_0.01_layer_all,72.0,temperature@850hPa,upper_mesoscale,0.2189013368711252
aurora,mag_0.01_layer_all,96.0,temperature@850hPa,upper_mesoscale,0.2249956701958978
aurora,mag_0.01_layer_all,120.0,temperature@850hPa,upper_mesoscale,0.23173903313311095
aurora,mag_0.01_layer_all,144.0,temperature@850hPa,upper_mesoscale,0.2297345896322764
aurora,mag_0.01_layer_all,168.0,temperature@850hPa,upper_mesoscale,0.24521097696695598
aurora,mag_0.01_layer_all,192.0,temperature@850hPa,upper_mesoscale,0.23644738267412388
aurora,mag_0.01_layer_all,216.0,temperature@850hPa,upper_mesoscale,0.2133811826241279
aurora,mag_0.01_layer_all,240.0,temperature@850hPa,upper_mesoscale,0.22571047038072484
aurora,mag_0.01_layer_all,0.0,temperature@850hPa,lower_mesoscale,0.022011209235776173
aurora,mag_0.01_layer_all,24.0,temperature@850hPa,lower_mesoscale,1.5483429649998928
aurora,mag_0.01_layer_all,48.0,temperature@850hPa,lower_mesoscale,1.5525684882315214
aurora,mag_0.01_layer_all,72.0,temperature@850hPa,lower_mesoscale,1.5225562790108758
aurora,mag_0.01_layer_all,96.0,temperature@850hPa,lower_mesoscale,1.5199315898796488
aurora,mag_0.01_layer_all,120.0,temperature@850hPa,lower_mesoscale,1.5414629551579588
aurora,mag_0.01_layer_all,144.0,temperature@850hPa,lower_mesoscale,1.5365385469525183
aurora,mag_0.01_layer_all,168.0,temperature@850hPa,lower_mesoscale,1.540592769574867
aurora,mag_0.01_layer_all,192.0,temperature@850hPa,lower_mesoscale,1.54191596802067
aurora,mag_0.01_layer_all,216.0,temperature@850hPa,lower_mesoscale,1.544976556673507
aurora,mag_0.01_layer_all,240.0,temperature@850hPa,lower_mesoscale,1.5427086940920551
aurora,mag_0.03_layer_all,0.0,temperature@850hPa,planetary,1.0766692735957415e-07
aurora,mag_0.03_layer_all,24.0,temperature@850hPa,planetary,0.008999357872006352
aurora,mag_0.03_layer_all,48.0,temperature@850hPa,planetary,0.013729732934553953
aurora,mag_0.03_layer_all,72.0,temperature@850hPa,planetary,0.012803349516626795
aurora,mag_0.03_layer_all,96.0,temperature@850hPa,planetary,0.015593331963675783
aurora,mag_0.03_layer_all,120.0,temperature@850hPa,planetary,0.03780259090531232
aurora,mag_0.03_layer_all,144.0,temperature@850hPa,planetary,0.053708248230679476
aurora,mag_0.03_layer_all,168.0,temperature@850hPa,planetary,0.03514776419512675
aurora,mag_0.03_layer_all,192.0,temperature@850hPa,planetary,0.04679700499305512
aurora,mag_0.03_layer_all,216.0,temperature@850hPa,planetary,0.05582534147765845
aurora,mag_0.03_layer_all,240.0,temperature@850hPa,planetary,0.05084040049436918
aurora,mag_0.03_layer_all,0.0,temperature@850hPa,synoptic,5.562246363712839e-07
aurora,mag_0.03_layer_all,24.0,temperature@850hPa,synoptic,0.04721785147353041
aurora,mag_0.03_layer_all,48.0,temperature@850hPa,synoptic,0.04319994892213448
aurora,mag_0.03_layer_all,72.0,temperature@850hPa,synoptic,0.05372119965085274
aurora,mag_0.03_layer_all,96.0,temperature@850hPa,synoptic,0.04603161119965601
aurora,mag_0.03_layer_all,120.0,temperature@850hPa,synoptic,0.05117051898058969
aurora,mag_0.03_layer_all,144.0,temperature@850hPa,synoptic,0.05597372754402984
aurora,mag_0.03_layer_all,168.0,temperature@850hPa,synoptic,0.06144979451525972
aurora,mag_0.03_layer_all,192.0,temperature@850hPa,synoptic,0.06552579396813427
aurora,mag_0.03_layer_all,216.0,temperature@850hPa,synoptic,0.062293981622498315
aurora,mag_0.03_layer_all,240.0,temperature@850hPa,synoptic,0.06988224021793767
aurora,mag_0.03_layer_all,0.0,temperature@850hPa,upper_mesoscale,4.0701145025559125e-06
aurora,mag_0.03_layer_all,24.0,temperature@850hPa,upper_mesoscale,0.20578523681618283
aurora,mag_0.03_layer_all,48.0,temperature@850hPa,upper_mesoscale,0.2149764035788717
aurora,mag_0.03_layer_all,72.0,temperature@850hPa,upper_mesoscale,0.22543425144701582
aurora,mag_0.03_layer_all,96.0,temperature@850hPa,upper_mesoscale,0.23281104295872024
aurora,mag_0.03_layer_all,120.0,temperature@850hPa,upper_mesoscale,0.24598021777535695
aurora,mag_0.03_layer_all,144.0,temperature@850hPa,upper_mesoscale,0.24046436222524487
aurora,mag_0.03_layer_all,168.0,temperature@850hPa,upper_mesoscale,0.24621333028224457
aurora,mag_0.03_layer_all,192.0,temperature@850hPa,upper_mesoscale,0.24667192135991414
aurora,mag_0.03_layer_all,216.0,temperature@850hPa,upper_mesoscale,0.23326828364534818
aurora,mag_0.03_layer_all,240.0,temperature@850hPa,upper_mesoscale,0.2468343390520257
aurora,mag_0.03_layer_all,0.0,temperature@850hPa,lower_mesoscale,0.022011209235776173
aurora,mag_0.03_layer_all,24.0,temperature@850hPa,lower_mesoscale,1.6419778132928622
aurora,mag_0.03_layer_all,48.0,temperature@850hPa,lower_mesoscale,1.6460448120036124
aurora,mag_0.03_layer_all,72.0,temperature@850hPa,lower_mesoscale,1.6175342448464347
aurora,mag_0.03_layer_all,96.0,temperature@850hPa,lower_mesoscale,1.6155360668157992
aurora,mag_0.03_layer_all,120.0,temperature@850hPa,lower_mesoscale,1.6359685969079891
aurora,mag_0.03_layer_all,144.0,temperature@850hPa,lower_mesoscale,1.6314794443016607
aurora,mag_0.03_layer_all,168.0,temperature@850hPa,lower_mesoscale,1.6343995987769102
aurora,mag_0.03_layer_all,192.0,temperature@850hPa,lower_mesoscale,1.6351813153982149
aurora,mag_0.03_layer_all,216.0,temperature@850hPa,lower_mesoscale,1.6364645687597503
aurora,mag_0.03_layer_all,240.0,temperature@850hPa,lower_mesoscale,1.6354963567123482
aurora,mag_0.1_layer_all,0.0,temperature@850hPa,planetary,1.0766692735957415e-07
aurora,mag_0.1_layer_all,24.0,temperature@850hPa,planetary,0.036543455812483354
aurora,mag_0.1_layer_all,48.0,temperature@850hPa,planetary,0.06122127470055399
aurora,mag_0.1_layer_all,72.0,temperature@850hPa,planetary,0.06226394700210175
aurora,mag_0.1_layer_all,96.0,temperature@850hPa,planetary,0.052893146683697996
aurora,mag_0.1_layer_all,120.0,temperature@850hPa,planetary,0.07144315499760155
aurora,mag_0.1_layer_all,144.0,temperature@850hPa,planetary,0.047878008857349906
aurora,mag_0.1_layer_all,168.0,temperature@850hPa,planetary,0.05084380968840422
aurora,mag_0.1_layer_all,192.0,temperature@850hPa,planetary,0.09209227524932527
aurora,mag_0.1_layer_all,216.0,temperature@850hPa,planetary,0.12330738824224924
aurora,mag_0.1_layer_all,240.0,temperature@850hPa,planetary,0.12494053533756848
aurora,mag_0.1_layer_all,0.0,temperature@850hPa,synoptic,5.562246363712839e-07
aurora,mag_0.1_layer_all,24.0,temperature@850hPa,synoptic,0.05373309229560402
aurora,mag_0.1_layer_all,48.0,temperature@850hPa,synoptic,0.0534784818152543
aurora,mag_0.1_layer_all,72.0,temperature@850hPa,synoptic,0.060690124341771574
aurora,mag_0.1_layer_all,96.0,temperature@850hPa,synoptic,0.05386982565863941
aurora,mag_0.1_layer_all,120.0,temperature@850hPa,synoptic,0.05668928173271882
aurora,mag_0.1_layer_all,144.0,temperature@850hPa,synoptic,0.06182910409275704
aurora,mag_0.1_layer_all,168.0,temperature@850hPa,synoptic,0.05640153703993931
aurora,mag_0.1_layer_all,192.0,temperature@850hPa,synoptic,0.06272436231444375
aurora,mag_0.1_layer_all,216.0,temperature@850hPa,synoptic,0.06183172670188961
aurora,mag_0.1_layer_all,240.0,temperature@850hPa,synoptic,0.0720380017091044
aurora,mag_0.1_layer_all,0.0,temperature@850hPa,upper_mesoscale,4.0701145025559125e-06
aurora,mag_0.1_layer_all,24.0,temperature@850hPa,upper_mesoscale,0.218380422761252
aurora,mag_0.1_layer_all,48.0,temperature@850hPa,upper_mesoscale,0.23061990579409333
aurora,mag_0.1_layer_all,72.0,temperature@850hPa,upper_mesoscale,0.22691357876379678
aurora,mag_0.1_layer_all,96.0,temperature@850hPa,upper_mesoscale,0.21573005101224452
aurora,mag_0.1_layer_all,120.0,temperature@850hPa,upper_mesoscale,0.2202784307186557
aurora,mag_0.1_layer_all,144.0,temperature@850hPa,upper_mesoscale,0.1994242829361897
aurora,mag_0.1_layer_all,168.0,temperature@850hPa,upper_mesoscale,0.20245499033404693
aurora,mag_0.1_layer_all,192.0,temperature@850hPa,upper_mesoscale,0.197966221438029
aurora,mag_0.1_layer_all,216.0,temperature@850hPa,upper_mesoscale,0.17415566121770865
aurora,mag_0.1_layer_all,240.0,temperature@850hPa,upper_mesoscale,0.18368579661905818
aurora,mag_0.1_layer_all,0.0,temperature@850hPa,lower_mesoscale,0.022011209235776173
aurora,mag_0.1_layer_all,24.0,temperature@850hPa,lower_mesoscale,1.9161879411119322
aurora,mag_0.1_layer_all,48.0,temperature@850hPa,lower_mesoscale,1.9241156291136563
aurora,mag_0.1_layer_all,72.0,temperature@850hPa,lower_mesoscale,1.9083552452032937
aurora,mag_0.1_layer_all,96.0,temperature@850hPa,lower_mesoscale,1.9141323009720432
aurora,mag_0.1_layer_all,120.0,temperature@850hPa,lower_mesoscale,1.9383759272596532
aurora,mag_0.1_layer_all,144.0,temperature@850hPa,lower_mesoscale,1.941523096709472
aurora,mag_0.1_layer_all,168.0,temperature@850hPa,lower_mesoscale,1.9487075315106652
aurora,mag_0.1_layer_all,192.0,temperature@850hPa,lower_mesoscale,1.956765343841261
aurora,mag_0.1_layer_all,216.0,temperature@850hPa,lower_mesoscale,1.964234770313111
aurora,mag_0.1_layer_all,240.0,temperature@850hPa,lower_mesoscale,1.9624355377717249
graphcast_operational,mag_0_layer_all,0.0,temperature@850hPa,planetary,1.0766692735957415e-07
graphcast_operational,mag_0_layer_all,24.0,temperature@850hPa,planetary,0.013490600557130514
graphcast_operational,mag_0_layer_all,48.0,temperature@850hPa,planetary,0.017685347105260738
graphcast_operational,mag_0_layer_all,72.0,temperature@850hPa,planetary,0.011924713619972374
graphcast_operational,mag_0_layer_all,96.0,temperature@850hPa,planetary,0.03638440600200782
graphcast_operational,mag_0_layer_all,120.0,temperature@850hPa,planetary,0.05411769850874814
graphcast_operational,mag_0_layer_all,144.0,temperature@850hPa,planetary,0.05719805928288245
graphcast_operational,mag_0_layer_all,168.0,temperature@850hPa,planetary,0.061379194392912936
graphcast_operational,mag_0_layer_all,192.0,temperature@850hPa,planetary,0.053030067491943826
graphcast_operational,mag_0_layer_all,216.0,temperature@850hPa,planetary,0.07594104686228569
graphcast_operational,mag_0_layer_all,240.0,temperature@850hPa,planetary,0.11198857357241794
graphcast_operational,mag_0_layer_all,0.0,temperature@850hPa,synoptic,5.562246363758678e-07
graphcast_operational,mag_0_layer_all,24.0,temperature@850hPa,synoptic,0.11404967165262976
graphcast_operational,mag_0_layer_all,48.0,temperature@850hPa,synoptic,0.14480886352280975
graphcast_operational,mag_0_layer_all,72.0,temperature@850hPa,synoptic,0.1755347553712684
graphcast_operational,mag_0_layer_all,96.0,temperature@850hPa,synoptic,0.18692762198202326
graphcast_operational,mag_0_layer_all,120.0,temperature@850hPa,synoptic,0.19597336007260185
graphcast_operational,mag_0_layer_all,144.0,temperature@850hPa,synoptic,0.20190464473092937
graphcast_operational,mag_0_layer_all,168.0,temperature@850hPa,synoptic,0.22220156969007654
graphcast_operational,mag_0_layer_all,192.0,temperature@850hPa,synoptic,0.23368907191049754
graphcast_operational,mag_0_layer_all,216.0,temperature@850hPa,synoptic,0.22227848710050668
graphcast_operational,mag_0_layer_all,240.0,temperature@850hPa,synoptic,0.22230044885200656
graphcast_operational,mag_0_layer_all,0.0,temperature@850hPa,upper_mesoscale,4.070114502557015e-06
graphcast_operational,mag_0_layer_all,24.0,temperature@850hPa,upper_mesoscale,0.28969818064202096
graphcast_operational,mag_0_layer_all,48.0,temperature@850hPa,upper_mesoscale,0.33743513999237396
graphcast_operational,mag_0_layer_all,72.0,temperature@850hPa,upper_mesoscale,0.36388587063567784
graphcast_operational,mag_0_layer_all,96.0,temperature@850hPa,upper_mesoscale,0.37109600634837525
graphcast_operational,mag_0_layer_all,120.0,temperature@850hPa,upper_mesoscale,0.37367505443329396
graphcast_operational,mag_0_layer_all,144.0,temperature@850hPa,upper_mesoscale,0.36247116086443304
graphcast_operational,mag_0_layer_all,168.0,temperature@850hPa,upper_mesoscale,0.37060097312597673
graphcast_operational,mag_0_layer_all,192.0,temperature@850hPa,upper_mesoscale,0.3637454414884365
graphcast_operational,mag_0_layer_all,216.0,temperature@850hPa,upper_mesoscale,0.3570541471478053
graphcast_operational,mag_0_layer_all,240.0,temperature@850hPa,upper_mesoscale,0.36999406354890196
graphcast_operational,mag_0_layer_all,0.0,temperature@850hPa,lower_mesoscale,0.022011209235776173
graphcast_operational,mag_0_layer_all,24.0,temperature@850hPa,lower_mesoscale,1.423164685325241
graphcast_operational,mag_0_layer_all,48.0,temperature@850hPa,lower_mesoscale,1.44226676521861
graphcast_operational,mag_0_layer_all,72.0,temperature@850hPa,lower_mesoscale,1.4288196977179766
graphcast_operational,mag_0_layer_all,96.0,temperature@850hPa,lower_mesoscale,1.442921416366707
graphcast_operational,mag_0_layer_all,120.0,temperature@850hPa,lower_mesoscale,1.4779872481711966
graphcast_operational,mag_0_layer_all,144.0,temperature@850hPa,lower_mesoscale,1.4901859892357598
graphcast_operational,mag_0_layer_all,168.0,temperature@850hPa,lower_mesoscale,1.5124764026485762
graphcast_operational,mag_0_layer_all,192.0,temperature@850hPa,lower_mesoscale,1.5294375497363368
graphcast_operational,mag_0_layer_all,216.0,temperature@850hPa,lower_mesoscale,1.5440752794234511
graphcast_operational,mag_0_layer_all,240.0,temperature@850hPa,lower_mesoscale,1.556335186024342
graphcast_operational,mag_0.001_layer_all,0.0,temperature@850hPa,planetary,1.0766692735957415e-07
graphcast_operational,mag_0.001_layer_all,24.0,temperature@850hPa,planetary,0.01203974116342875
graphcast_operational,mag_0.001_layer_all,48.0,temperature@850hPa,planetary,0.015040564400581444
graphcast_operational,mag_0.001_layer_all,72.0,temperature@850hPa,planetary,0.007708054509641776
graphcast_operational,mag_0.001_layer_all,96.0,temperature@850hPa,planetary,0.036491443115811886
graphcast_operational,mag_0.001_layer_all,120.0,temperature@850hPa,planetary,0.05437108762642743
graphcast_operational,mag_0.001_layer_all,144.0,temperature@850hPa,planetary,0.051593026835376136
graphcast_operational,mag_0.001_layer_all,168.0,temperature@850hPa,planetary,0.056443955824544756
graphcast_operational,mag_0.001_layer_all,192.0,temperature@850hPa,planetary,0.05652007735228444
graphcast_operational,mag_0.001_layer_all,216.0,temperature@850hPa,planetary,0.061157828462877505
graphcast_operational,mag_0.001_layer_all,240.0,temperature@850hPa,planetary,0.08106464106720389
graphcast_operational,mag_0.001_layer_all,0.0,temperature@850hPa,synoptic,5.562246363712839e-07
graphcast_operational,mag_0.001_layer_all,24.0,temperature@850hPa,synoptic,0.11440373632310885
graphcast_operational,mag_0.001_layer_all,48.0,temperature@850hPa,synoptic,0.14385857010040054
graphcast_operational,mag_0.001_layer_all,72.0,temperature@850hPa,synoptic,0.17506970869983712
graphcast_operational,mag_0.001_layer_all,96.0,temperature@850hPa,synoptic,0.18390178555893139
graphcast_operational,mag_0.001_layer_all,120.0,temperature@850hPa,synoptic,0.19036878868415963
graphcast_operational,mag_0.001_layer_all,144.0,temperature@850hPa,synoptic,0.19714706862608763
graphcast_operational,mag_0.001_layer_all,168.0,temperature@850hPa,synoptic,0.21542768762542372
graphcast_operational,mag_0.001_layer_all,192.0,temperature@850hPa,synoptic,0.22384665257252395
graphcast_operational,mag_0.001_layer_all,216.0,temperature@850hPa,synoptic,0.20466669127033196
graphcast_operational,mag_0.001_layer_all,240.0,temperature@850hPa,synoptic,0.20582702126234825
graphcast_operational,mag_0.001_layer_all,0.0,temperature@850hPa,upper_mesoscale,4.0701145025559125e-06
graphcast_operational,mag_0.001_layer_all,24.0,temperature@850hPa,upper_mesoscale,0.2909694317170108
graphcast_operational,mag_0.001_layer_all,48.0,temperature@850hPa,upper_mesoscale,0.33756994623431397
graphcast_operational,mag_0.001_layer_all,72.0,temperature@850hPa,upper_mesoscale,0.36382669092625936
graphcast_operational,mag_0.001_layer_all,96.0,temperature@850hPa,upper_mesoscale,0.3690498330389425
graphcast_operational,mag_0.001_layer_all,120.0,temperature@850hPa,upper_mesoscale,0.37213858127499366
graphcast_operational,mag_0.001_layer_all,144.0,temperature@850hPa,upper_mesoscale,0.359521196024089
graphcast_operational,mag_0.001_layer_all,168.0,temperature@850hPa,upper_mesoscale,0.36840965172117734
graphcast_operational,mag_0.001_layer_all,192.0,temperature@850hPa,upper_mesoscale,0.35558323233743305
graphcast_operational,mag_0.001_layer_all,216.0,temperature@850hPa,upper_mesoscale,0.348094140966819
graphcast_operational,mag_0.001_layer_all,240.0,temperature@850hPa,upper_mesoscale,0.36231979919321
graphcast_operational,mag_0.001_layer_all,0.0,temperature@850hPa,lower_mesoscale,0.022011209235776173
graphcast_operational,mag_0.001_layer_all,24.0,temperature@850hPa,lower_mesoscale,1.4239500157474416
graphcast_operational,mag_0.001_layer_all,48.0,temperature@850hPa,lower_mesoscale,1.4431639069594722
graphcast_operational,mag_0.001_layer_all,72.0,temperature@850hPa,lower_mesoscale,1.4296253273312407
graphcast_operational,mag_0.001_layer_all,96.0,temperature@850hPa,lower_mesoscale,1.4434270558354978
graphcast_operational,mag_0.001_layer_all,120.0,temperature@850hPa,lower_mesoscale,1.4784988734886568
graphcast_operational,mag_0.001_layer_all,144.0,temperature@850hPa,lower_mesoscale,1.491622401606805
graphcast_operational,mag_0.001_layer_all,168.0,temperature@850hPa,lower_mesoscale,1.514012487531926
graphcast_operational,mag_0.001_layer_all,192.0,temperature@850hPa,lower_mesoscale,1.5324185823769259
graphcast_operational,mag_0.001_layer_all,216.0,temperature@850hPa,lower_mesoscale,1.5478225328999333
graphcast_operational,mag_0.001_layer_all,240.0,temperature@850hPa,lower_mesoscale,1.5577522805293338
graphcast_operational,mag_0.003_layer_all,0.0,temperature@850hPa,planetary,1.0766692735957415e-07
graphcast_operational,mag_0.003_layer_all,24.0,temperature@850hPa,planetary,0.011559812787141166
graphcast_operational,mag_0.003_layer_all,48.0,temperature@850hPa,planetary,0.012833212217302362
graphcast_operational,mag_0.003_layer_all,72.0,temperature@850hPa,planetary,0.00502709236790949
graphcast_operational,mag_0.003_layer_all,96.0,temperature@850hPa,planetary,0.035962935132937746
graphcast_operational,mag_0.003_layer_all,120.0,temperature@850hPa,planetary,0.05614493799247737
graphcast_operational,mag_0.003_layer_all,144.0,temperature@850hPa,planetary,0.04974533080541992
graphcast_operational,mag_0.003_layer_all,168.0,temperature@850hPa,planetary,0.051425370022411175
graphcast_operational,mag_0.003_layer_all,192.0,temperature@850hPa,planetary,0.0619207505381266
graphcast_operational,mag_0.003_layer_all,216.0,temperature@850hPa,planetary,0.05949288920778837
graphcast_operational,mag_0.003_layer_all,240.0,temperature@850hPa,planetary,0.07012819458389037
graphcast_operational,mag_0.003_layer_all,0.0,temperature@850hPa,synoptic,5.562246363712839e-07
graphcast_operational,mag_0.003_layer_all,24.0,temperature@850hPa,synoptic,0.1125146294200275
graphcast_operational,mag_0.003_layer_all,48.0,temperature@850hPa,synoptic,0.14123687244982383
graphcast_operational,mag_0.003_layer_all,72.0,temperature@850hPa,synoptic,0.1722300668475508
graphcast_operational,mag_0.003_layer_all,96.0,temperature@850hPa,synoptic,0.17929457367106266
graphcast_operational,mag_0.003_layer_all,120.0,temperature@850hPa,synoptic,0.184637679838169
graphcast_operational,mag_0.003_layer_all,144.0,temperature@850hPa,synoptic,0.19028884231978102
graphcast_operational,mag_0.003_layer_all,168.0,temperature@850hPa,synoptic,0.20621229907044986
graphcast_operational,mag_0.003_layer_all,192.0,temperature@850hPa,synoptic,0.2110920266646655
graphcast_operational,mag_0.003_layer_all,216.0,temperature@850hPa,synoptic,0.19929355541757804
graphcast_operational,mag_0.003_layer_all,240.0,temperature@850hPa,synoptic,0.19965256035324816
graphcast_operational,mag_0.003_layer_all,0.0,temperature@850hPa,upper_mesoscale,4.0701145025559125e-06
graphcast_operational,mag_0.003_layer_all,24.0,temperature@850hPa,upper_mesoscale,0.28996354294421284
graphcast_operational,mag_0.003_layer_all,48.0,temperature@850hPa,upper_mesoscale,0.3351224699719943
graphcast_operational,mag_0.003_layer_all,72.0,temperature@850hPa,upper_mesoscale,0.36090473506130444
graphcast_operational,mag_0.003_layer_all,96.0,temperature@850hPa,upper_mesoscale,0.3655269638175868
graphcast_operational,mag_0.003_layer_all,120.0,temperature@850hPa,upper_mesoscale,0.3673500645342698
graphcast_operational,mag_0.003_layer_all,144.0,temperature@850hPa,upper_mesoscale,0.3533140281580613
graphcast_operational,mag_0.003_layer_all,168.0,temperature@850hPa,upper_mesoscale,0.3595392156349576
graphcast_operational,mag_0.003_layer_all,192.0,temperature@850hPa,upper_mesoscale,0.34996565130553875
graphcast_operational,mag_0.003_layer_all,216.0,temperature@850hPa,upper_mesoscale,0.344493392733782
graphcast_operational,mag_0.003_layer_all,240.0,temperature@850hPa,upper_mesoscale,0.3582798556301456
graphcast_operational,mag_0.003_layer_all,0.0,temperature@850hPa,lower_mesoscale,0.022011209235776173
graphcast_operational,mag_0.003_layer_all,24.0,temperature@850hPa,lower_mesoscale,1.4244085622735474
graphcast_operational,mag_0.003_layer_all,48.0,temperature@850hPa,lower_mesoscale,1.4436806402371782
graphcast_operational,mag_0.003_layer_all,72.0,temperature@850hPa,lower_mesoscale,1.4303575178613515
graphcast_operational,mag_0.003_layer_all,96.0,temperature@850hPa,lower_mesoscale,1.444089093076084
graphcast_operational,mag_0.003_layer_all,120.0,temperature@850hPa,lower_mesoscale,1.4792342025491898
graphcast_operational,mag_0.003_layer_all,144.0,temperature@850hPa,lower_mesoscale,1.492830565459752
graphcast_operational,mag_0.003_layer_all,168.0,temperature@850hPa,lower_mesoscale,1.5157194679614991
graphcast_operational,mag_0.003_layer_all,192.0,temperature@850hPa,lower_mesoscale,1.5330662456430648
graphcast_operational,mag_0.003_layer_all,216.0,temperature@850hPa,lower_mesoscale,1.5490627612204049
graphcast_operational,mag_0.003_layer_all,240.0,temperature@850hPa,lower_mesoscale,1.5585298274444985
graphcast_operational,mag_0.01_layer_all,0.0,temperature@850hPa,planetary,1.0766692735957415e-07
graphcast_operational,mag_0.01_layer_all,24.0,temperature@850hPa,planetary,0.011286553637855256
graphcast_operational,mag_0.01_layer_all,48.0,temperature@850hPa,planetary,0.010931603870989853
graphcast_operational,mag_0.01_layer_all,72.0,temperature@850hPa,planetary,0.005223658097794234
graphcast_operational,mag_0.01_layer_all,96.0,temperature@850hPa,planetary,0.0359451420009512
graphcast_operational,mag_0.01_layer_all,120.0,temperature@850hPa,planetary,0.053915217034298676
graphcast_operational,mag_0.01_layer_all,144.0,temperature@850hPa,planetary,0.040980893958209454
graphcast_operational,mag_0.01_layer_all,168.0,temperature@850hPa,planetary,0.050498853739389955
graphcast_operational,mag_0.01_layer_all,192.0,temperature@850hPa,planetary,0.059068000598586134
graphcast_operational,mag_0.01_layer_all,216.0,temperature@850hPa,planetary,0.04450531538675539
graphcast_operational,mag_0.01_layer_all,240.0,temperature@850hPa,planetary,0.05732756597207271
graphcast_operational,mag_0.01_layer_all,0.0,temperature@850hPa,synoptic,5.562246363712839e-07
graphcast_operational,mag_0.01_layer_all,24.0,temperature@850hPa,synoptic,0.11327932669322399
graphcast_operational,mag_0.01_layer_all,48.0,temperature@850hPa,synoptic,0.13956960677121683
graphcast_operational,mag_0.01_layer_all,72.0,temperature@850hPa,synoptic,0.16903486122078282
graphcast_operational,mag_0.01_layer_all,96.0,temperature@850hPa,synoptic,0.17510503424241988
graphcast_operational,mag_0.01_layer_all,120.0,temperature@850hPa,synoptic,0.17921659668237297
graphcast_operational,mag_0.01_layer_all,144.0,temperature@850hPa,synoptic,0.18471031663202167
graphcast_operational,mag_0.01_layer_all,168.0,temperature@850hPa,synoptic,0.1932887051244767
graphcast_operational,mag_0.01_layer_all,192.0,temperature@850hPa,synoptic,0.19343297785892885
graphcast_operational,mag_0.01_layer_all,216.0,temperature@850hPa,synoptic,0.19569080327854324
graphcast_operational,mag_0.01_layer_all,240.0,temperature@850hPa,synoptic,0.20302854849483973
graphcast_operational,mag_0.01_layer_all,0.0,temperature@850hPa,upper_mesoscale,4.0701145025559125e-06
graphcast_operational,mag_0.01_layer_all,24.0,temperature@850hPa,upper_mesoscale,0.29071019792172886
graphcast_operational,mag_0.01_layer_all,48.0,temperature@850hPa,upper_mesoscale,0.3328623620520681
graphcast_operational,mag_0.01_layer_all,72.0,temperature@850hPa,upper_mesoscale,0.3561177228691225
graphcast_operational,mag_0.01_layer_all,96.0,temperature@850hPa,upper_mesoscale,0.35845712613774744
graphcast_operational,mag_0.01_layer_all,120.0,temperature@850hPa,upper_mesoscale,0.3588805342916057
graphcast_operational,mag_0.01_layer_all,144.0,temperature@850hPa,upper_mesoscale,0.34359769726053896
graphcast_operational,mag_0.01_layer_all,168.0,temperature@850hPa,upper_mesoscale,0.34606700821244735
graphcast_operational,mag_0.01_layer_all,192.0,temperature@850hPa,upper_mesoscale,0.3377968833217459
graphcast_operational,mag_0.01_layer_all,216.0,temperature@850hPa,upper_mesoscale,0.3313615287740709
graphcast_operational,mag_0.01_layer_all,240.0,temperature@850hPa,upper_mesoscale,0.34559749018062363
graphcast_operational,mag_0.01_layer_all,0.0,temperature@850hPa,lower_mesoscale,0.022011209235776173
graphcast_operational,mag_0.01_layer_all,24.0,temperature@850hPa,lower_mesoscale,1.4257363955402373
graphcast_operational,mag_0.01_layer_all,48.0,temperature@850hPa,lower_mesoscale,1.4444556163614901
graphcast_operational,mag_0.01_layer_all,72.0,temperature@850hPa,lower_mesoscale,1.4316687925221454
graphcast_operational,mag_0.01_layer_all,96.0,temperature@850hPa,lower_mesoscale,1.4458377516881706
graphcast_operational,mag_0.01_layer_all,120.0,temperature@850hPa,lower_mesoscale,1.482722416717551
graphcast_operational,mag_0.01_layer_all,144.0,temperature@850hPa,lower_mesoscale,1.4968115751665538
graphcast_operational,mag_0.01_layer_all,168.0,temperature@850hPa,lower_mesoscale,1.5196648875714434
graphcast_operational,mag_0.01_layer_all,192.0,temperature@850hPa,lower_mesoscale,1.5388274687960575
graphcast_operational,mag_0.01_layer_all,216.0,temperature@850hPa,lower_mesoscale,1.5558909505779213
graphcast_operational,mag_0.01_layer_all,240.0,temperature@850hPa,lower_mesoscale,1.568672924849324
graphcast_operational,mag_0.03_layer_all,0.0,temperature@850hPa,planetary,1.0766692735957415e-07
graphcast_operational,mag_0.03_layer_all,24.0,temperature@850hPa,planetary,0.011169475812446086
graphcast_operational,mag_0.03_layer_all,48.0,temperature@850hPa,planetary,0.008972195623523185
graphcast_operational,mag_0.03_layer_all,72.0,temperature@850hPa,planetary,0.01827190998438191
graphcast_operational,mag_0.03_layer_all,96.0,temperature@850hPa,planetary,0.04461011166365455
graphcast_operational,mag_0.03_layer_all,120.0,temperature@850hPa,planetary,0.06488065985185301
graphcast_operational,mag_0.03_layer_all,144.0,temperature@850hPa,planetary,0.05463505542822059
graphcast_operational,mag_0.03_layer_all,168.0,temperature@850hPa,planetary,0.05299950176749588
graphcast_operational,mag_0.03_layer_all,192.0,temperature@850hPa,planetary,0.05915690679233478
graphcast_operational,mag_0.03_layer_all,216.0,temperature@850hPa,planetary,0.03514667048002993
graphcast_operational,mag_0.03_layer_all,240.0,temperature@850hPa,planetary,0.03438213567495891
graphcast_operational,mag_0.03_layer_all,0.0,temperature@850hPa,synoptic,5.562246363712839e-07
graphcast_operational,mag_0.03_layer_all,24.0,temperature@850hPa,synoptic,0.11184637357868282
graphcast_operational,mag_0.03_layer_all,48.0,temperature@850hPa,synoptic,0.13094838868320607
graphcast_operational,mag_0.03_layer_all,72.0,temperature@850hPa,synoptic,0.15163844466263213
graphcast_operational,mag_0.03_layer_all,96.0,temperature@850hPa,synoptic,0.15078342110554951
graphcast_operational,mag_0.03_layer_all,120.0,temperature@850hPa,synoptic,0.15474150862157718
graphcast_operational,mag_0.03_layer_all,144.0,temperature@850hPa,synoptic,0.15564446553515088
graphcast_operational,mag_0.03_layer_all,168.0,temperature@850hPa,synoptic,0.1624238756338161
graphcast_operational,mag_0.03_layer_all,192.0,temperature@850hPa,synoptic,0.16330037493209948
graphcast_operational,mag_0.03_layer_all,216.0,temperature@850hPa,synoptic,0.16122632403823547
graphcast_operational,mag_0.03_layer_all,240.0,temperature@850hPa,synoptic,0.1657836868347784
graphcast_operational,mag_0.03_layer_all,0.0,temperature@850hPa,upper_mesoscale,4.0701145025559125e-06
graphcast_operational,mag_0.03_layer_all,24.0,temperature@850hPa,upper_mesoscale,0.2918541655513028
graphcast_operational,mag_0.03_layer_all,48.0,temperature@850hPa,upper_mesoscale,0.32387878007716786
graphcast_operational,mag_0.03_layer_all,72.0,temperature@850hPa,upper_mesoscale,0.3369530739998576
graphcast_operational,mag_0.03_layer_all,96.0,temperature@850hPa,upper_mesoscale,0.33418556621967543
graphcast_operational,mag_0.03_layer_all,120.0,temperature@850hPa,upper_mesoscale,0.327779715509946
graphcast_operational,mag_0.03_layer_all,144.0,temperature@850hPa,upper_mesoscale,0.30664823534987456
graphcast_operational,mag_0.03_layer_all,168.0,temperature@850hPa,upper_mesoscale,0.3068642526002826
graphcast_operational,mag_0.03_layer_all,192.0,temperature@850hPa,upper_mesoscale,0.293453979194624
graphcast_operational,mag_0.03_layer_all,216.0,temperature@850hPa,upper_mesoscale,0.2755222800581845
graphcast_operational,mag_0.03_layer_all,240.0,temperature@850hPa,upper_mesoscale,0.27690889892406445
graphcast_operational,mag_0.03_layer_all,0.0,temperature@850hPa,lower_mesoscale,0.022011209235776173
graphcast_operational,mag_0.03_layer_all,24.0,temperature@850hPa,lower_mesoscale,1.432234509411702
graphcast_operational,mag_0.03_layer_all,48.0,temperature@850hPa,lower_mesoscale,1.4525793713933302
graphcast_operational,mag_0.03_layer_all,72.0,temperature@850hPa,lower_mesoscale,1.441780595084894
graphcast_operational,mag_0.03_layer_all,96.0,temperature@850hPa,lower_mesoscale,1.4597853027595904
graphcast_operational,mag_0.03_layer_all,120.0,temperature@850hPa,lower_mesoscale,1.501576301283216
graphcast_operational,mag_0.03_layer_all,144.0,temperature@850hPa,lower_mesoscale,1.5210167452450418
graphcast_operational,mag_0.03_layer_all,168.0,temperature@850hPa,lower_mesoscale,1.5443857981277744
graphcast_operational,mag_0.03_layer_all,192.0,temperature@850hPa,lower_mesoscale,1.568116453177118
graphcast_operational,mag_0.03_layer_all,216.0,temperature@850hPa,lower_mesoscale,1.5924415320311107
graphcast_operational,mag_0.03_layer_all,240.0,temperature@850hPa,lower_mesoscale,1.6056553023333882
graphcast_operational,mag_0.1_layer_all,0.0,temperature@850hPa,planetary,1.0766692735957415e-07
graphcast_operational,mag_0.1_layer_all,24.0,temperature@850hPa,planetary,0.04131783923582528
graphcast_operational,mag_0.1_layer_all,48.0,temperature@850hPa,planetary,0.04280558942996935
graphcast_operational,mag_0.1_layer_all,72.0,temperature@850hPa,planetary,0.04566181027301355
graphcast_operational,mag_0.1_layer_all,96.0,temperature@850hPa,planetary,0.048390057538644185
graphcast_operational,mag_0.1_layer_all,120.0,temperature@850hPa,planetary,0.06615863945917459
graphcast_operational,mag_0.1_layer_all,144.0,temperature@850hPa,planetary,0.07147130386448704
graphcast_operational,mag_0.1_layer_all,168.0,temperature@850hPa,planetary,0.06540895732314334
graphcast_operational,mag_0.1_layer_all,192.0,temperature@850hPa,planetary,0.07606633890016412
graphcast_operational,mag_0.1_layer_all,216.0,temperature@850hPa,planetary,0.07949548115096437
graphcast_operational,mag_0.1_layer_all,240.0,temperature@850hPa,planetary,0.10058605848082174
graphcast_operational,mag_0.1_layer_all,0.0,temperature@850hPa,synoptic,5.562246363712839e-07
graphcast_operational,mag_0.1_layer_all,24.0,temperature@850hPa,synoptic,0.13807074613028772
graphcast_operational,mag_0.1_layer_all,48.0,temperature@850hPa,synoptic,0.1333595614347583
graphcast_operational,mag_0.1_layer_all,72.0,temperature@850hPa,synoptic,0.11964796863224135
graphcast_operational,mag_0.1_layer_all,96.0,temperature@850hPa,synoptic,0.11763038853684908
graphcast_operational,mag_0.1_layer_all,120.0,temperature@850hPa,synoptic,0.12119357427661209
graphcast_operational,mag_0.1_layer_all,144.0,temperature@850hPa,synoptic,0.12319470772700854
graphcast_operational,mag_0.1_layer_all,168.0,temperature@850hPa,synoptic,0.12000002303733694
graphcast_operational,mag_0.1_layer_all,192.0,temperature@850hPa,synoptic,0.12931144977627262
graphcast_operational,mag_0.1_layer_all,216.0,temperature@850hPa,synoptic,0.1317463427801791
graphcast_operational,mag_0.1_layer_all,240.0,temperature@850hPa,synoptic,0.15321814593327937
graphcast_operational,mag_0.1_layer_all,0.0,temperature@850hPa,upper_mesoscale,4.0701145025559125e-06
graphcast_operational,mag_0.1_layer_all,24.0,temperature@850hPa,upper_mesoscale,0.2820958119825047
graphcast_operational,mag_0.1_layer_all,48.0,temperature@850hPa,upper_mesoscale,0.2797724285076416
graphcast_operational,mag_0.1_layer_all,72.0,temperature@850hPa,upper_mesoscale,0.24986481640893224
graphcast_operational,mag_0.1_layer_all,96.0,temperature@850hPa,upper_mesoscale,0.22598551592574054
graphcast_operational,mag_0.1_layer_all,120.0,temperature@850hPa,upper_mesoscale,0.21212200860191005
graphcast_operational,mag_0.1_layer_all,144.0,temperature@850hPa,upper_mesoscale,0.1799990085516061
graphcast_operational,mag_0.1_layer_all,168.0,temperature@850hPa,upper_mesoscale,0.17701097053359816
graphcast_operational,mag_0.1_layer_all,192.0,temperature@850hPa,upper_mesoscale,0.17328671532313095
graphcast_operational,mag_0.1_layer_all,216.0,temperature@850hPa,upper_mesoscale,0.16552310864811756
graphcast_operational,mag_0.1_layer_all,240.0,temperature@850hPa,upper_mesoscale,0.17487836804119633
graphcast_operational,mag_0.1_layer_all,0.0,temperature@850hPa,lower_mesoscale,0.022011209235776173
graphcast_operational,mag_0.1_layer_all,24.0,temperature@850hPa,lower_mesoscale,1.4915983787539082
graphcast_operational,mag_0.1_layer_all,48.0,temperature@850hPa,lower_mesoscale,1.5210104773119628
graphcast_operational,mag_0.1_layer_all,72.0,temperature@850hPa,lower_mesoscale,1.531035439672891
graphcast_operational,mag_0.1_layer_all,96.0,temperature@850hPa,lower_mesoscale,1.5684747075652918
graphcast_operational,mag_0.1_layer_all,120.0,temperature@850hPa,lower_mesoscale,1.6279463190381092
graphcast_operational,mag_0.1_layer_all,144.0,temperature@850hPa,lower_mesoscale,1.657825716289275
graphcast_operational,mag_0.1_layer_all,168.0,temperature@850hPa,lower_mesoscale,1.687936604740104
graphcast_operational,mag_0.1_layer_all,192.0,temperature@850hPa,lower_mesoscale,1.7127475013063616
graphcast_operational,mag_0.1_layer_all,216.0,temperature@850hPa,lower_mesoscale,1.7398594457612524
graphcast_operational,mag_0.1_layer_all,240.0,temperature@850hPa,lower_mesoscale,1.7524872966671707
sfno,mag_0_layer_all,0.0,temperature@850hPa,planetary,1.0766692735957415e-07
sfno,mag_0_layer_all,24.0,temperature@850hPa,planetary,0.010354171522362912
sfno,mag_0_layer_all,48.0,temperature@850hPa,planetary,0.013449092804379245
sfno,mag_0_layer_all,72.0,temperature@850hPa,planetary,0.023711357035800136
sfno,mag_0_layer_all,96.0,temperature@850hPa,planetary,0.019983386542424656
sfno,mag_0_layer_all,120.0,temperature@850hPa,planetary,0.04043111649899124
sfno,mag_0_layer_all,144.0,temperature@850hPa,planetary,0.05349926378852497
sfno,mag_0_layer_all,168.0,temperature@850hPa,planetary,0.07535893913591694
sfno,mag_0_layer_all,192.0,temperature@850hPa,planetary,0.09442105590402529
sfno,mag_0_layer_all,216.0,temperature@850hPa,planetary,0.08632476991001829
sfno,mag_0_layer_all,240.0,temperature@850hPa,planetary,0.1083368903628419
sfno,mag_0_layer_all,0.0,temperature@850hPa,synoptic,5.562246363758678e-07
sfno,mag_0_layer_all,24.0,temperature@850hPa,synoptic,0.07334725674602618
sfno,mag_0_layer_all,48.0,temperature@850hPa,synoptic,0.06681010440980525
sfno,mag_0_layer_all,72.0,temperature@850hPa,synoptic,0.08064006857466664
sfno,mag_0_layer_all,96.0,temperature@850hPa,synoptic,0.08659212851344943
sfno,mag_0_layer_all,120.0,temperature@850hPa,synoptic,0.09266439698288642
sfno,mag_0_layer_all,144.0,temperature@850hPa,synoptic,0.1061243450155694
sfno,mag_0_layer_all,168.0,temperature@850hPa,synoptic,0.09717527080258534
sfno,mag_0_layer_all,192.0,temperature@850hPa,synoptic,0.10997457662640672
sfno,mag_0_layer_all,216.0,temperature@850hPa,synoptic,0.1053055177340079
sfno,mag_0_layer_all,240.0,temperature@850hPa,synoptic,0.10948992968838847
sfno,mag_0_layer_all,0.0,temperature@850hPa,upper_mesoscale,4.070114502557015e-06
sfno,mag_0_layer_all,24.0,temperature@850hPa,upper_mesoscale,0.22109297647593024
sfno,mag_0_layer_all,48.0,temperature@850hPa,upper_mesoscale,0.2242141464356106
sfno,mag_0_layer_all,72.0,temperature@850hPa,upper_mesoscale,0.23106021058191453
sfno,mag_0_layer_all,96.0,temperature@850hPa,upper_mesoscale,0.24766799800002098
sfno,mag_0_layer_all,120.0,temperature@850hPa,upper_mesoscale,0.244009464779572
sfno,mag_0_layer_all,144.0,temperature@850hPa,upper_mesoscale,0.24295241546520954
sfno,mag_0_layer_all,168.0,temperature@850hPa,upper_mesoscale,0.26100128503386294
sfno,mag_0_layer_all,192.0,temperature@850hPa,upper_mesoscale,0.24228547575747156
sfno,mag_0_layer_all,216.0,temperature@850hPa,upper_mesoscale,0.24172396818289307
sfno,mag_0_layer_all,240.0,temperature@850hPa,upper_mesoscale,0.2354679683413128
sfno,mag_0_layer_all,0.0,temperature@850hPa,lower_mesoscale,0.022011209235776173
sfno,mag_0_layer_all,24.0,temperature@850hPa,lower_mesoscale,1.196216011916433
sfno,mag_0_layer_all,48.0,temperature@850hPa,lower_mesoscale,1.1859954290691672
sfno,mag_0_layer_all,72.0,temperature@850hPa,lower_mesoscale,1.157516227939026
sfno,mag_0_layer_all,96.0,temperature@850hPa,lower_mesoscale,1.1591961001734026
sfno,mag_0_layer_all,120.0,temperature@850hPa,lower_mesoscale,1.182791901738336
sfno,mag_0_layer_all,144.0,temperature@850hPa,lower_mesoscale,1.1779895136381369
sfno,mag_0_layer_all,168.0,temperature@850hPa,lower_mesoscale,1.180269969389809
sfno,mag_0_layer_all,192.0,temperature@850hPa,lower_mesoscale,1.1841321063373504
sfno,mag_0_layer_all,216.0,temperature@850hPa,lower_mesoscale,1.1886183389893237
sfno,mag_0_layer_all,240.0,temperature@850hPa,lower_mesoscale,1.1942301601362952
sfno,mag_0.001_layer_all,0.0,temperature@850hPa,planetary,1.0766692735957415e-07
sfno,mag_0.001_layer_all,24.0,temperature@850hPa,planetary,0.010379581368983357
sfno,mag_0.001_layer_all,48.0,temperature@850hPa,planetary,0.013520851215796872
sfno,mag_0.001_layer_all,72.0,temperature@850hPa,planetary,0.02366372716202137
sfno,mag_0.001_layer_all,96.0,temperature@850hPa,planetary,0.01985077660910764
sfno,mag_0.001_layer_all,120.0,temperature@850hPa,planetary,0.040124565360355594
sfno,mag_0.001_layer_all,144.0,temperature@850hPa,planetary,0.05439143167744765
sfno,mag_0.001_layer_all,168.0,temperature@850hPa,planetary,0.07608219205590822
sfno,mag_0.001_layer_all,192.0,temperature@850hPa,planetary,0.09343437619957679
sfno,mag_0.001_layer_all,216.0,temperature@850hPa,planetary,0.08695642841777135
sfno,mag_0.001_layer_all,240.0,temperature@850hPa,planetary,0.10775984693336117
sfno,mag_0.001_layer_all,0.0,temperature@850hPa,synoptic,5.562246363712839e-07
sfno,mag_0.001_layer_all,24.0,temperature@850hPa,synoptic,0.07348387396020847
sfno,mag_0.001_layer_all,48.0,temperature@850hPa,synoptic,0.06695259546748163
sfno,mag_0.001_layer_all,72.0,temperature@850hPa,synoptic,0.0809047645206975
sfno,mag_0.001_layer_all,96.0,temperature@850hPa,synoptic,0.08691137633434488
sfno,mag_0.001_layer_all,120.0,temperature@850hPa,synoptic,0.09281575725171566
sfno,mag_0.001_layer_all,144.0,temperature@850hPa,synoptic,0.10569285096086556
sfno,mag_0.001_layer_all,168.0,temperature@850hPa,synoptic,0.09727544217691725
sfno,mag_0.001_layer_all,192.0,temperature@850hPa,synoptic,0.10801130438166764
sfno,mag_0.001_layer_all,216.0,temperature@850hPa,synoptic,0.10449240680273962
sfno,mag_0.001_layer_all,240.0,temperature@850hPa,synoptic,0.10471243931115946
sfno,mag_0.001_layer_all,0.0,temperature@850hPa,upper_mesoscale,4.0701145025559125e-06
sfno,mag_0.001_layer_all,24.0,temperature@850hPa,upper_mesoscale,0.22128446618766018
sfno,mag_0.001_layer_all,48.0,temperature@850hPa,upper_mesoscale,0.22450112365668526
sfno,mag_0.001_layer_all,72.0,temperature@850hPa,upper_mesoscale,0.23129359995230783
sfno,mag_0.001_layer_all,96.0,temperature@850hPa,upper_mesoscale,0.24804660064559972
sfno,mag_0.001_layer_all,120.0,temperature@850hPa,upper_mesoscale,0.24426299924863443
sfno,mag_0.001_layer_all,144.0,temperature@850hPa,upper_mesoscale,0.24337931344916275
sfno,mag_0.001_layer_all,168.0,temperature@850hPa,upper_mesoscale,0.2611519378618157
sfno,mag_0.001_layer_all,192.0,temperature@850hPa,upper_mesoscale,0.24363585635505794
sfno,mag_0.001_layer_all,216.0,temperature@850hPa,upper_mesoscale,0.23858835745731805
sfno,mag_0.001_layer_all,240.0,temperature@850hPa,upper_mesoscale,0.23319579236827975
sfno,mag_0.001_layer_all,0.0,temperature@850hPa,lower_mesoscale,0.022011209235776173
sfno,mag_0.001_layer_all,24.0,temperature@850hPa,lower_mesoscale,1.19631078943998
sfno,mag_0.001_layer_all,48.0,temperature@850hPa,lower_mesoscale,1.1860113307806004
sfno,mag_0.001_layer_all,72.0,temperature@850hPa,lower_mesoscale,1.1577776493636884
sfno,mag_0.001_layer_all,96.0,temperature@850hPa,lower_mesoscale,1.1591115347806047
sfno,mag_0.001_layer_all,120.0,temperature@850hPa,lower_mesoscale,1.1829297192131516
sfno,mag_0.001_layer_all,144.0,temperature@850hPa,lower_mesoscale,1.17828062344894
sfno,mag_0.001_layer_all,168.0,temperature@850hPa,lower_mesoscale,1.180566332314984
sfno,mag_0.001_layer_all,192.0,temperature@850hPa,lower_mesoscale,1.1840897155499763
sfno,mag_0.001_layer_all,216.0,temperature@850hPa,lower_mesoscale,1.188571314463273
sfno,mag_0.001_layer_all,240.0,temperature@850hPa,lower_mesoscale,1.193619821001259
sfno,mag_0.003_layer_all,0.0,temperature@850hPa,planetary,1.0766692735957415e-07
sfno,mag_0.003_layer_all,24.0,temperature@850hPa,planetary,0.01028431044410191
sfno,mag_0.003_layer_all,48.0,temperature@850hPa,planetary,0.01350399708437814
sfno,mag_0.003_layer_all,72.0,temperature@850hPa,planetary,0.023487110523437875
sfno,mag_0.003_layer_all,96.0,temperature@850hPa,planetary,0.019543579465977574
sfno,mag_0.003_layer_all,120.0,temperature@850hPa,planetary,0.03926145117140475
sfno,mag_0.003_layer_all,144.0,temperature@850hPa,planetary,0.055594674665366585
sfno,mag_0.003_layer_all,168.0,temperature@850hPa,planetary,0.07635921684892193
sfno,mag_0.003_layer_all,192.0,temperature@850hPa,planetary,0.09011111894818694
sfno,mag_0.003_layer_all,216.0,temperature@850hPa,planetary,0.08316121674947222
sfno,mag_0.003_layer_all,240.0,temperature@850hPa,planetary,0.09503617576171922
sfno,mag_0.003_layer_all,0.0,temperature@850hPa,synoptic,5.562246363712839e-07
sfno,mag_0.003_layer_all,24.0,temperature@850hPa,synoptic,0.07355639440015715
sfno,mag_0.003_layer_all,48.0,temperature@850hPa,synoptic,0.06695749388683662
sfno,mag_0.003_layer_all,72.0,temperature@850hPa,synoptic,0.08080924034138202
sfno,mag_0.003_layer_all,96.0,temperature@850hPa,synoptic,0.08653752716450216
sfno,mag_0.003_layer_all,120.0,temperature@850hPa,synoptic,0.09193867718224664
sfno,mag_0.003_layer_all,144.0,temperature@850hPa,synoptic,0.10365073525686702
sfno,mag_0.003_layer_all,168.0,temperature@850hPa,synoptic,0.09551474970826275
sfno,mag_0.003_layer_all,192.0,temperature@850hPa,synoptic,0.10106108493734264
sfno,mag_0.003_layer_all,216.0,temperature@850hPa,synoptic,0.09907786661352748
sfno,mag_0.003_layer_all,240.0,temperature@850hPa,synoptic,0.09880092808938787
sfno,mag_0.003_layer_all,0.0,temperature@850hPa,upper_mesoscale,4.0701145025559125e-06
sfno,mag_0.003_layer_all,24.0,temperature@850hPa,upper_mesoscale,0.2213373476067312
sfno,mag_0.003_layer_all,48.0,temperature@850hPa,upper_mesoscale,0.2246331926327008
sfno,mag_0.003_layer_all,72.0,temperature@850hPa,upper_mesoscale,0.23126507984546674
sfno,mag_0.003_layer_all,96.0,temperature@850hPa,upper_mesoscale,0.24791754119907025
sfno,mag_0.003_layer_all,120.0,temperature@850hPa,upper_mesoscale,0.24421977736637404
sfno,mag_0.003_layer_all,144.0,temperature@850hPa,upper_mesoscale,0.24384028392275187
sfno,mag_0.003_layer_all,168.0,temperature@850hPa,upper_mesoscale,0.2617360647019983
sfno,mag_0.003_layer_all,192.0,temperature@850hPa,upper_mesoscale,0.24491393689535798
sfno,mag_0.003_layer_all,216.0,temperature@850hPa,upper_mesoscale,0.23032631791676061
sfno,mag_0.003_layer_all,240.0,temperature@850hPa,upper_mesoscale,0.23193681853643353
sfno,mag_0.003_layer_all,0.0,temperature@850hPa,lower_mesoscale,0.022011209235776173
sfno,mag_0.003_layer_all,24.0,temperature@850hPa,lower_mesoscale,1.1962099706101275
sfno,mag_0.003_layer_all,48.0,temperature@850hPa,lower_mesoscale,1.1860781136508443
sfno,mag_0.003_layer_all,72.0,temperature@850hPa,lower_mesoscale,1.1578989472510661
sfno,mag_0.003_layer_all,96.0,temperature@850hPa,lower_mesoscale,1.1593167143583643
sfno,mag_0.003_layer_all,120.0,temperature@850hPa,lower_mesoscale,1.1837242786105937
sfno,mag_0.003_layer_all,144.0,temperature@850hPa,lower_mesoscale,1.1784472420331333
sfno,mag_0.003_layer_all,168.0,temperature@850hPa,lower_mesoscale,1.1810709238725503
sfno,mag_0.003_layer_all,192.0,temperature@850hPa,lower_mesoscale,1.184268266224115
sfno,mag_0.003_layer_all,216.0,temperature@850hPa,lower_mesoscale,1.1881652939868965
sfno,mag_0.003_layer_all,240.0,temperature@850hPa,lower_mesoscale,1.1939481704542063
sfno,mag_0.01_layer_all,0.0,temperature@850hPa,planetary,1.0766692735957415e-07
sfno,mag_0.01_layer_all,24.0,temperature@850hPa,planetary,0.010235007865991016
sfno,mag_0.01_layer_all,48.0,temperature@850hPa,planetary,0.013754022831961591
sfno,mag_0.01_layer_all,72.0,temperature@850hPa,planetary,0.022692154898533372
sfno,mag_0.01_layer_all,96.0,temperature@850hPa,planetary,0.01956617246181263
sfno,mag_0.01_layer_all,120.0,temperature@850hPa,planetary,0.033526923478001056
sfno,mag_0.01_layer_all,144.0,temperature@850hPa,planetary,0.05327437168086683
sfno,mag_0.01_layer_all,168.0,temperature@850hPa,planetary,0.07252540658892084
sfno,mag_0.01_layer_all,192.0,temperature@850hPa,planetary,0.08471732973855645
sfno,mag_0.01_layer_all,216.0,temperature@850hPa,planetary,0.06920171890521346
sfno,mag_0.01_layer_all,240.0,temperature@850hPa,planetary,0.08445890054692617
sfno,mag_0.01_layer_all,0.0,temperature@850hPa,synoptic,5.562246363712839e-07
sfno,mag_0.01_layer_all,24.0,temperature@850hPa,synoptic,0.07342612969921318
sfno,mag_0.01_layer_all,48.0,temperature@850hPa,synoptic,0.06635176311792662
sfno,mag_0.01_layer_all,72.0,temperature@850hPa,synoptic,0.07819954483232058
sfno,mag_0.01_layer_all,96.0,temperature@850hPa,synoptic,0.0825406503684744
sfno,mag_0.01_layer_all,120.0,temperature@850hPa,synoptic,0.08631146001669605
sfno,mag_0.01_layer_all,144.0,temperature@850hPa,synoptic,0.09245720332127891
sfno,mag_0.01_layer_all,168.0,temperature@850hPa,synoptic,0.08832323369838865
sfno,mag_0.01_layer_all,192.0,temperature@850hPa,synoptic,0.09033883285760431
sfno,mag_0.01_layer_all,216.0,temperature@850hPa,synoptic,0.09232613979962617
sfno,mag_0.01_layer_all,240.0,temperature@850hPa,synoptic,0.09434107709770953
sfno,mag_0.01_layer_all,0.0,temperature@850hPa,upper_mesoscale,4.0701145025559125e-06
sfno,mag_0.01_layer_all,24.0,temperature@850hPa,upper_mesoscale,0.22140771462332032
sfno,mag_0.01_layer_all,48.0,temperature@850hPa,upper_mesoscale,0.22427202000362667
sfno,mag_0.01_layer_all,72.0,temperature@850hPa,upper_mesoscale,0.22958930114497997
sfno,mag_0.01_layer_all,96.0,temperature@850hPa,upper_mesoscale,0.24304894466173718
sfno,mag_0.01_layer_all,120.0,temperature@850hPa,upper_mesoscale,0.24208091510534951
sfno,mag_0.01_layer_all,144.0,temperature@850hPa,upper_mesoscale,0.23972067593510743
sfno,mag_0.01_layer_all,168.0,temperature@850hPa,upper_mesoscale,0.25546933299412106
sfno,mag_0.01_layer_all,192.0,temperature@850hPa,upper_mesoscale,0.24063186582313742
sfno,mag_0.01_layer_all,216.0,temperature@850hPa,upper_mesoscale,0.22534120036244074
sfno,mag_0.01_layer_all,240.0,temperature@850hPa,upper_mesoscale,0.22736411234030368
sfno,mag_0.01_layer_all,0.0,temperature@850hPa,lower_mesoscale,0.022011209235776173
sfno,mag_0.01_layer_all,24.0,temperature@850hPa,lower_mesoscale,1.1962974693456478
sfno,mag_0.01_layer_all,48.0,temperature@850hPa,lower_mesoscale,1.1871665477874418
sfno,mag_0.01_layer_all,72.0,temperature@850hPa,lower_mesoscale,1.159849111674392
sfno,mag_0.01_layer_all,96.0,temperature@850hPa,lower_mesoscale,1.1619849989039968
sfno,mag_0.01_layer_all,120.0,temperature@850hPa,lower_mesoscale,1.187965121737942
sfno,mag_0.01_layer_all,144.0,temperature@850hPa,lower_mesoscale,1.181682888554145
sfno,mag_0.01_layer_all,168.0,temperature@850hPa,lower_mesoscale,1.1850601253675974
sfno,mag_0.01_layer_all,192.0,temperature@850hPa,lower_mesoscale,1.188507799476732
sfno,mag_0.01_layer_all,216.0,temperature@850hPa,lower_mesoscale,1.1929383798530189
sfno,mag_0.01_layer_all,240.0,temperature@850hPa,lower_mesoscale,1.1979190167182854
sfno,mag_0.03_layer_all,0.0,temperature@850hPa,planetary,1.0766692735957415e-07
sfno,mag_0.03_layer_all,24.0,temperature@850hPa,planetary,0.013663705454163238
sfno,mag_0.03_layer_all,48.0,temperature@850hPa,planetary,0.01862075449752749
sfno,mag_0.03_layer_all,72.0,temperature@850hPa,planetary,0.021890996293946162
sfno,mag_0.03_layer_all,96.0,temperature@850hPa,planetary,0.02064674127480764
sfno,mag_0.03_layer_all,120.0,temperature@850hPa,planetary,0.0295034286500097
sfno,mag_0.03_layer_all,144.0,temperature@850hPa,planetary,0.04479068859671733
sfno,mag_0.03_layer_all,168.0,temperature@850hPa,planetary,0.051984558153477606
sfno,mag_0.03_layer_all,192.0,temperature@850hPa,planetary,0.06466879234189586
sfno,mag_0.03_layer_all,216.0,temperature@850hPa,planetary,0.03237271529829758
sfno,mag_0.03_layer_all,240.0,temperature@850hPa,planetary,0.049699375105431924
sfno,mag_0.03_layer_all,0.0,temperature@850hPa,synoptic,5.562246363712839e-07
sfno,mag_0.03_layer_all,24.0,temperature@850hPa,synoptic,0.07256408869967124
sfno,mag_0.03_layer_all,48.0,temperature@850hPa,synoptic,0.06342965107677985
sfno,mag_0.03_layer_all,72.0,temperature@850hPa,synoptic,0.06399639531285109
sfno,mag_0.03_layer_all,96.0,temperature@850hPa,synoptic,0.06782731650925773
sfno,mag_0.03_layer_all,120.0,temperature@850hPa,synoptic,0.06720975590303367
sfno,mag_0.03_layer_all,144.0,temperature@850hPa,synoptic,0.0642897279360101
sfno,mag_0.03_layer_all,168.0,temperature@850hPa,synoptic,0.05834732785625316
sfno,mag_0.03_layer_all,192.0,temperature@850hPa,synoptic,0.05776794979327075
sfno,mag_0.03_layer_all,216.0,temperature@850hPa,synoptic,0.05351376332411174
sfno,mag_0.03_layer_all,240.0,temperature@850hPa,synoptic,0.06339801420097281
sfno,mag_0.03_layer_all,0.0,temperature@850hPa,upper_mesoscale,4.0701145025559125e-06
sfno,mag_0.03_layer_all,24.0,temperature@850hPa,upper_mesoscale,0.22254950827585682
sfno,mag_0.03_layer_all,48.0,temperature@850hPa,upper_mesoscale,0.2199095302587425
sfno,mag_0.03_layer_all,72.0,temperature@850hPa,upper_mesoscale,0.21547708376338368
sfno,mag_0.03_layer_all,96.0,temperature@850hPa,upper_mesoscale,0.2147433126356792
sfno,mag_0.03_layer_all,120.0,temperature@850hPa,upper_mesoscale,0.2212752538992639
sfno,mag_0.03_layer_all,144.0,temperature@850hPa,upper_mesoscale,0.2039900650535542
sfno,mag_0.03_layer_all,168.0,temperature@850hPa,upper_mesoscale,0.20252614685763767
sfno,mag_0.03_layer_all,192.0,temperature@850hPa,upper_mesoscale,0.1970376325188057
sfno,mag_0.03_layer_all,216.0,temperature@850hPa,upper_mesoscale,0.16888363016612318
sfno,mag_0.03_layer_all,240.0,temperature@850hPa,upper_mesoscale,0.1737103828161646
sfno,mag_0.03_layer_all,0.0,temperature@850hPa,lower_mesoscale,0.022011209235776173
sfno,mag_0.03_layer_all,24.0,temperature@850hPa,lower_mesoscale,1.1985570993843224
sfno,mag_0.03_layer_all,48.0,temperature@850hPa,lower_mesoscale,1.1967693716438805
sfno,mag_0.03_layer_all,72.0,temperature@850hPa,lower_mesoscale,1.175336489191488
sfno,mag_0.03_layer_all,96.0,temperature@850hPa,lower_mesoscale,1.182427376398882
sfno,mag_0.03_layer_all,120.0,temperature@850hPa,lower_mesoscale,1.2137927837116322
sfno,mag_0.03_layer_all,144.0,temperature@850hPa,lower_mesoscale,1.2133291848863832
sfno,mag_0.03_layer_all,168.0,temperature@850hPa,lower_mesoscale,1.2199846204522091
sfno,mag_0.03_layer_all,192.0,temperature@850hPa,lower_mesoscale,1.2238542315690286
sfno,mag_0.03_layer_all,216.0,temperature@850hPa,lower_mesoscale,1.230036870595448
sfno,mag_0.03_layer_all,240.0,temperature@850hPa,lower_mesoscale,1.2332972285480341
sfno,mag_0.1_layer_all,0.0,temperature@850hPa,planetary,1.0766692735957415e-07
sfno,mag_0.1_layer_all,24.0,temperature@850hPa,planetary,0.050333943300460426
sfno,mag_0.1_layer_all,48.0,temperature@850hPa,planetary,0.0738619478899483
sfno,mag_0.1_layer_all,72.0,temperature@850hPa,planetary,0.06588531721461499
sfno,mag_0.1_layer_all,96.0,temperature@850hPa,planetary,0.08566999810625504
sfno,mag_0.1_layer_all,120.0,temperature@850hPa,planetary,0.18238127288775707
sfno,mag_0.1_layer_all,144.0,temperature@850hPa,planetary,0.40569043102419206
sfno,mag_0.1_layer_all,168.0,temperature@850hPa,planetary,0.6526326891137173
sfno,mag_0.1_layer_all,192.0,temperature@850hPa,planetary,0.8818101856621899
sfno,mag_0.1_layer_all,216.0,temperature@850hPa,planetary,1.1331524091602612
sfno,mag_0.1_layer_all,240.0,temperature@850hPa,planetary,1.4274496526845961
sfno,mag_0.1_layer_all,0.0,temperature@850hPa,synoptic,5.562246363712839e-07
sfno,mag_0.1_layer_all,24.0,temperature@850hPa,synoptic,0.04228907234737079
sfno,mag_0.1_layer_all,48.0,temperature@850hPa,synoptic,0.07348461613197493
sfno,mag_0.1_layer_all,72.0,temperature@850hPa,synoptic,0.2081359445004293
sfno,mag_0.1_layer_all,96.0,temperature@850hPa,synoptic,0.38689219443585166
sfno,mag_0.1_layer_all,120.0,temperature@850hPa,synoptic,0.6546425154561287
sfno,mag_0.1_layer_all,144.0,temperature@850hPa,synoptic,0.8925893949113513
sfno,mag_0.1_layer_all,168.0,temperature@850hPa,synoptic,1.0350602044737323
sfno,mag_0.1_layer_all,192.0,temperature@850hPa,synoptic,1.1515559314212533
sfno,mag_0.1_layer_all,216.0,temperature@850hPa,synoptic,1.2613931163312593
sfno,mag_0.1_layer_all,240.0,temperature@850hPa,synoptic,1.391319334151379
sfno,mag_0.1_layer_all,0.0,temperature@850hPa,upper_mesoscale,4.0701145025559125e-06
sfno,mag_0.1_layer_all,24.0,temperature@850hPa,upper_mesoscale,0.19533926093496676
sfno,mag_0.1_layer_all,48.0,temperature@850hPa,upper_mesoscale,0.06592093217503933
sfno,mag_0.1_layer_all,72.0,temperature@850hPa,upper_mesoscale,0.17264422575678862
sfno,mag_0.1_layer_all,96.0,temperature@850hPa,upper_mesoscale,0.41197782077840256
sfno,mag_0.1_layer_all,120.0,temperature@850hPa,upper_mesoscale,0.7759019547853102
sfno,mag_0.1_layer_all,144.0,temperature@850hPa,upper_mesoscale,0.9461949266033657
sfno,mag_0.1_layer_all,168.0,temperature@850hPa,upper_mesoscale,1.0399429869234404
sfno,mag_0.1_layer_all,192.0,temperature@850hPa,upper_mesoscale,1.1668334508971736
sfno,mag_0.1_layer_all,216.0,temperature@850hPa,upper_mesoscale,1.2983878185097446
sfno,mag_0.1_layer_all,240.0,temperature@850hPa,upper_mesoscale,1.4567186850286429
sfno,mag_0.1_layer_all,0.0,temperature@850hPa,lower_mesoscale,0.022011209235776173
sfno,mag_0.1_layer_all,24.0,temperature@850hPa,lower_mesoscale,1.2290833215689236
sfno,mag_0.1_layer_all,48.0,temperature@850hPa,lower_mesoscale,1.2674491617823496
sfno,mag_0.1_layer_all,72.0,temperature@850hPa,lower_mesoscale,1.2872699058627626
sfno,mag_0.1_layer_all,96.0,temperature@850hPa,lower_mesoscale,1.35188355537034
sfno,mag_0.1_layer_all,120.0,temperature@850hPa,lower_mesoscale,1.5166942931689085
sfno,mag_0.1_layer_all,144.0,temperature@850hPa,lower_mesoscale,1.6092044016632987
sfno,mag_0.1_layer_all,168.0,temperature@850hPa,lower_mesoscale,1.7652186652539175
sfno,mag_0.1_layer_all,192.0,temperature@850hPa,lower_mesoscale,1.9545290556937316
sfno,mag_0.1_layer_all,216.0,temperature@850hPa,lower_mesoscale,2.1465351448754744
sfno,mag_0.1_layer_all,240.0,temperature@850hPa,lower_mesoscale,2.3622952880672847
aifs,mag_0_layer_all,0.0,temperature@850hPa,planetary,1.0394767742636966e-07
aifs,mag_0_layer_all,24.0,temperature@850hPa,planetary,0.008272811718484731
aifs,mag_0_layer_all,48.0,temperature@850hPa,planetary,0.017743693716584505
aifs,mag_0_layer_all,72.0,temperature@850hPa,planetary,0.016854359969919398
aifs,mag_0_layer_all,96.0,temperature@850hPa,planetary,0.04172745092043069
aifs,mag_0_layer_all,120.0,temperature@850hPa,planetary,0.05403399364899573
aifs,mag_0_layer_all,144.0,temperature@850hPa,planetary,0.06250998508723092
aifs,mag_0_layer_all,168.0,temperature@850hPa,planetary,0.04501901849918415
aifs,mag_0_layer_all,192.0,temperature@850hPa,planetary,0.05172195982169183
aifs,mag_0_layer_all,216.0,temperature@850hPa,planetary,0.06731894104886985
aifs,mag_0_layer_all,240.0,temperature@850hPa,planetary,0.07930118431443535
aifs,mag_0_layer_all,0.0,temperature@850hPa,synoptic,7.968373946257636e-07
aifs,mag_0_layer_all,24.0,temperature@850hPa,synoptic,0.0921485857349147
aifs,mag_0_layer_all,48.0,temperature@850hPa,synoptic,0.1255713829946245
aifs,mag_0_layer_all,72.0,temperature@850hPa,synoptic,0.17001232793340632
aifs,mag_0_layer_all,96.0,temperature@850hPa,synoptic,0.19150210787199795
aifs,mag_0_layer_all,120.0,temperature@850hPa,synoptic,0.21271316293976936
aifs,mag_0_layer_all,144.0,temperature@850hPa,synoptic,0.22898031759359364
aifs,mag_0_layer_all,168.0,temperature@850hPa,synoptic,0.24153485093787722
aifs,mag_0_layer_all,192.0,temperature@850hPa,synoptic,0.23736092436942238
aifs,mag_0_layer_all,216.0,temperature@850hPa,synoptic,0.25814245934830893
aifs,mag_0_layer_all,240.0,temperature@850hPa,synoptic,0.26127191992877596
aifs,mag_0_layer_all,0.0,temperature@850hPa,upper_mesoscale,4.419376513063391e-06
aifs,mag_0_layer_all,24.0,temperature@850hPa,upper_mesoscale,0.30242143899203017
aifs,mag_0_layer_all,48.0,temperature@850hPa,upper_mesoscale,0.3667445714925908
aifs,mag_0_layer_all,72.0,temperature@850hPa,upper_mesoscale,0.40367268892490643
aifs,mag_0_layer_all,96.0,temperature@850hPa,upper_mesoscale,0.4230833925678672
aifs,mag_0_layer_all,120.0,temperature@850hPa,upper_mesoscale,0.43618257769426394
aifs,mag_0_layer_all,144.0,temperature@850hPa,upper_mesoscale,0.44172420130052054
aifs,mag_0_layer_all,168.0,temperature@850hPa,upper_mesoscale,0.4535682551306704
aifs,mag_0_layer_all,192.0,temperature@850hPa,upper_mesoscale,0.4597617071479118
aifs,mag_0_layer_all,216.0,temperature@850hPa,upper_mesoscale,0.4537716408088752
aifs,mag_0_layer_all,240.0,temperature@850hPa,upper_mesoscale,0.4589336113218639
aifs,mag_0_layer_all,0.0,temperature@850hPa,lower_mesoscale,0.04124219504733668
aifs,mag_0_layer_all,24.0,temperature@850hPa,lower_mesoscale,1.395533301891063
aifs,mag_0_layer_all,48.0,temperature@850hPa,lower_mesoscale,1.3959949347499854
aifs,mag_0_layer_all,72.0,temperature@850hPa,lower_mesoscale,1.3677834144927035
aifs,mag_0_layer_all,96.0,temperature@850hPa,lower_mesoscale,1.3587038169121322
aifs,mag_0_layer_all,120.0,temperature@850hPa,lower_mesoscale,1.3828254330757865
aifs,mag_0_layer_all,144.0,temperature@850hPa,lower_mesoscale,1.3764941654572793
aifs,mag_0_layer_all,168.0,temperature@850hPa,lower_mesoscale,1.3822931344744396
aifs,mag_0_layer_all,192.0,temperature@850hPa,lower_mesoscale,1.3767870842151704
aifs,mag_0_layer_all,216.0,temperature@850hPa,lower_mesoscale,1.369145664070574
aifs,mag_0_layer_all,240.0,temperature@850hPa,lower_mesoscale,1.373278111235715
aifs,mag_0.003_layer_all,0.0,temperature@850hPa,planetary,1.0394767742636966e-07
aifs,mag_0.003_layer_all,24.0,temperature@850hPa,planetary,0.007876251097342708
aifs,mag_0.003_layer_all,48.0,temperature@850hPa,planetary,0.01663760827707918
aifs,mag_0.003_layer_all,72.0,temperature@850hPa,planetary,0.015671295961446844
aifs,mag_0.003_layer_all,96.0,temperature@850hPa,planetary,0.04201574212236752
aifs,mag_0.003_layer_all,120.0,temperature@850hPa,planetary,0.05370485597801568
aifs,mag_0.003_layer_all,144.0,temperature@850hPa,planetary,0.058641002137581284
aifs,mag_0.003_layer_all,168.0,temperature@850hPa,planetary,0.039267168907363044
aifs,mag_0.003_layer_all,192.0,temperature@850hPa,planetary,0.048053704281513863
aifs,mag_0.003_layer_all,216.0,temperature@850hPa,planetary,0.0608340292948069
aifs,mag_0.003_layer_all,240.0,temperature@850hPa,planetary,0.06847009374816258
aifs,mag_0.003_layer_all,0.0,temperature@850hPa,synoptic,7.968373946257636e-07
aifs,mag_0.003_layer_all,24.0,temperature@850hPa,synoptic,0.09132429409679056
aifs,mag_0.003_layer_all,48.0,temperature@850hPa,synoptic,0.1231941483192504
aifs,mag_0.003_layer_all,72.0,temperature@850hPa,synoptic,0.16625107668536815
aifs,mag_0.003_layer_all,96.0,temperature@850hPa,synoptic,0.18621436782530612
aifs,mag_0.003_layer_all,120.0,temperature@850hPa,synoptic,0.20803967817547026
aifs,mag_0.003_layer_all,144.0,temperature@850hPa,synoptic,0.22333514220567227
aifs,mag_0.003_layer_all,168.0,temperature@850hPa,synoptic,0.23649266083538964
aifs,mag_0.003_layer_all,192.0,temperature@850hPa,synoptic,0.23172128941486805
aifs,mag_0.003_layer_all,216.0,temperature@850hPa,synoptic,0.2484252508146127
aifs,mag_0.003_layer_all,240.0,temperature@850hPa,synoptic,0.24673840378147216
aifs,mag_0.003_layer_all,0.0,temperature@850hPa,upper_mesoscale,4.41937651305513e-06
aifs,mag_0.003_layer_all,24.0,temperature@850hPa,upper_mesoscale,0.29594875179004604
aifs,mag_0.003_layer_all,48.0,temperature@850hPa,upper_mesoscale,0.35521206625463914
aifs,mag_0.003_layer_all,72.0,temperature@850hPa,upper_mesoscale,0.39004860648982814
aifs,mag_0.003_layer_all,96.0,temperature@850hPa,upper_mesoscale,0.4076096225812708
aifs,mag_0.003_layer_all,120.0,temperature@850hPa,upper_mesoscale,0.4201791194744273
aifs,mag_0.003_layer_all,144.0,temperature@850hPa,upper_mesoscale,0.4242256110621557
aifs,mag_0.003_layer_all,168.0,temperature@850hPa,upper_mesoscale,0.4339245441353664
aifs,mag_0.003_layer_all,192.0,temperature@850hPa,upper_mesoscale,0.43923692644029655
aifs,mag_0.003_layer_all,216.0,temperature@850hPa,upper_mesoscale,0.43093562229642657
aifs,mag_0.003_layer_all,240.0,temperature@850hPa,upper_mesoscale,0.4375611634256466
aifs,mag_0.003_layer_all,0.0,temperature@850hPa,lower_mesoscale,0.04124219504733668
aifs,mag_0.003_layer_all,24.0,temperature@850hPa,lower_mesoscale,1.3960387883118508
aifs,mag_0.003_layer_all,48.0,temperature@850hPa,lower_mesoscale,1.3970313215030437
aifs,mag_0.003_layer_all,72.0,temperature@850hPa,lower_mesoscale,1.3691690152143856
aifs,mag_0.003_layer_all,96.0,temperature@850hPa,lower_mesoscale,1.3604613051166115
aifs,mag_0.003_layer_all,120.0,temperature@850hPa,lower_mesoscale,1.3846416924279725
aifs,mag_0.003_layer_all,144.0,temperature@850hPa,lower_mesoscale,1.378439162389547
aifs,mag_0.003_layer_all,168.0,temperature@850hPa,lower_mesoscale,1.3843599229537895
aifs,mag_0.003_layer_all,192.0,temperature@850hPa,lower_mesoscale,1.3793504252141315
aifs,mag_0.003_layer_all,216.0,temperature@850hPa,lower_mesoscale,1.3721077264340351
aifs,mag_0.003_layer_all,240.0,temperature@850hPa,lower_mesoscale,1.376690933049706
aifs,mag_0.01_layer_all,0.0,temperature@850hPa,planetary,1.0394767742636966e-07
aifs,mag_0.01_layer_all,24.0,temperature@850hPa,planetary,0.007819565809800698
aifs,mag_0.01_layer_all,48.0,temperature@850hPa,planetary,0.014003976839128799
aifs,mag_0.01_layer_all,72.0,temperature@850hPa,planetary,0.01282180029292514
aifs,mag_0.01_layer_all,96.0,temperature@850hPa,planetary,0.0448836947107779
aifs,mag_0.01_layer_all,120.0,temperature@850hPa,planetary,0.05555062649801702
aifs,mag_0.01_layer_all,144.0,temperature@850hPa,planetary,0.04598752448268279
aifs,mag_0.01_layer_all,168.0,temperature@850hPa,planetary,0.03334476724860979
aifs,mag_0.01_layer_all,192.0,temperature@850hPa,planetary,0.052681339252824075
aifs,mag_0.01_layer_all,216.0,temperature@850hPa,planetary,0.05944176137181443
aifs,mag_0.01_layer_all,240.0,temperature@850hPa,planetary,0.058652495061096634
aifs,mag_0.01_layer_all,0.0,temperature@850hPa,synoptic,7.968373946257636e-07
aifs,mag_0.01_layer_all,24.0,temperature@850hPa,synoptic,0.08923584138184838
aifs,mag_0.01_layer_all,48.0,temperature@850hPa,synoptic,0.11486024072588175
aifs,mag_0.01_layer_all,72.0,temperature@850hPa,synoptic,0.1498212115179807
aifs,mag_0.01_layer_all,96.0,temperature@850hPa,synoptic,0.1648859274303836
aifs,mag_0.01_layer_all,120.0,temperature@850hPa,synoptic,0.18740108405244457
aifs,mag_0.01_layer_all,144.0,temperature@850hPa,synoptic,0.19733889482001948
aifs,mag_0.01_layer_all,168.0,temperature@850hPa,synoptic,0.20423615226243602
aifs,mag_0.01_layer_all,192.0,temperature@850hPa,synoptic,0.20923480403142394
aifs,mag_0.01_layer_all,216.0,temperature@850hPa,synoptic,0.21597075398619975
aifs,mag_0.01_layer_all,240.0,temperature@850hPa,synoptic,0.20989343703582172
aifs,mag_0.01_layer_all,0.0,temperature@850hPa,upper_mesoscale,4.41937651305513e-06
aifs,mag_0.01_layer_all,24.0,temperature@850hPa,upper_mesoscale,0.2459518277242914
aifs,mag_0.01_layer_all,48.0,temperature@850hPa,upper_mesoscale,0.2674278347491395
aifs,mag_0.01_layer_all,72.0,temperature@850hPa,upper_mesoscale,0.28591050849462013
aifs,mag_0.01_layer_all,96.0,temperature@850hPa,upper_mesoscale,0.2932769386604193
aifs,mag_0.01_layer_all,120.0,temperature@850hPa,upper_mesoscale,0.30337849507613257
aifs,mag_0.01_layer_all,144.0,temperature@850hPa,upper_mesoscale,0.29457102898756726
aifs,mag_0.01_layer_all,168.0,temperature@850hPa,upper_mesoscale,0.30011994885446514
aifs,mag_0.01_layer_all,192.0,temperature@850hPa,upper_mesoscale,0.30277496723252034
aifs,mag_0.01_layer_all,216.0,temperature@850hPa,upper_mesoscale,0.2930376173445754
aifs,mag_0.01_layer_all,240.0,temperature@850hPa,upper_mesoscale,0.2991319470367013
aifs,mag_0.01_layer_all,0.0,temperature@850hPa,lower_mesoscale,0.04124219504733668
aifs,mag_0.01_layer_all,24.0,temperature@850hPa,lower_mesoscale,1.4010958280909926
aifs,mag_0.01_layer_all,48.0,temperature@850hPa,lower_mesoscale,1.4071169563247148
aifs,mag_0.01_layer_all,72.0,temperature@850hPa,lower_mesoscale,1.3829517581901831
aifs,mag_0.01_layer_all,96.0,temperature@850hPa,lower_mesoscale,1.377990382848668
aifs,mag_0.01_layer_all,120.0,temperature@850hPa,lower_mesoscale,1.4024516035736267
aifs,mag_0.01_layer_all,144.0,temperature@850hPa,lower_mesoscale,1.3976081397820341
aifs,mag_0.01_layer_all,168.0,temperature@850hPa,lower_mesoscale,1.4036696116655516
aifs,mag_0.01_layer_all,192.0,temperature@850hPa,lower_mesoscale,1.4014845723502511
aifs,mag_0.01_layer_all,216.0,temperature@850hPa,lower_mesoscale,1.3991240230500213
aifs,mag_0.01_layer_all,240.0,temperature@850hPa,lower_mesoscale,1.4034438362236639
aifs,mag_0.03_layer_all,0.0,temperature@850hPa,planetary,1.0394767742636966e-07
aifs,mag_0.03_layer_all,24.0,temperature@850hPa,planetary,0.013317986469838
aifs,mag_0.03_layer_all,48.0,temperature@850hPa,planetary,0.01524611455040642
aifs,mag_0.03_layer_all,72.0,temperature@850hPa,planetary,0.01702094283835194
aifs,mag_0.03_layer_all,96.0,temperature@850hPa,planetary,0.0585577014453579
aifs,mag_0.03_layer_all,120.0,temperature@850hPa,planetary,0.06782492027768747
aifs,mag_0.03_layer_all,144.0,temperature@850hPa,planetary,0.03761366760373411
aifs,mag_0.03_layer_all,168.0,temperature@850hPa,planetary,0.056547357786381425
aifs,mag_0.03_layer_all,192.0,temperature@850hPa,planetary,0.06964138989803942
aifs,mag_0.03_layer_all,216.0,temperature@850hPa,planetary,0.04916317770069292
aifs,mag_0.03_layer_all,240.0,temperature@850hPa,planetary,0.042280116647052154
aifs,mag_0.03_layer_all,0.0,temperature@850hPa,synoptic,7.968373946257636e-07
aifs,mag_0.03_layer_all,24.0,temperature@850hPa,synoptic,0.07532646001409285
aifs,mag_0.03_layer_all,48.0,temperature@850hPa,synoptic,0.06457520075241216
aifs,mag_0.03_layer_all,72.0,temperature@850hPa,synoptic,0.0736797751583681
aifs,mag_0.03_layer_all,96.0,temperature@850hPa,synoptic,0.07625540504127462
aifs,mag_0.03_layer_all,120.0,temperature@850hPa,synoptic,0.08273538702887251
aifs,mag_0.03_layer_all,144.0,temperature@850hPa,synoptic,0.07500662875735029
aifs,mag_0.03_layer_all,168.0,temperature@850hPa,synoptic,0.07434161405828546
aifs,mag_0.03_layer_all,192.0,temperature@850hPa,synoptic,0.07750304139713093
aifs,mag_0.03_layer_all,216.0,temperature@850hPa,synoptic,0.08032265411634111
aifs,mag_0.03_layer_all,240.0,temperature@850hPa,synoptic,0.08410786478241916
aifs,mag_0.03_layer_all,0.0,temperature@850hPa,upper_mesoscale,4.41937651305513e-06
aifs,mag_0.03_layer_all,24.0,temperature@850hPa,upper_mesoscale,0.04771457450671945
aifs,mag_0.03_layer_all,48.0,temperature@850hPa,upper_mesoscale,0.11155398765857984
aifs,mag_0.03_layer_all,72.0,temperature@850hPa,upper_mesoscale,0.16202774039765655
aifs,mag_0.03_layer_all,96.0,temperature@850hPa,upper_mesoscale,0.18834113442649417
aifs,mag_0.03_layer_all,120.0,temperature@850hPa,upper_mesoscale,0.19523219898105043
aifs,mag_0.03_layer_all,144.0,temperature@850hPa,upper_mesoscale,0.2187040504331949
aifs,mag_0.03_layer_all,168.0,temperature@850hPa,upper_mesoscale,0.2187063662158734
aifs,mag_0.03_layer_all,192.0,temperature@850hPa,upper_mesoscale,0.2223173105450665
aifs,mag_0.03_layer_all,216.0,temperature@850hPa,upper_mesoscale,0.2374622975747648
aifs,mag_0.03_layer_all,240.0,temperature@850hPa,upper_mesoscale,0.22354086420025554
aifs,mag_0.03_layer_all,0.0,temperature@850hPa,lower_mesoscale,0.04124219504733668
aifs,mag_0.03_layer_all,24.0,temperature@850hPa,lower_mesoscale,1.438165082747091
aifs,mag_0.03_layer_all,48.0,temperature@850hPa,lower_mesoscale,1.4911431621372688
aifs,mag_0.03_layer_all,72.0,temperature@850hPa,lower_mesoscale,1.4967359139822543
aifs,mag_0.03_layer_all,96.0,temperature@850hPa,lower_mesoscale,1.5135435113854994
aifs,mag_0.03_layer_all,120.0,temperature@850hPa,lower_mesoscale,1.5470124888681271
aifs,mag_0.03_layer_all,144.0,temperature@850hPa,lower_mesoscale,1.5530110121864942
aifs,mag_0.03_layer_all,168.0,temperature@850hPa,lower_mesoscale,1.5602717473942094
aifs,mag_0.03_layer_all,192.0,temperature@850hPa,lower_mesoscale,1.565521983972726
aifs,mag_0.03_layer_all,216.0,temperature@850hPa,lower_mesoscale,1.5724736722436998
aifs,mag_0.03_layer_all,240.0,temperature@850hPa,lower_mesoscale,1.5707297776705358
aurora,mag_0_layer_all,0.0,specific_humidity@500hPa,planetary,3.108346589167573e-08
aurora,mag_0_layer_all,24.0,specific_humidity@500hPa,planetary,0.012208659770508192
aurora,mag_0_layer_all,48.0,specific_humidity@500hPa,planetary,0.02425262146540401
aurora,mag_0_layer_all,72.0,specific_humidity@500hPa,planetary,0.055770769523491595
aurora,mag_0_layer_all,96.0,specific_humidity@500hPa,planetary,0.05750993018072313
aurora,mag_0_layer_all,120.0,specific_humidity@500hPa,planetary,0.07653234935567384
aurora,mag_0_layer_all,144.0,specific_humidity@500hPa,planetary,0.08185449166080183
aurora,mag_0_layer_all,168.0,specific_humidity@500hPa,planetary,0.08638935424330944
aurora,mag_0_layer_all,192.0,specific_humidity@500hPa,planetary,0.08476892152669556
aurora,mag_0_layer_all,216.0,specific_humidity@500hPa,planetary,0.12973363114777156
aurora,mag_0_layer_all,240.0,specific_humidity@500hPa,planetary,0.16482580016168508
aurora,mag_0_layer_all,0.0,specific_humidity@500hPa,synoptic,1.8616533756530032e-07
aurora,mag_0_layer_all,24.0,specific_humidity@500hPa,synoptic,0.04989157395160457
aurora,mag_0_layer_all,48.0,specific_humidity@500hPa,synoptic,0.08238552814050148
aurora,mag_0_layer_all,72.0,specific_humidity@500hPa,synoptic,0.10622337323716187
aurora,mag_0_layer_all,96.0,specific_humidity@500hPa,synoptic,0.12247385939110349
aurora,mag_0_layer_all,120.0,specific_humidity@500hPa,synoptic,0.14081631582375004
aurora,mag_0_layer_all,144.0,specific_humidity@500hPa,synoptic,0.16980892307269196
aurora,mag_0_layer_all,168.0,specific_humidity@500hPa,synoptic,0.18363613703767487
aurora,mag_0_layer_all,192.0,specific_humidity@500hPa,synoptic,0.15320439090813762
aurora,mag_0_layer_all,216.0,specific_humidity@500hPa,synoptic,0.14897848361816132
aurora,mag_0_layer_all,240.0,specific_humidity@500hPa,synoptic,0.16193296565054432
aurora,mag_0_layer_all,0.0,specific_humidity@500hPa,upper_mesoscale,7.650393931236688e-07
aurora,mag_0_layer_all,24.0,specific_humidity@500hPa,upper_mesoscale,0.3356200913878412
aurora,mag_0_layer_all,48.0,specific_humidity@500hPa,upper_mesoscale,0.3645063059242656
aurora,mag_0_layer_all,72.0,specific_humidity@500hPa,upper_mesoscale,0.39333654218487324
aurora,mag_0_layer_all,96.0,specific_humidity@500hPa,upper_mesoscale,0.4025901730822107
aurora,mag_0_layer_all,120.0,specific_humidity@500hPa,upper_mesoscale,0.4238289637116961
aurora,mag_0_layer_all,144.0,specific_humidity@500hPa,upper_mesoscale,0.4503176534854057
aurora,mag_0_layer_all,168.0,specific_humidity@500hPa,upper_mesoscale,0.420062625965607
aurora,mag_0_layer_all,192.0,specific_humidity@500hPa,upper_mesoscale,0.43214151749231705
aurora,mag_0_layer_all,216.0,specific_humidity@500hPa,upper_mesoscale,0.45398036215962084
aurora,mag_0_layer_all,240.0,specific_humidity@500hPa,upper_mesoscale,0.47715100354007084
aurora,mag_0_layer_all,0.0,specific_humidity@500hPa,lower_mesoscale,1.192364827552572e-05
aurora,mag_0_layer_all,24.0,specific_humidity@500hPa,lower_mesoscale,0.8486039732385627
aurora,mag_0_layer_all,48.0,specific_humidity@500hPa,lower_mesoscale,0.8609514090285242
aurora,mag_0_layer_all,72.0,specific_humidity@500hPa,lower_mesoscale,0.8643954558518055
aurora,mag_0_layer_all,96.0,specific_humidity@500hPa,lower_mesoscale,0.864011730555058
aurora,mag_0_layer_all,120.0,specific_humidity@500hPa,lower_mesoscale,0.8757462183590179
aurora,mag_0_layer_all,144.0,specific_humidity@500hPa,lower_mesoscale,0.893609064678141
aurora,mag_0_layer_all,168.0,specific_humidity@500hPa,lower_mesoscale,0.8898063327119411
aurora,mag_0_layer_all,192.0,specific_humidity@500hPa,lower_mesoscale,0.9175764671652379
aurora,mag_0_layer_all,216.0,specific_humidity@500hPa,lower_mesoscale,0.9270339827450554
aurora,mag_0_layer_all,240.0,specific_humidity@500hPa,lower_mesoscale,0.92543797777395
aurora,mag_0.001_layer_all,0.0,specific_humidity@500hPa,planetary,3.108346588703658e-08
aurora,mag_0.001_layer_all,24.0,specific_humidity@500hPa,planetary,0.01220640215572542
aurora,mag_0.001_layer_all,48.0,specific_humidity@500hPa,planetary,0.024149061199618085
aurora,mag_0.001_layer_all,72.0,specific_humidity@500hPa,planetary,0.055670853916332516
aurora,mag_0.001_layer_all,96.0,specific_humidity@500hPa,planetary,0.057641191010774584
aurora,mag_0.001_layer_all,120.0,specific_humidity@500hPa,planetary,0.07688914849867003
aurora,mag_0.001_layer_all,144.0,specific_humidity@500hPa,planetary,0.08153151062484744
aurora,mag_0.001_layer_all,168.0,specific_humidity@500hPa,planetary,0.08742273199504082
aurora,mag_0.001_layer_all,192.0,specific_humidity@500hPa,planetary,0.08671396251192223
aurora,mag_0.001_layer_all,216.0,specific_humidity@500hPa,planetary,0.13235560473227062
aurora,mag_0.001_layer_all,240.0,specific_humidity@500hPa,planetary,0.16501906594627205
aurora,mag_0.001_layer_all,0.0,specific_humidity@500hPa,synoptic,1.8616533751912e-07
aurora,mag_0.001_layer_all,24.0,specific_humidity@500hPa,synoptic,0.049815117284761436
aurora,mag_0.001_layer_all,48.0,specific_humidity@500hPa,synoptic,0.08257396243316525
aurora,mag_0.001_layer_all,72.0,specific_humidity@500hPa,synoptic,0.10584460957034966
aurora,mag_0.001_layer_all,96.0,specific_humidity@500hPa,synoptic,0.1225725910637477
aurora,mag_0.001_layer_all,120.0,specific_humidity@500hPa,synoptic,0.14020610705634418
aurora,mag_0.001_layer_all,144.0,specific_humidity@500hPa,synoptic,0.16887055511657315
aurora,mag_0.001_layer_all,168.0,specific_humidity@500hPa,synoptic,0.18127787510241647
aurora,mag_0.001_layer_all,192.0,specific_humidity@500hPa,synoptic,0.15313582327205208
aurora,mag_0.001_layer_all,216.0,specific_humidity@500hPa,synoptic,0.14755693321397306
aurora,mag_0.001_layer_all,240.0,specific_humidity@500hPa,synoptic,0.157574877522518
aurora,mag_0.001_layer_all,0.0,specific_humidity@500hPa,upper_mesoscale,7.650393931173372e-07
aurora,mag_0.001_layer_all,24.0,specific_humidity@500hPa,upper_mesoscale,0.33527502044038765
aurora,mag_0.001_layer_all,48.0,specific_humidity@500hPa,upper_mesoscale,0.3645781514675141
aurora,mag_0.001_layer_all,72.0,specific_humidity@500hPa,upper_mesoscale,0.3935316183320224
aurora,mag_0.001_layer_all,96.0,specific_humidity@500hPa,upper_mesoscale,0.40354989455085577
aurora,mag_0.001_layer_all,120.0,specific_humidity@500hPa,upper_mesoscale,0.42091849840000106
aurora,mag_0.001_layer_all,144.0,specific_humidity@500hPa,upper_mesoscale,0.44736462766290963
aurora,mag_0.001_layer_all,168.0,specific_humidity@500hPa,upper_mesoscale,0.42143929331488184
aurora,mag_0.001_layer_all,192.0,specific_humidity@500hPa,upper_mesoscale,0.43310548093109236
aurora,mag_0.001_layer_all,216.0,specific_humidity@500hPa,upper_mesoscale,0.45016027528395286
aurora,mag_0.001_layer_all,240.0,specific_humidity@500hPa,upper_mesoscale,0.46608896705792013
aurora,mag_0.001_layer_all,0.0,specific_humidity@500hPa,lower_mesoscale,1.1923648275531176e-05
aurora,mag_0.001_layer_all,24.0,specific_humidity@500hPa,lower_mesoscale,0.84808751237831
aurora,mag_0.001_layer_all,48.0,specific_humidity@500hPa,lower_mesoscale,0.8601063833726575
aurora,mag_0.001_layer_all,72.0,specific_humidity@500hPa,lower_mesoscale,0.8637837368738955
aurora,mag_0.001_layer_all,96.0,specific_humidity@500hPa,lower_mesoscale,0.8659920313718428
aurora,mag_0.001_layer_all,120.0,specific_humidity@500hPa,lower_mesoscale,0.8726446852225345
aurora,mag_0.001_layer_all,144.0,specific_humidity@500hPa,lower_mesoscale,0.8922732531640909
aurora,mag_0.001_layer_all,168.0,specific_humidity@500hPa,lower_mesoscale,0.8908045475281924
aurora,mag_0.001_layer_all,192.0,specific_humidity@500hPa,lower_mesoscale,0.9137937937493567
aurora,mag_0.001_layer_all,216.0,specific_humidity@500hPa,lower_mesoscale,0.9209006827995095
aurora,mag_0.001_layer_all,240.0,specific_humidity@500hPa,lower_mesoscale,0.9201484056866888
aurora,mag_0.003_layer_all,0.0,specific_humidity@500hPa,planetary,3.108346588703658e-08
aurora,mag_0.003_layer_all,24.0,specific_humidity@500hPa,planetary,0.012182481608581285
aurora,mag_0.003_layer_all,48.0,specific_humidity@500hPa,planetary,0.02384191487395233
aurora,mag_0.003_layer_all,72.0,specific_humidity@500hPa,planetary,0.055036559215003264
aurora,mag_0.003_layer_all,96.0,specific_humidity@500hPa,planetary,0.057370793383969734
aurora,mag_0.003_layer_all,120.0,specific_humidity@500hPa,planetary,0.07709480858811066
aurora,mag_0.003_layer_all,144.0,specific_humidity@500hPa,planetary,0.080784024728252
aurora,mag_0.003_layer_all,168.0,specific_humidity@500hPa,planetary,0.08897854506329068
aurora,mag_0.003_layer_all,192.0,specific_humidity@500hPa,planetary,0.0886410734552009
aurora,mag_0.003_layer_all,216.0,specific_humidity@500hPa,planetary,0.13373242285101936
aurora,mag_0.003_layer_all,240.0,specific_humidity@500hPa,planetary,0.15719672676838845
aurora,mag_0.003_layer_all,0.0,specific_humidity@500hPa,synoptic,1.8616533751912e-07
aurora,mag_0.003_layer_all,24.0,specific_humidity@500hPa,synoptic,0.04970642165426693
aurora,mag_0.003_layer_all,48.0,specific_humidity@500hPa,synoptic,0.08262488897044336
aurora,mag_0.003_layer_all,72.0,specific_humidity@500hPa,synoptic,0.10557353258840883
aurora,mag_0.003_layer_all,96.0,specific_humidity@500hPa,synoptic,0.12188441682858264
aurora,mag_0.003_layer_all,120.0,specific_humidity@500hPa,synoptic,0.13782277103653467
aurora,mag_0.003_layer_all,144.0,specific_humidity@500hPa,synoptic,0.16510745840209626
aurora,mag_0.003_layer_all,168.0,specific_humidity@500hPa,synoptic,0.17553480752343217
aurora,mag_0.003_layer_all,192.0,specific_humidity@500hPa,synoptic,0.15351298115984371
aurora,mag_0.003_layer_all,216.0,specific_humidity@500hPa,synoptic,0.15306434626726342
aurora,mag_0.003_layer_all,240.0,specific_humidity@500hPa,synoptic,0.15415171795392024
aurora,mag_0.003_layer_all,0.0,specific_humidity@500hPa,upper_mesoscale,7.650393931173372e-07
aurora,mag_0.003_layer_all,24.0,specific_humidity@500hPa,upper_mesoscale,0.33498255035878327
aurora,mag_0.003_layer_all,48.0,specific_humidity@500hPa,upper_mesoscale,0.365028307570312
aurora,mag_0.003_layer_all,72.0,specific_humidity@500hPa,upper_mesoscale,0.3935566650063338
aurora,mag_0.003_layer_all,96.0,specific_humidity@500hPa,upper_mesoscale,0.40462506727506875
aurora,mag_0.003_layer_all,120.0,specific_humidity@500hPa,upper_mesoscale,0.42092711754864215
aurora,mag_0.003_layer_all,144.0,specific_humidity@500hPa,upper_mesoscale,0.44500938662254275
aurora,mag_0.003_layer_all,168.0,specific_humidity@500hPa,upper_mesoscale,0.423208500103255
aurora,mag_0.003_layer_all,192.0,specific_humidity@500hPa,upper_mesoscale,0.43671863557365936
aurora,mag_0.003_layer_all,216.0,specific_humidity@500hPa,upper_mesoscale,0.44245903798940944
aurora,mag_0.003_layer_all,240.0,specific_humidity@500hPa,upper_mesoscale,0.4661879011637565
aurora,mag_0.003_layer_all,0.0,specific_humidity@500hPa,lower_mesoscale,1.1923648275531176e-05
aurora,mag_0.003_layer_all,24.0,specific_humidity@500hPa,lower_mesoscale,0.8454663756956565
aurora,mag_0.003_layer_all,48.0,specific_humidity@500hPa,lower_mesoscale,0.8585241673871546
aurora,mag_0.003_layer_all,72.0,specific_humidity@500hPa,lower_mesoscale,0.8617381060029106
aurora,mag_0.003_layer_all,96.0,specific_humidity@500hPa,lower_mesoscale,0.8666380870910216
aurora,mag_0.003_layer_all,120.0,specific_humidity@500hPa,lower_mesoscale,0.8662480424754773
aurora,mag_0.003_layer_all,144.0,specific_humidity@500hPa,lower_mesoscale,0.8859390422830844
aurora,mag_0.003_layer_all,168.0,specific_humidity@500hPa,lower_mesoscale,0.8845750878854304
aurora,mag_0.003_layer_all,192.0,specific_humidity@500hPa,lower_mesoscale,0.9138149258411644
aurora,mag_0.003_layer_all,216.0,specific_humidity@500hPa,lower_mesoscale,0.9106444009973089
aurora,mag_0.003_layer_all,240.0,specific_humidity@500hPa,lower_mesoscale,0.9127621266268741
aurora,mag_0.01_layer_all,0.0,specific_humidity@500hPa,planetary,3.108346588703658e-08
aurora,mag_0.01_layer_all,24.0,specific_humidity@500hPa,planetary,0.012102081452005612
aurora,mag_0.01_layer_all,48.0,specific_humidity@500hPa,planetary,0.022929713317420806
aurora,mag_0.01_layer_all,72.0,specific_humidity@500hPa,planetary,0.05376202934693632
aurora,mag_0.01_layer_all,96.0,specific_humidity@500hPa,planetary,0.05875433951413284
aurora,mag_0.01_layer_all,120.0,specific_humidity@500hPa,planetary,0.07906257405002053
aurora,mag_0.01_layer_all,144.0,specific_humidity@500hPa,planetary,0.0848421365346138
aurora,mag_0.01_layer_all,168.0,specific_humidity@500hPa,planetary,0.09035440205764966
aurora,mag_0.01_layer_all,192.0,specific_humidity@500hPa,planetary,0.08828021496010206
aurora,mag_0.01_layer_all,216.0,specific_humidity@500hPa,planetary,0.12399943888050657
aurora,mag_0.01_layer_all,240.0,specific_humidity@500hPa,planetary,0.1464044276066168
aurora,mag_0.01_layer_all,0.0,specific_humidity@500hPa,synoptic,1.8616533751912e-07
aurora,mag_0.01_layer_all,24.0,specific_humidity@500hPa,synoptic,0.04952890145151878
aurora,mag_0.01_layer_all,48.0,specific_humidity@500hPa,synoptic,0.0828080582015846
aurora,mag_0.01_layer_all,72.0,specific_humidity@500hPa,synoptic,0.1053817769166425
aurora,mag_0.01_layer_all,96.0,specific_humidity@500hPa,synoptic,0.12001005739218742
aurora,mag_0.01_layer_all,120.0,specific_humidity@500hPa,synoptic,0.1351923611016494
aurora,mag_0.01_layer_all,144.0,specific_humidity@500hPa,synoptic,0.16166825760189582
aurora,mag_0.01_layer_all,168.0,specific_humidity@500hPa,synoptic,0.16463497711658207
aurora,mag_0.01_layer_all,192.0,specific_humidity@500hPa,synoptic,0.1573039154712913
aurora,mag_0.01_layer_all,216.0,specific_humidity@500hPa,synoptic,0.1651223242739348
aurora,mag_0.01_layer_all,240.0,specific_humidity@500hPa,synoptic,0.16329612222022666
aurora,mag_0.01_layer_all,0.0,specific_humidity@500hPa,upper_mesoscale,7.650393931173372e-07
aurora,mag_0.01_layer_all,24.0,specific_humidity@500hPa,upper_mesoscale,0.3348592028019511
aurora,mag_0.01_layer_all,48.0,specific_humidity@500hPa,upper_mesoscale,0.3692105509374164
aurora,mag_0.01_layer_all,72.0,specific_humidity@500hPa,upper_mesoscale,0.39506396619750633
aurora,mag_0.01_layer_all,96.0,specific_humidity@500hPa,upper_mesoscale,0.40749208681330606
aurora,mag_0.01_layer_all,120.0,specific_humidity@500hPa,upper_mesoscale,0.4262414779481519
aurora,mag_0.01_layer_all,144.0,specific_humidity@500hPa,upper_mesoscale,0.4493992337113567
aurora,mag_0.01_layer_all,168.0,specific_humidity@500hPa,upper_mesoscale,0.4330015814057043
aurora,mag_0.01_layer_all,192.0,specific_humidity@500hPa,upper_mesoscale,0.44295231659291545
aurora,mag_0.01_layer_all,216.0,specific_humidity@500hPa,upper_mesoscale,0.4592696679750978
aurora,mag_0.01_layer_all,240.0,specific_humidity@500hPa,upper_mesoscale,0.4788277052832887
aurora,mag_0.01_layer_all,0.0,specific_humidity@500hPa,lower_mesoscale,1.1923648275531176e-05
aurora,mag_0.01_layer_all,24.0,specific_humidity@500hPa,lower_mesoscale,0.8281704208829415
aurora,mag_0.01_layer_all,48.0,specific_humidity@500hPa,lower_mesoscale,0.8439648902890129
aurora,mag_0.01_layer_all,72.0,specific_humidity@500hPa,lower_mesoscale,0.8425320723761452
aurora,mag_0.01_layer_all,96.0,specific_humidity@500hPa,lower_mesoscale,0.8463145038939449
aurora,mag_0.01_layer_all,120.0,specific_humidity@500hPa,lower_mesoscale,0.845525019060837
aurora,mag_0.01_layer_all,144.0,specific_humidity@500hPa,lower_mesoscale,0.8731838992749676
aurora,mag_0.01_layer_all,168.0,specific_humidity@500hPa,lower_mesoscale,0.8675204335002613
aurora,mag_0.01_layer_all,192.0,specific_humidity@500hPa,lower_mesoscale,0.8960080105521934
aurora,mag_0.01_layer_all,216.0,specific_humidity@500hPa,lower_mesoscale,0.9008735437877601
aurora,mag_0.01_layer_all,240.0,specific_humidity@500hPa,lower_mesoscale,0.8972543153911796
aurora,mag_0.03_layer_all,0.0,specific_humidity@500hPa,planetary,3.108346588703658e-08
aurora,mag_0.03_layer_all,24.0,specific_humidity@500hPa,planetary,0.01302443934510848
aurora,mag_0.03_layer_all,48.0,specific_humidity@500hPa,planetary,0.02718701459690894
aurora,mag_0.03_layer_all,72.0,specific_humidity@500hPa,planetary,0.06054939661663635
aurora,mag_0.03_layer_all,96.0,specific_humidity@500hPa,planetary,0.07588009196263118
aurora,mag_0.03_layer_all,120.0,specific_humidity@500hPa,planetary,0.09750043577784608
aurora,mag_0.03_layer_all,144.0,specific_humidity@500hPa,planetary,0.1156354090173483
aurora,mag_0.03_layer_all,168.0,specific_humidity@500hPa,planetary,0.1087690057740818
aurora,mag_0.03_layer_all,192.0,specific_humidity@500hPa,planetary,0.10905738738794986
aurora,mag_0.03_layer_all,216.0,specific_humidity@500hPa,planetary,0.13334606687988054
aurora,mag_0.03_layer_all,240.0,specific_humidity@500hPa,planetary,0.164155539080675
aurora,mag_0.03_layer_all,0.0,specific_humidity@500hPa,synoptic,1.8616533751912e-07
aurora,mag_0.03_layer_all,24.0,specific_humidity@500hPa,synoptic,0.05372312044565977
aurora,mag_0.03_layer_all,48.0,specific_humidity@500hPa,synoptic,0.0903927754388007
aurora,mag_0.03_layer_all,72.0,specific_humidity@500hPa,synoptic,0.12214320317654452
aurora,mag_0.03_layer_all,96.0,specific_humidity@500hPa,synoptic,0.1304162773795702
aurora,mag_0.03_layer_all,120.0,specific_humidity@500hPa,synoptic,0.15435093287336898
aurora,mag_0.03_layer_all,144.0,specific_humidity@500hPa,synoptic,0.17487988584498962
aurora,mag_0.03_layer_all,168.0,specific_humidity@500hPa,synoptic,0.1859345055069548
aurora,mag_0.03_layer_all,192.0,specific_humidity@500hPa,synoptic,0.19783490390869773
aurora,mag_0.03_layer_all,216.0,specific_humidity@500hPa,synoptic,0.21592523407346056
aurora,mag_0.03_layer_all,240.0,specific_humidity@500hPa,synoptic,0.21859751942434058
aurora,mag_0.03_layer_all,0.0,specific_humidity@500hPa,upper_mesoscale,7.650393931173372e-07
aurora,mag_0.03_layer_all,24.0,specific_humidity@500hPa,upper_mesoscale,0.3442475521294308
aurora,mag_0.03_layer_all,48.0,specific_humidity@500hPa,upper_mesoscale,0.39358774302485805
aurora,mag_0.03_layer_all,72.0,specific_humidity@500hPa,upper_mesoscale,0.4155140449147019
aurora,mag_0.03_layer_all,96.0,specific_humidity@500hPa,upper_mesoscale,0.441320991161468
aurora,mag_0.03_layer_all,120.0,specific_humidity@500hPa,upper_mesoscale,0.46004449802555414
aurora,mag_0.03_layer_all,144.0,specific_humidity@500hPa,upper_mesoscale,0.46191748443395453
aurora,mag_0.03_layer_all,168.0,specific_humidity@500hPa,upper_mesoscale,0.4588432931945165
aurora,mag_0.03_layer_all,192.0,specific_humidity@500hPa,upper_mesoscale,0.47723885870016314
aurora,mag_0.03_layer_all,216.0,specific_humidity@500hPa,upper_mesoscale,0.5126557327290634
aurora,mag_0.03_layer_all,240.0,specific_humidity@500hPa,upper_mesoscale,0.5388575888078855
aurora,mag_0.03_layer_all,0.0,specific_humidity@500hPa,lower_mesoscale,1.1923648275531176e-05
aurora,mag_0.03_layer_all,24.0,specific_humidity@500hPa,lower_mesoscale,0.7644900970420183
aurora,mag_0.03_layer_all,48.0,specific_humidity@500hPa,lower_mesoscale,0.7861353566129339
aurora,mag_0.03_layer_all,72.0,specific_humidity@500hPa,lower_mesoscale,0.7809565166818722
aurora,mag_0.03_layer_all,96.0,specific_humidity@500hPa,lower_mesoscale,0.7896472162288914
aurora,mag_0.03_layer_all,120.0,specific_humidity@500hPa,lower_mesoscale,0.7967102952629257
aurora,mag_0.03_layer_all,144.0,specific_humidity@500hPa,lower_mesoscale,0.8070410814326285
aurora,mag_0.03_layer_all,168.0,specific_humidity@500hPa,lower_mesoscale,0.8046363533798416
aurora,mag_0.03_layer_all,192.0,specific_humidity@500hPa,lower_mesoscale,0.835602485086392
aurora,mag_0.03_layer_all,216.0,specific_humidity@500hPa,lower_mesoscale,0.8540762390130829
aurora,mag_0.03_layer_all,240.0,specific_humidity@500hPa,lower_mesoscale,0.8630051608945234
aurora,mag_0.1_layer_all,0.0,specific_humidity@500hPa,planetary,3.108346588703658e-08
aurora,mag_0.1_layer_all,24.0,specific_humidity@500hPa,planetary,0.03732312982609904
aurora,mag_0.1_layer_all,48.0,specific_humidity@500hPa,planetary,0.08042465298962978
aurora,mag_0.1_layer_all,72.0,specific_humidity@500hPa,planetary,0.11617840177840336
aurora,mag_0.1_layer_all,96.0,specific_humidity@500hPa,planetary,0.15286920969413673
aurora,mag_0.1_layer_all,120.0,specific_humidity@500hPa,planetary,0.15897076667901022
aurora,mag_0.1_layer_all,144.0,specific_humidity@500hPa,planetary,0.1613077478334202
aurora,mag_0.1_layer_all,168.0,specific_humidity@500hPa,planetary,0.1313920325184537
aurora,mag_0.1_layer_all,192.0,specific_humidity@500hPa,planetary,0.12862570795817244
aurora,mag_0.1_layer_all,216.0,specific_humidity@500hPa,planetary,0.13770332522422923
aurora,mag_0.1_layer_all,240.0,specific_humidity@500hPa,planetary,0.14872737434361868
aurora,mag_0.1_layer_all,0.0,specific_humidity@500hPa,synoptic,1.8616533751912e-07
aurora,mag_0.1_layer_all,24.0,specific_humidity@500hPa,synoptic,0.11814888289695645
aurora,mag_0.1_layer_all,48.0,specific_humidity@500hPa,synoptic,0.18614873860373252
aurora,mag_0.1_layer_all,72.0,specific_humidity@500hPa,synoptic,0.23240796324540414
aurora,mag_0.1_layer_all,96.0,specific_humidity@500hPa,synoptic,0.24485157976177777
aurora,mag_0.1_layer_all,120.0,specific_humidity@500hPa,synoptic,0.28309094141243474
aurora,mag_0.1_layer_all,144.0,specific_humidity@500hPa,synoptic,0.3022481877978444
aurora,mag_0.1_layer_all,168.0,specific_humidity@500hPa,synoptic,0.3183490801018065
aurora,mag_0.1_layer_all,192.0,specific_humidity@500hPa,synoptic,0.3410769173704251
aurora,mag_0.1_layer_all,216.0,specific_humidity@500hPa,synoptic,0.3600564358428562
aurora,mag_0.1_layer_all,240.0,specific_humidity@500hPa,synoptic,0.37619905539021614
aurora,mag_0.1_layer_all,0.0,specific_humidity@500hPa,upper_mesoscale,7.650393931173372e-07
aurora,mag_0.1_layer_all,24.0,specific_humidity@500hPa,upper_mesoscale,0.4159538843197228
aurora,mag_0.1_layer_all,48.0,specific_humidity@500hPa,upper_mesoscale,0.466772903570866
aurora,mag_0.1_layer_all,72.0,specific_humidity@500hPa,upper_mesoscale,0.4697237105639613
aurora,mag_0.1_layer_all,96.0,specific_humidity@500hPa,upper_mesoscale,0.5158093862441225
aurora,mag_0.1_layer_all,120.0,specific_humidity@500hPa,upper_mesoscale,0.5442025311872928
aurora,mag_0.1_layer_all,144.0,specific_humidity@500hPa,upper_mesoscale,0.5420095698684666
aurora,mag_0.1_layer_all,168.0,specific_humidity@500hPa,upper_mesoscale,0.5543773429724728
aurora,mag_0.1_layer_all,192.0,specific_humidity@500hPa,upper_mesoscale,0.5843582408317906
aurora,mag_0.1_layer_all,216.0,specific_humidity@500hPa,upper_mesoscale,0.61593004641756
aurora,mag_0.1_layer_all,240.0,specific_humidity@500hPa,upper_mesoscale,0.6554663580482293
aurora,mag_0.1_layer_all,0.0,specific_humidity@500hPa,lower_mesoscale,1.1923648275531176e-05
aurora,mag_0.1_layer_all,24.0,specific_humidity@500hPa,lower_mesoscale,0.48967093526786437
aurora,mag_0.1_layer_all,48.0,specific_humidity@500hPa,lower_mesoscale,0.46498186434564254
aurora,mag_0.1_layer_all,72.0,specific_humidity@500hPa,lower_mesoscale,0.45123047255347665
aurora,mag_0.1_layer_all,96.0,specific_humidity@500hPa,lower_mesoscale,0.452936350896911
aurora,mag_0.1_layer_all,120.0,specific_humidity@500hPa,lower_mesoscale,0.45387049682443753
aurora,mag_0.1_layer_all,144.0,specific_humidity@500hPa,lower_mesoscale,0.45671959012300956
aurora,mag_0.1_layer_all,168.0,specific_humidity@500hPa,lower_mesoscale,0.4578629043648695
aurora,mag_0.1_layer_all,192.0,specific_humidity@500hPa,lower_mesoscale,0.4580688031386928
aurora,mag_0.1_layer_all,216.0,specific_humidity@500hPa,lower_mesoscale,0.4571074107714146
aurora,mag_0.1_layer_all,240.0,specific_humidity@500hPa,lower_mesoscale,0.45889286963938003
graphcast_operational,mag_0_layer_all,0.0,specific_humidity@500hPa,planetary,3.108346589167573e-08
graphcast_operational,mag_0_layer_all,24.0,specific_humidity@500hPa,planetary,0.031175949540344257
graphcast_operational,mag_0_layer_all,48.0,specific_humidity@500hPa,planetary,0.04814758068238688
graphcast_operational,mag_0_layer_all,72.0,specific_humidity@500hPa,planetary,0.0741558455777521
graphcast_operational,mag_0_layer_all,96.0,specific_humidity@500hPa,planetary,0.08454880233588942
graphcast_operational,mag_0_layer_all,120.0,specific_humidity@500hPa,planetary,0.10525487877504237
graphcast_operational,mag_0_layer_all,144.0,specific_humidity@500hPa,planetary,0.1278143538811861
graphcast_operational,mag_0_layer_all,168.0,specific_humidity@500hPa,planetary,0.10719587436697095
graphcast_operational,mag_0_layer_all,192.0,specific_humidity@500hPa,planetary,0.09900864312895347
graphcast_operational,mag_0_layer_all,216.0,specific_humidity@500hPa,planetary,0.10452163777300197
graphcast_operational,mag_0_layer_all,240.0,specific_humidity@500hPa,planetary,0.1409433279568989
graphcast_operational,mag_0_layer_all,0.0,specific_humidity@500hPa,synoptic,1.8616533756530032e-07
graphcast_operational,mag_0_layer_all,24.0,specific_humidity@500hPa,synoptic,0.1615202399112371
graphcast_operational,mag_0_layer_all,48.0,specific_humidity@500hPa,synoptic,0.26210656337166915
graphcast_operational,mag_0_layer_all,72.0,specific_humidity@500hPa,synoptic,0.2963120688092266
graphcast_operational,mag_0_layer_all,96.0,specific_humidity@500hPa,synoptic,0.32009166177496845
graphcast_operational,mag_0_layer_all,120.0,specific_humidity@500hPa,synoptic,0.3473816108618927
graphcast_operational,mag_0_layer_all,144.0,specific_humidity@500hPa,synoptic,0.3628599903669436
graphcast_operational,mag_0_layer_all,168.0,specific_humidity@500hPa,synoptic,0.409228975783346
graphcast_operational,mag_0_layer_all,192.0,specific_humidity@500hPa,synoptic,0.4001250563087772
graphcast_operational,mag_0_layer_all,216.0,specific_humidity@500hPa,synoptic,0.3887294658166317
graphcast_operational,mag_0_layer_all,240.0,specific_humidity@500hPa,synoptic,0.38009514268730593
graphcast_operational,mag_0_layer_all,0.0,specific_humidity@500hPa,upper_mesoscale,7.650393931236688e-07
graphcast_operational,mag_0_layer_all,24.0,specific_humidity@500hPa,upper_mesoscale,0.7633786840424414
graphcast_operational,mag_0_layer_all,48.0,specific_humidity@500hPa,upper_mesoscale,0.9437106154435687
graphcast_operational,mag_0_layer_all,72.0,specific_humidity@500hPa,upper_mesoscale,1.0184193961304622
graphcast_operational,mag_0_layer_all,96.0,specific_humidity@500hPa,upper_mesoscale,1.0667535018423944
graphcast_operational,mag_0_layer_all,120.0,specific_humidity@500hPa,upper_mesoscale,1.1053931259990153
graphcast_operational,mag_0_layer_all,144.0,specific_humidity@500hPa,upper_mesoscale,1.1190590338361313
graphcast_operational,mag_0_layer_all,168.0,specific_humidity@500hPa,upper_mesoscale,1.1418941522071482
graphcast_operational,mag_0_layer_all,192.0,specific_humidity@500hPa,upper_mesoscale,1.1447157940612818
graphcast_operational,mag_0_layer_all,216.0,specific_humidity@500hPa,upper_mesoscale,1.114598894131378
graphcast_operational,mag_0_layer_all,240.0,specific_humidity@500hPa,upper_mesoscale,1.1303436953790114
graphcast_operational,mag_0_layer_all,0.0,specific_humidity@500hPa,lower_mesoscale,1.192364827552572e-05
graphcast_operational,mag_0_layer_all,24.0,specific_humidity@500hPa,lower_mesoscale,1.1086037748404343
graphcast_operational,mag_0_layer_all,48.0,specific_humidity@500hPa,lower_mesoscale,1.1986046107278483
graphcast_operational,mag_0_layer_all,72.0,specific_humidity@500hPa,lower_mesoscale,1.2107877254948087
graphcast_operational,mag_0_layer_all,96.0,specific_humidity@500hPa,lower_mesoscale,1.2370578730806088
graphcast_operational,mag_0_layer_all,120.0,specific_humidity@500hPa,lower_mesoscale,1.232250443148614
graphcast_operational,mag_0_layer_all,144.0,specific_humidity@500hPa,lower_mesoscale,1.2142922124148463
graphcast_operational,mag_0_layer_all,168.0,specific_humidity@500hPa,lower_mesoscale,1.2224219310021094
graphcast_operational,mag_0_layer_all,192.0,specific_humidity@500hPa,lower_mesoscale,1.2364176008854961
graphcast_operational,mag_0_layer_all,216.0,specific_humidity@500hPa,lower_mesoscale,1.2235622782018791
graphcast_operational,mag_0_layer_all,240.0,specific_humidity@500hPa,lower_mesoscale,1.2220262455945659
graphcast_operational,mag_0.001_layer_all,0.0,specific_humidity@500hPa,planetary,3.108346588703658e-08
graphcast_operational,mag_0.001_layer_all,24.0,specific_humidity@500hPa,planetary,0.03095861437546706
graphcast_operational,mag_0.001_layer_all,48.0,specific_humidity@500hPa,planetary,0.04797515992322403
graphcast_operational,mag_0.001_layer_all,72.0,specific_humidity@500hPa,planetary,0.07344169663083462
graphcast_operational,mag_0.001_layer_all,96.0,specific_humidity@500hPa,planetary,0.08400707409905897
graphcast_operational,mag_0.001_layer_all,120.0,specific_humidity@500hPa,planetary,0.10452278837712083
graphcast_operational,mag_0.001_layer_all,144.0,specific_humidity@500hPa,planetary,0.12134908371842902
graphcast_operational,mag_0.001_layer_all,168.0,specific_humidity@500hPa,planetary,0.09776392472884615
graphcast_operational,mag_0.001_layer_all,192.0,specific_humidity@500hPa,planetary,0.09468351491937337
graphcast_operational,mag_0.001_layer_all,216.0,specific_humidity@500hPa,planetary,0.09465016478516182
graphcast_operational,mag_0.001_layer_all,240.0,specific_humidity@500hPa,planetary,0.1224877457939781
graphcast_operational,mag_0.001_layer_all,0.0,specific_humidity@500hPa,synoptic,1.8616533751912e-07
graphcast_operational,mag_0.001_layer_all,24.0,specific_humidity@500hPa,synoptic,0.162610277554457
graphcast_operational,mag_0.001_layer_all,48.0,specific_humidity@500hPa,synoptic,0.2620470895785118
graphcast_operational,mag_0.001_layer_all,72.0,specific_humidity@500hPa,synoptic,0.29523594544667736
graphcast_operational,mag_0.001_layer_all,96.0,specific_humidity@500hPa,synoptic,0.3193263415825827
graphcast_operational,mag_0.001_layer_all,120.0,specific_humidity@500hPa,synoptic,0.3452885907861751
graphcast_operational,mag_0.001_layer_all,144.0,specific_humidity@500hPa,synoptic,0.3631520020539561
graphcast_operational,mag_0.001_layer_all,168.0,specific_humidity@500hPa,synoptic,0.40410728433400567
graphcast_operational,mag_0.001_layer_all,192.0,specific_humidity@500hPa,synoptic,0.3826494389167355
graphcast_operational,mag_0.001_layer_all,216.0,specific_humidity@500hPa,synoptic,0.38230828134773204
graphcast_operational,mag_0.001_layer_all,240.0,specific_humidity@500hPa,synoptic,0.36705353632853194
graphcast_operational,mag_0.001_layer_all,0.0,specific_humidity@500hPa,upper_mesoscale,7.650393931173372e-07
graphcast_operational,mag_0.001_layer_all,24.0,specific_humidity@500hPa,upper_mesoscale,0.7685571038012884
graphcast_operational,mag_0.001_layer_all,48.0,specific_humidity@500hPa,upper_mesoscale,0.9475519906672726
graphcast_operational,mag_0.001_layer_all,72.0,specific_humidity@500hPa,upper_mesoscale,1.020122728836989
graphcast_operational,mag_0.001_layer_all,96.0,specific_humidity@500hPa,upper_mesoscale,1.0640010974330363
graphcast_operational,mag_0.001_layer_all,120.0,specific_humidity@500hPa,upper_mesoscale,1.0940426138686492
graphcast_operational,mag_0.001_layer_all,144.0,specific_humidity@500hPa,upper_mesoscale,1.114058587381193
graphcast_operational,mag_0.001_layer_all,168.0,specific_humidity@500hPa,upper_mesoscale,1.1264357152686362
graphcast_operational,mag_0.001_layer_all,192.0,specific_humidity@500hPa,upper_mesoscale,1.1431331414445127
graphcast_operational,mag_0.001_layer_all,216.0,specific_humidity@500hPa,upper_mesoscale,1.1131637377611399
graphcast_operational,mag_0.001_layer_all,240.0,specific_humidity@500hPa,upper_mesoscale,1.1228479480087878
graphcast_operational,mag_0.001_layer_all,0.0,specific_humidity@500hPa,lower_mesoscale,1.1923648275531176e-05
graphcast_operational,mag_0.001_layer_all,24.0,specific_humidity@500hPa,lower_mesoscale,1.1096392280609024
graphcast_operational,mag_0.001_layer_all,48.0,specific_humidity@500hPa,lower_mesoscale,1.1959139697828902
graphcast_operational,mag_0.001_layer_all,72.0,specific_humidity@500hPa,lower_mesoscale,1.2077336872976805
graphcast_operational,mag_0.001_layer_all,96.0,specific_humidity@500hPa,lower_mesoscale,1.2299924962107192
graphcast_operational,mag_0.001_layer_all,120.0,specific_humidity@500hPa,lower_mesoscale,1.2216183189351204
graphcast_operational,mag_0.001_layer_all,144.0,specific_humidity@500hPa,lower_mesoscale,1.2053807906358243
graphcast_operational,mag_0.001_layer_all,168.0,specific_humidity@500hPa,lower_mesoscale,1.2084656744883568
graphcast_operational,mag_0.001_layer_all,192.0,specific_humidity@500hPa,lower_mesoscale,1.2260608421456252
graphcast_operational,mag_0.001_layer_all,216.0,specific_humidity@500hPa,lower_mesoscale,1.2061376028069757
graphcast_operational,mag_0.001_layer_all,240.0,specific_humidity@500hPa,lower_mesoscale,1.208901707774502
graphcast_operational,mag_0.003_layer_all,0.0,specific_humidity@500hPa,planetary,3.108346588703658e-08
graphcast_operational,mag_0.003_layer_all,24.0,specific_humidity@500hPa,planetary,0.031828766996845934
graphcast_operational,mag_0.003_layer_all,48.0,specific_humidity@500hPa,planetary,0.04939434429934614
graphcast_operational,mag_0.003_layer_all,72.0,specific_humidity@500hPa,planetary,0.07544222871152467
graphcast_operational,mag_0.003_layer_all,96.0,specific_humidity@500hPa,planetary,0.08499191301005769
graphcast_operational,mag_0.003_layer_all,120.0,specific_humidity@500hPa,planetary,0.1054211719306456
graphcast_operational,mag_0.003_layer_all,144.0,specific_humidity@500hPa,planetary,0.12071696336534275
graphcast_operational,mag_0.003_layer_all,168.0,specific_humidity@500hPa,planetary,0.09489619714013203
graphcast_operational,mag_0.003_layer_all,192.0,specific_humidity@500hPa,planetary,0.09185237100662098
graphcast_operational,mag_0.003_layer_all,216.0,specific_humidity@500hPa,planetary,0.09380118070873344
graphcast_operational,mag_0.003_layer_all,240.0,specific_humidity@500hPa,planetary,0.11408593641752852
graphcast_operational,mag_0.003_layer_all,0.0,specific_humidity@500hPa,synoptic,1.8616533751912e-07
graphcast_operational,mag_0.003_layer_all,24.0,specific_humidity@500hPa,synoptic,0.16219268267534573
graphcast_operational,mag_0.003_layer_all,48.0,specific_humidity@500hPa,synoptic,0.26040241365968375
graphcast_operational,mag_0.003_layer_all,72.0,specific_humidity@500hPa,synoptic,0.2923050325050562
graphcast_operational,mag_0.003_layer_all,96.0,specific_humidity@500hPa,synoptic,0.31699397818644515
graphcast_operational,mag_0.003_layer_all,120.0,specific_humidity@500hPa,synoptic,0.3419556859347276
graphcast_operational,mag_0.003_layer_all,144.0,specific_humidity@500hPa,synoptic,0.3606313051520711
graphcast_operational,mag_0.003_layer_all,168.0,specific_humidity@500hPa,synoptic,0.3977518063333295
graphcast_operational,mag_0.003_layer_all,192.0,specific_humidity@500hPa,synoptic,0.3763446692757271
graphcast_operational,mag_0.003_layer_all,216.0,specific_humidity@500hPa,synoptic,0.37594499640952617
graphcast_operational,mag_0.003_layer_all,240.0,specific_humidity@500hPa,synoptic,0.3665792991617682
graphcast_operational,mag_0.003_layer_all,0.0,specific_humidity@500hPa,upper_mesoscale,7.650393931173372e-07
graphcast_operational,mag_0.003_layer_all,24.0,specific_humidity@500hPa,upper_mesoscale,0.7666076155001781
graphcast_operational,mag_0.003_layer_all,48.0,specific_humidity@500hPa,upper_mesoscale,0.9446001113675638
graphcast_operational,mag_0.003_layer_all,72.0,specific_humidity@500hPa,upper_mesoscale,1.0146534879759925
graphcast_operational,mag_0.003_layer_all,96.0,specific_humidity@500hPa,upper_mesoscale,1.053596983317774
graphcast_operational,mag_0.003_layer_all,120.0,specific_humidity@500hPa,upper_mesoscale,1.0807255252279013
graphcast_operational,mag_0.003_layer_all,144.0,specific_humidity@500hPa,upper_mesoscale,1.1010704025610507
graphcast_operational,mag_0.003_layer_all,168.0,specific_humidity@500hPa,upper_mesoscale,1.1155305813418541
graphcast_operational,mag_0.003_layer_all,192.0,specific_humidity@500hPa,upper_mesoscale,1.1278040009376264
graphcast_operational,mag_0.003_layer_all,216.0,specific_humidity@500hPa,upper_mesoscale,1.1067689418533628
graphcast_operational,mag_0.003_layer_all,240.0,specific_humidity@500hPa,upper_mesoscale,1.1062100375669413
graphcast_operational,mag_0.003_layer_all,0.0,specific_humidity@500hPa,lower_mesoscale,1.1923648275531176e-05
graphcast_operational,mag_0.003_layer_all,24.0,specific_humidity@500hPa,lower_mesoscale,1.1074782150597617
graphcast_operational,mag_0.003_layer_all,48.0,specific_humidity@500hPa,lower_mesoscale,1.191805955753791
graphcast_operational,mag_0.003_layer_all,72.0,specific_humidity@500hPa,lower_mesoscale,1.2020910225970611
graphcast_operational,mag_0.003_layer_all,96.0,specific_humidity@500hPa,lower_mesoscale,1.2223870319135655
graphcast_operational,mag_0.003_layer_all,120.0,specific_humidity@500hPa,lower_mesoscale,1.212021430025164
graphcast_operational,mag_0.003_layer_all,144.0,specific_humidity@500hPa,lower_mesoscale,1.197229140564105
graphcast_operational,mag_0.003_layer_all,168.0,specific_humidity@500hPa,lower_mesoscale,1.1975566994980156
graphcast_operational,mag_0.003_layer_all,192.0,specific_humidity@500hPa,lower_mesoscale,1.2187462207762294
graphcast_operational,mag_0.003_layer_all,216.0,specific_humidity@500hPa,lower_mesoscale,1.1973968753879638
graphcast_operational,mag_0.003_layer_all,240.0,specific_humidity@500hPa,lower_mesoscale,1.1973257749125152
graphcast_operational,mag_0.01_layer_all,0.0,specific_humidity@500hPa,planetary,3.108346588703658e-08
graphcast_operational,mag_0.01_layer_all,24.0,specific_humidity@500hPa,planetary,0.03165549587452037
graphcast_operational,mag_0.01_layer_all,48.0,specific_humidity@500hPa,planetary,0.05117649029670689
graphcast_operational,mag_0.01_layer_all,72.0,specific_humidity@500hPa,planetary,0.07844230744497765
graphcast_operational,mag_0.01_layer_all,96.0,specific_humidity@500hPa,planetary,0.08912759096003459
graphcast_operational,mag_0.01_layer_all,120.0,specific_humidity@500hPa,planetary,0.10981183197979323
graphcast_operational,mag_0.01_layer_all,144.0,specific_humidity@500hPa,planetary,0.11815748907562104
graphcast_operational,mag_0.01_layer_all,168.0,specific_humidity@500hPa,planetary,0.08740172799384352
graphcast_operational,mag_0.01_layer_all,192.0,specific_humidity@500hPa,planetary,0.07568233089519565
graphcast_operational,mag_0.01_layer_all,216.0,specific_humidity@500hPa,planetary,0.07940166494720988
graphcast_operational,mag_0.01_layer_all,240.0,specific_humidity@500hPa,planetary,0.0872791209955453
graphcast_operational,mag_0.01_layer_all,0.0,specific_humidity@500hPa,synoptic,1.8616533751912e-07
graphcast_operational,mag_0.01_layer_all,24.0,specific_humidity@500hPa,synoptic,0.16607736566687384
graphcast_operational,mag_0.01_layer_all,48.0,specific_humidity@500hPa,synoptic,0.26620481351204855
graphcast_operational,mag_0.01_layer_all,72.0,specific_humidity@500hPa,synoptic,0.2999845539925102
graphcast_operational,mag_0.01_layer_all,96.0,specific_humidity@500hPa,synoptic,0.32016385210368903
graphcast_operational,mag_0.01_layer_all,120.0,specific_humidity@500hPa,synoptic,0.3477594708604722
graphcast_operational,mag_0.01_layer_all,144.0,specific_humidity@500hPa,synoptic,0.369096754351057
graphcast_operational,mag_0.01_layer_all,168.0,specific_humidity@500hPa,synoptic,0.3882412450272549
graphcast_operational,mag_0.01_layer_all,192.0,specific_humidity@500hPa,synoptic,0.37212438551011606
graphcast_operational,mag_0.01_layer_all,216.0,specific_humidity@500hPa,synoptic,0.3839976561019496
graphcast_operational,mag_0.01_layer_all,240.0,specific_humidity@500hPa,synoptic,0.37193056729225193
graphcast_operational,mag_0.01_layer_all,0.0,specific_humidity@500hPa,upper_mesoscale,7.650393931173372e-07
graphcast_operational,mag_0.01_layer_all,24.0,specific_humidity@500hPa,upper_mesoscale,0.777137744930976
graphcast_operational,mag_0.01_layer_all,48.0,specific_humidity@500hPa,upper_mesoscale,0.9558529290236685
graphcast_operational,mag_0.01_layer_all,72.0,specific_humidity@500hPa,upper_mesoscale,1.0207473568299146
graphcast_operational,mag_0.01_layer_all,96.0,specific_humidity@500hPa,upper_mesoscale,1.0600540030668875
graphcast_operational,mag_0.01_layer_all,120.0,specific_humidity@500hPa,upper_mesoscale,1.0776933510235753
graphcast_operational,mag_0.01_layer_all,144.0,specific_humidity@500hPa,upper_mesoscale,1.0868526836790902
graphcast_operational,mag_0.01_layer_all,168.0,specific_humidity@500hPa,upper_mesoscale,1.1027717341988164
graphcast_operational,mag_0.01_layer_all,192.0,specific_humidity@500hPa,upper_mesoscale,1.1034863321378785
graphcast_operational,mag_0.01_layer_all,216.0,specific_humidity@500hPa,upper_mesoscale,1.1081402950839994
graphcast_operational,mag_0.01_layer_all,240.0,specific_humidity@500hPa,upper_mesoscale,1.143844459032182
graphcast_operational,mag_0.01_layer_all,0.0,specific_humidity@500hPa,lower_mesoscale,1.1923648275531176e-05
graphcast_operational,mag_0.01_layer_all,24.0,specific_humidity@500hPa,lower_mesoscale,1.1006191046870826
graphcast_operational,mag_0.01_layer_all,48.0,specific_humidity@500hPa,lower_mesoscale,1.18050204193372
graphcast_operational,mag_0.01_layer_all,72.0,specific_humidity@500hPa,lower_mesoscale,1.186511898365323
graphcast_operational,mag_0.01_layer_all,96.0,specific_humidity@500hPa,lower_mesoscale,1.2018317707685442
graphcast_operational,mag_0.01_layer_all,120.0,specific_humidity@500hPa,lower_mesoscale,1.1897976927229355
graphcast_operational,mag_0.01_layer_all,144.0,specific_humidity@500hPa,lower_mesoscale,1.171831383433224
graphcast_operational,mag_0.01_layer_all,168.0,specific_humidity@500hPa,lower_mesoscale,1.1597816283933715
graphcast_operational,mag_0.01_layer_all,192.0,specific_humidity@500hPa,lower_mesoscale,1.1762175418217446
graphcast_operational,mag_0.01_layer_all,216.0,specific_humidity@500hPa,lower_mesoscale,1.164707929498343
graphcast_operational,mag_0.01_layer_all,240.0,specific_humidity@500hPa,lower_mesoscale,1.1648960995046524
graphcast_operational,mag_0.03_layer_all,0.0,specific_humidity@500hPa,planetary,3.108346588703658e-08
graphcast_operational,mag_0.03_layer_all,24.0,specific_humidity@500hPa,planetary,0.033758705126658524
graphcast_operational,mag_0.03_layer_all,48.0,specific_humidity@500hPa,planetary,0.05987180103067693
graphcast_operational,mag_0.03_layer_all,72.0,specific_humidity@500hPa,planetary,0.0914730649489904
graphcast_operational,mag_0.03_layer_all,96.0,specific_humidity@500hPa,planetary,0.09819240373429645
graphcast_operational,mag_0.03_layer_all,120.0,specific_humidity@500hPa,planetary,0.11213047619180543
graphcast_operational,mag_0.03_layer_all,144.0,specific_humidity@500hPa,planetary,0.10683638859898494
graphcast_operational,mag_0.03_layer_all,168.0,specific_humidity@500hPa,planetary,0.09086851598170102
graphcast_operational,mag_0.03_layer_all,192.0,specific_humidity@500hPa,planetary,0.09216607199768673
graphcast_operational,mag_0.03_layer_all,216.0,specific_humidity@500hPa,planetary,0.08738610075515602
graphcast_operational,mag_0.03_layer_all,240.0,specific_humidity@500hPa,planetary,0.09512166212608965
graphcast_operational,mag_0.03_layer_all,0.0,specific_humidity@500hPa,synoptic,1.8616533751912e-07
graphcast_operational,mag_0.03_layer_all,24.0,specific_humidity@500hPa,synoptic,0.18096111209876867
graphcast_operational,mag_0.03_layer_all,48.0,specific_humidity@500hPa,synoptic,0.27866754259278415
graphcast_operational,mag_0.03_layer_all,72.0,specific_humidity@500hPa,synoptic,0.32029324202401693
graphcast_operational,mag_0.03_layer_all,96.0,specific_humidity@500hPa,synoptic,0.33009202725899034
graphcast_operational,mag_0.03_layer_all,120.0,specific_humidity@500hPa,synoptic,0.33735740340150183
graphcast_operational,mag_0.03_layer_all,144.0,specific_humidity@500hPa,synoptic,0.3528535522242919
graphcast_operational,mag_0.03_layer_all,168.0,specific_humidity@500hPa,synoptic,0.35958500126114135
graphcast_operational,mag_0.03_layer_all,192.0,specific_humidity@500hPa,synoptic,0.3607243766245486
graphcast_operational,mag_0.03_layer_all,216.0,specific_humidity@500hPa,synoptic,0.35836710076942235
graphcast_operational,mag_0.03_layer_all,240.0,specific_humidity@500hPa,synoptic,0.3397345577845395
graphcast_operational,mag_0.03_layer_all,0.0,specific_humidity@500hPa,upper_mesoscale,7.650393931173372e-07
graphcast_operational,mag_0.03_layer_all,24.0,specific_humidity@500hPa,upper_mesoscale,0.8031442374688333
graphcast_operational,mag_0.03_layer_all,48.0,specific_humidity@500hPa,upper_mesoscale,0.9722469067125186
graphcast_operational,mag_0.03_layer_all,72.0,specific_humidity@500hPa,upper_mesoscale,1.008416684749186
graphcast_operational,mag_0.03_layer_all,96.0,specific_humidity@500hPa,upper_mesoscale,1.0559482434952843
graphcast_operational,mag_0.03_layer_all,120.0,specific_humidity@500hPa,upper_mesoscale,1.0687035021551172
graphcast_operational,mag_0.03_layer_all,144.0,specific_humidity@500hPa,upper_mesoscale,1.0618138492379827
graphcast_operational,mag_0.03_layer_all,168.0,specific_humidity@500hPa,upper_mesoscale,1.0568317153349522
graphcast_operational,mag_0.03_layer_all,192.0,specific_humidity@500hPa,upper_mesoscale,1.0625531726440087
graphcast_operational,mag_0.03_layer_all,216.0,specific_humidity@500hPa,upper_mesoscale,1.0887666509512355
graphcast_operational,mag_0.03_layer_all,240.0,specific_humidity@500hPa,upper_mesoscale,1.097665661380102
graphcast_operational,mag_0.03_layer_all,0.0,specific_humidity@500hPa,lower_mesoscale,1.1923648275531176e-05
graphcast_operational,mag_0.03_layer_all,24.0,specific_humidity@500hPa,lower_mesoscale,1.0309127943538234
graphcast_operational,mag_0.03_layer_all,48.0,specific_humidity@500hPa,lower_mesoscale,1.0912737192872695
graphcast_operational,mag_0.03_layer_all,72.0,specific_humidity@500hPa,lower_mesoscale,1.0752352801316039
graphcast_operational,mag_0.03_layer_all,96.0,specific_humidity@500hPa,lower_mesoscale,1.068667148613781
graphcast_operational,mag_0.03_layer_all,120.0,specific_humidity@500hPa,lower_mesoscale,1.0440106458220977
graphcast_operational,mag_0.03_layer_all,144.0,specific_humidity@500hPa,lower_mesoscale,1.0162727337229032
graphcast_operational,mag_0.03_layer_all,168.0,specific_humidity@500hPa,lower_mesoscale,0.9900725569982185
graphcast_operational,mag_0.03_layer_all,192.0,specific_humidity@500hPa,lower_mesoscale,1.0022891177481767
graphcast_operational,mag_0.03_layer_all,216.0,specific_humidity@500hPa,lower_mesoscale,0.9830990963450196
graphcast_operational,mag_0.03_layer_all,240.0,specific_humidity@500hPa,lower_mesoscale,0.968013180286164
graphcast_operational,mag_0.1_layer_all,0.0,specific_humidity@500hPa,planetary,3.108346588703658e-08
graphcast_operational,mag_0.1_layer_all,24.0,specific_humidity@500hPa,planetary,0.08805324778404898
graphcast_operational,mag_0.1_layer_all,48.0,specific_humidity@500hPa,planetary,0.09948447686364557
graphcast_operational,mag_0.1_layer_all,72.0,specific_humidity@500hPa,planetary,0.10273133384248734
graphcast_operational,mag_0.1_layer_all,96.0,specific_humidity@500hPa,planetary,0.07958037930922798
graphcast_operational,mag_0.1_layer_all,120.0,specific_humidity@500hPa,planetary,0.0660431978993331
graphcast_operational,mag_0.1_layer_all,144.0,specific_humidity@500hPa,planetary,0.062064875200675496
graphcast_operational,mag_0.1_layer_all,168.0,specific_humidity@500hPa,planetary,0.10101669315922322
graphcast_operational,mag_0.1_layer_all,192.0,specific_humidity@500hPa,planetary,0.17509186455646403
graphcast_operational,mag_0.1_layer_all,216.0,specific_humidity@500hPa,planetary,0.17348670056609597
graphcast_operational,mag_0.1_layer_all,240.0,specific_humidity@500hPa,planetary,0.17636876812751698
graphcast_operational,mag_0.1_layer_all,0.0,specific_humidity@500hPa,synoptic,1.8616533751912e-07
graphcast_operational,mag_0.1_layer_all,24.0,specific_humidity@500hPa,synoptic,0.28804029777921425
graphcast_operational,mag_0.1_layer_all,48.0,specific_humidity@500hPa,synoptic,0.3642367693366345
graphcast_operational,mag_0.1_layer_all,72.0,specific_humidity@500hPa,synoptic,0.3998461684683083
graphcast_operational,mag_0.1_layer_all,96.0,specific_humidity@500hPa,synoptic,0.3863750084465735
graphcast_operational,mag_0.1_layer_all,120.0,specific_humidity@500hPa,synoptic,0.3715042702688932
graphcast_operational,mag_0.1_layer_all,144.0,specific_humidity@500hPa,synoptic,0.3509249608074135
graphcast_operational,mag_0.1_layer_all,168.0,specific_humidity@500hPa,synoptic,0.32972693713837925
graphcast_operational,mag_0.1_layer_all,192.0,specific_humidity@500hPa,synoptic,0.32206466697349384
graphcast_operational,mag_0.1_layer_all,216.0,specific_humidity@500hPa,synoptic,0.32040698232932363
graphcast_operational,mag_0.1_layer_all,240.0,specific_humidity@500hPa,synoptic,0.3325239648799935
graphcast_operational,mag_0.1_layer_all,0.0,specific_humidity@500hPa,upper_mesoscale,7.650393931173372e-07
graphcast_operational,mag_0.1_layer_all,24.0,specific_humidity@500hPa,upper_mesoscale,0.8322594163089545
graphcast_operational,mag_0.1_layer_all,48.0,specific_humidity@500hPa,upper_mesoscale,0.9502900585650913
graphcast_operational,mag_0.1_layer_all,72.0,specific_humidity@500hPa,upper_mesoscale,0.9330700973533266
graphcast_operational,mag_0.1_layer_all,96.0,specific_humidity@500hPa,upper_mesoscale,0.9410411607901432
graphcast_operational,mag_0.1_layer_all,120.0,specific_humidity@500hPa,upper_mesoscale,0.9054152596639992
graphcast_operational,mag_0.1_layer_all,144.0,specific_humidity@500hPa,upper_mesoscale,0.8556164424187367
graphcast_operational,mag_0.1_layer_all,168.0,specific_humidity@500hPa,upper_mesoscale,0.8052303353996729
graphcast_operational,mag_0.1_layer_all,192.0,specific_humidity@500hPa,upper_mesoscale,0.7833422485357271
graphcast_operational,mag_0.1_layer_all,216.0,specific_humidity@500hPa,upper_mesoscale,0.7901975148850919
graphcast_operational,mag_0.1_layer_all,240.0,specific_humidity@500hPa,upper_mesoscale,0.8053138436492905
graphcast_operational,mag_0.1_layer_all,0.0,specific_humidity@500hPa,lower_mesoscale,1.1923648275531176e-05
graphcast_operational,mag_0.1_layer_all,24.0,specific_humidity@500hPa,lower_mesoscale,0.5993915697513557
graphcast_operational,mag_0.1_layer_all,48.0,specific_humidity@500hPa,lower_mesoscale,0.601590941651962
graphcast_operational,mag_0.1_layer_all,72.0,specific_humidity@500hPa,lower_mesoscale,0.5344452102230564
graphcast_operational,mag_0.1_layer_all,96.0,specific_humidity@500hPa,lower_mesoscale,0.489993819464785
graphcast_operational,mag_0.1_layer_all,120.0,specific_humidity@500hPa,lower_mesoscale,0.43749340047954394
graphcast_operational,mag_0.1_layer_all,144.0,specific_humidity@500hPa,lower_mesoscale,0.3959163759801062
graphcast_operational,mag_0.1_layer_all,168.0,specific_humidity@500hPa,lower_mesoscale,0.36450619218401625
graphcast_operational,mag_0.1_layer_all,192.0,specific_humidity@500hPa,lower_mesoscale,0.3649124103328401
graphcast_operational,mag_0.1_layer_all,216.0,specific_humidity@500hPa,lower_mesoscale,0.3564347424597674
graphcast_operational,mag_0.1_layer_all,240.0,specific_humidity@500hPa,lower_mesoscale,0.35786970384137295
sfno,mag_0_layer_all,0.0,specific_humidity@500hPa,planetary,3.108346589167573e-08
sfno,mag_0_layer_all,24.0,specific_humidity@500hPa,planetary,0.03205621947606461
sfno,mag_0_layer_all,48.0,specific_humidity@500hPa,planetary,0.03092663588043533
sfno,mag_0_layer_all,72.0,specific_humidity@500hPa,planetary,0.046268732951346696
sfno,mag_0_layer_all,96.0,specific_humidity@500hPa,planetary,0.04114597053711342
sfno,mag_0_layer_all,120.0,specific_humidity@500hPa,planetary,0.05108113151221985
sfno,mag_0_layer_all,144.0,specific_humidity@500hPa,planetary,0.04784884951082949
sfno,mag_0_layer_all,168.0,specific_humidity@500hPa,planetary,0.06739599083632891
sfno,mag_0_layer_all,192.0,specific_humidity@500hPa,planetary,0.06578660500815396
sfno,mag_0_layer_all,216.0,specific_humidity@500hPa,planetary,0.06177214501879366
sfno,mag_0_layer_all,240.0,specific_humidity@500hPa,planetary,0.08055393782207497
sfno,mag_0_layer_all,0.0,specific_humidity@500hPa,synoptic,1.8616533756530032e-07
sfno,mag_0_layer_all,24.0,specific_humidity@500hPa,synoptic,0.10860755247522082
sfno,mag_0_layer_all,48.0,specific_humidity@500hPa,synoptic,0.15133800617426593
sfno,mag_0_layer_all,72.0,specific_humidity@500hPa,synoptic,0.16515325704713135
sfno,mag_0_layer_all,96.0,specific_humidity@500hPa,synoptic,0.1714716756609197
sfno,mag_0_layer_all,120.0,specific_humidity@500hPa,synoptic,0.20494041261022344
sfno,mag_0_layer_all,144.0,specific_humidity@500hPa,synoptic,0.21917170163720626
sfno,mag_0_layer_all,168.0,specific_humidity@500hPa,synoptic,0.25822747690448733
sfno,mag_0_layer_all,192.0,specific_humidity@500hPa,synoptic,0.2409892081131383
sfno,mag_0_layer_all,216.0,specific_humidity@500hPa,synoptic,0.22298295691782363
sfno,mag_0_layer_all,240.0,specific_humidity@500hPa,synoptic,0.2264376304442502
sfno,mag_0_layer_all,0.0,specific_humidity@500hPa,upper_mesoscale,7.650393931236688e-07
sfno,mag_0_layer_all,24.0,specific_humidity@500hPa,upper_mesoscale,0.5746217504305285
sfno,mag_0_layer_all,48.0,specific_humidity@500hPa,upper_mesoscale,0.6571645823085971
sfno,mag_0_layer_all,72.0,specific_humidity@500hPa,upper_mesoscale,0.6816307414281282
sfno,mag_0_layer_all,96.0,specific_humidity@500hPa,upper_mesoscale,0.7042945499109537
sfno,mag_0_layer_all,120.0,specific_humidity@500hPa,upper_mesoscale,0.7152229332054242
sfno,mag_0_layer_all,144.0,specific_humidity@500hPa,upper_mesoscale,0.7338309632765101
sfno,mag_0_layer_all,168.0,specific_humidity@500hPa,upper_mesoscale,0.7440821293098774
sfno,mag_0_layer_all,192.0,specific_humidity@500hPa,upper_mesoscale,0.7573901746814532
sfno,mag_0_layer_all,216.0,specific_humidity@500hPa,upper_mesoscale,0.7401328501195427
sfno,mag_0_layer_all,240.0,specific_humidity@500hPa,upper_mesoscale,0.7431321385127264
sfno,mag_0_layer_all,0.0,specific_humidity@500hPa,lower_mesoscale,1.192364827552572e-05
sfno,mag_0_layer_all,24.0,specific_humidity@500hPa,lower_mesoscale,1.9772510067962061
sfno,mag_0_layer_all,48.0,specific_humidity@500hPa,lower_mesoscale,1.996406551129014
sfno,mag_0_layer_all,72.0,specific_humidity@500hPa,lower_mesoscale,1.959838602819463
sfno,mag_0_layer_all,96.0,specific_humidity@500hPa,lower_mesoscale,1.9641012676406606
sfno,mag_0_layer_all,120.0,specific_humidity@500hPa,lower_mesoscale,1.9506721306082995
sfno,mag_0_layer_all,144.0,specific_humidity@500hPa,lower_mesoscale,1.9540815340604567
sfno,mag_0_layer_all,168.0,specific_humidity@500hPa,lower_mesoscale,1.9749815521862073
sfno,mag_0_layer_all,192.0,specific_humidity@500hPa,lower_mesoscale,1.997440527177152
sfno,mag_0_layer_all,216.0,specific_humidity@500hPa,lower_mesoscale,1.9837438953007414
sfno,mag_0_layer_all,240.0,specific_humidity@500hPa,lower_mesoscale,1.9938693337328437
sfno,mag_0.001_layer_all,0.0,specific_humidity@500hPa,planetary,3.108346588703658e-08
sfno,mag_0.001_layer_all,24.0,specific_humidity@500hPa,planetary,0.032080171318214716
sfno,mag_0.001_layer_all,48.0,specific_humidity@500hPa,planetary,0.031238334221259937
sfno,mag_0.001_layer_all,72.0,specific_humidity@500hPa,planetary,0.047049727781899045
sfno,mag_0.001_layer_all,96.0,specific_humidity@500hPa,planetary,0.04186282540032581
sfno,mag_0.001_layer_all,120.0,specific_humidity@500hPa,planetary,0.05182001340700557
sfno,mag_0.001_layer_all,144.0,specific_humidity@500hPa,planetary,0.04847224267203722
sfno,mag_0.001_layer_all,168.0,specific_humidity@500hPa,planetary,0.06700279767487201
sfno,mag_0.001_layer_all,192.0,specific_humidity@500hPa,planetary,0.06596076581019149
sfno,mag_0.001_layer_all,216.0,specific_humidity@500hPa,planetary,0.061385146791757834
sfno,mag_0.001_layer_all,240.0,specific_humidity@500hPa,planetary,0.08037115919483895
sfno,mag_0.001_layer_all,0.0,specific_humidity@500hPa,synoptic,1.8616533751912e-07
sfno,mag_0.001_layer_all,24.0,specific_humidity@500hPa,synoptic,0.10850003544219976
sfno,mag_0.001_layer_all,48.0,specific_humidity@500hPa,synoptic,0.1511680372008357
sfno,mag_0.001_layer_all,72.0,specific_humidity@500hPa,synoptic,0.1648578355216882
sfno,mag_0.001_layer_all,96.0,specific_humidity@500hPa,synoptic,0.17059423955690597
sfno,mag_0.001_layer_all,120.0,specific_humidity@500hPa,synoptic,0.20458953678264888
sfno,mag_0.001_layer_all,144.0,specific_humidity@500hPa,synoptic,0.2183975322121206
sfno,mag_0.001_layer_all,168.0,specific_humidity@500hPa,synoptic,0.25687041717431613
sfno,mag_0.001_layer_all,192.0,specific_humidity@500hPa,synoptic,0.2402905766200323
sfno,mag_0.001_layer_all,216.0,specific_humidity@500hPa,synoptic,0.22103983724263124
sfno,mag_0.001_layer_all,240.0,specific_humidity@500hPa,synoptic,0.2235048429787529
sfno,mag_0.001_layer_all,0.0,specific_humidity@500hPa,upper_mesoscale,7.650393931173372e-07
sfno,mag_0.001_layer_all,24.0,specific_humidity@500hPa,upper_mesoscale,0.5744958918694092
sfno,mag_0.001_layer_all,48.0,specific_humidity@500hPa,upper_mesoscale,0.6569161444671708
sfno,mag_0.001_layer_all,72.0,specific_humidity@500hPa,upper_mesoscale,0.6819197194830469
sfno,mag_0.001_layer_all,96.0,specific_humidity@500hPa,upper_mesoscale,0.7036377745942843
sfno,mag_0.001_layer_all,120.0,specific_humidity@500hPa,upper_mesoscale,0.7121289525281964
sfno,mag_0.001_layer_all,144.0,specific_humidity@500hPa,upper_mesoscale,0.7329292699122061
sfno,mag_0.001_layer_all,168.0,specific_humidity@500hPa,upper_mesoscale,0.7435596768952992
sfno,mag_0.001_layer_all,192.0,specific_humidity@500hPa,upper_mesoscale,0.7559720619661239
sfno,mag_0.001_layer_all,216.0,specific_humidity@500hPa,upper_mesoscale,0.7372048362374007
sfno,mag_0.001_layer_all,240.0,specific_humidity@500hPa,upper_mesoscale,0.7449916935232644
sfno,mag_0.001_layer_all,0.0,specific_humidity@500hPa,lower_mesoscale,1.1923648275531176e-05
sfno,mag_0.001_layer_all,24.0,specific_humidity@500hPa,lower_mesoscale,1.9768340648119316
sfno,mag_0.001_layer_all,48.0,specific_humidity@500hPa,lower_mesoscale,1.995723369742037
sfno,mag_0.001_layer_all,72.0,specific_humidity@500hPa,lower_mesoscale,1.9591983526879118
sfno,mag_0.001_layer_all,96.0,specific_humidity@500hPa,lower_mesoscale,1.9623300980975633
sfno,mag_0.001_layer_all,120.0,specific_humidity@500hPa,lower_mesoscale,1.9481606132383371
sfno,mag_0.001_layer_all,144.0,specific_humidity@500hPa,lower_mesoscale,1.9546268733558012
sfno,mag_0.001_layer_all,168.0,specific_humidity@500hPa,lower_mesoscale,1.9732692163037084
sfno,mag_0.001_layer_all,192.0,specific_humidity@500hPa,lower_mesoscale,1.9984298507752036
sfno,mag_0.001_layer_all,216.0,specific_humidity@500hPa,lower_mesoscale,1.9805767852075924
sfno,mag_0.001_layer_all,240.0,specific_humidity@500hPa,lower_mesoscale,1.9869291403412055
sfno,mag_0.003_layer_all,0.0,specific_humidity@500hPa,planetary,3.108346588703658e-08
sfno,mag_0.003_layer_all,24.0,specific_humidity@500hPa,planetary,0.03266871313310386
sfno,mag_0.003_layer_all,48.0,specific_humidity@500hPa,planetary,0.03241352377892292
sfno,mag_0.003_layer_all,72.0,specific_humidity@500hPa,planetary,0.04905609994902616
sfno,mag_0.003_layer_all,96.0,specific_humidity@500hPa,planetary,0.04364895907347143
sfno,mag_0.003_layer_all,120.0,specific_humidity@500hPa,planetary,0.0536773616725356
sfno,mag_0.003_layer_all,144.0,specific_humidity@500hPa,planetary,0.04988925804356946
sfno,mag_0.003_layer_all,168.0,specific_humidity@500hPa,planetary,0.0667740107302688
sfno,mag_0.003_layer_all,192.0,specific_humidity@500hPa,planetary,0.06433337677640562
sfno,mag_0.003_layer_all,216.0,specific_humidity@500hPa,planetary,0.05802674617947552
sfno,mag_0.003_layer_all,240.0,specific_humidity@500hPa,planetary,0.0764361267108804
sfno,mag_0.003_layer_all,0.0,specific_humidity@500hPa,synoptic,1.8616533751912e-07
sfno,mag_0.003_layer_all,24.0,specific_humidity@500hPa,synoptic,0.10882503322592767
sfno,mag_0.003_layer_all,48.0,specific_humidity@500hPa,synoptic,0.15141849571363913
sfno,mag_0.003_layer_all,72.0,specific_humidity@500hPa,synoptic,0.16481009386743278
sfno,mag_0.003_layer_all,96.0,specific_humidity@500hPa,synoptic,0.16955086597482788
sfno,mag_0.003_layer_all,120.0,specific_humidity@500hPa,synoptic,0.2041773496479761
sfno,mag_0.003_layer_all,144.0,specific_humidity@500hPa,synoptic,0.21649077236619946
sfno,mag_0.003_layer_all,168.0,specific_humidity@500hPa,synoptic,0.25245413766345265
sfno,mag_0.003_layer_all,192.0,specific_humidity@500hPa,synoptic,0.23512425412617177
sfno,mag_0.003_layer_all,216.0,specific_humidity@500hPa,synoptic,0.21576809525773416
sfno,mag_0.003_layer_all,240.0,specific_humidity@500hPa,synoptic,0.21057437494085035
sfno,mag_0.003_layer_all,0.0,specific_humidity@500hPa,upper_mesoscale,7.650393931173372e-07
sfno,mag_0.003_layer_all,24.0,specific_humidity@500hPa,upper_mesoscale,0.5746934677741631
sfno,mag_0.003_layer_all,48.0,specific_humidity@500hPa,upper_mesoscale,0.6567154513879324
sfno,mag_0.003_layer_all,72.0,specific_humidity@500hPa,upper_mesoscale,0.682049434006815
sfno,mag_0.003_layer_all,96.0,specific_humidity@500hPa,upper_mesoscale,0.701280530378317
sfno,mag_0.003_layer_all,120.0,specific_humidity@500hPa,upper_mesoscale,0.7106699864146232
sfno,mag_0.003_layer_all,144.0,specific_humidity@500hPa,upper_mesoscale,0.7305964588594344
sfno,mag_0.003_layer_all,168.0,specific_humidity@500hPa,upper_mesoscale,0.7387962212259505
sfno,mag_0.003_layer_all,192.0,specific_humidity@500hPa,upper_mesoscale,0.7439225533104104
sfno,mag_0.003_layer_all,216.0,specific_humidity@500hPa,upper_mesoscale,0.735878829747915
sfno,mag_0.003_layer_all,240.0,specific_humidity@500hPa,upper_mesoscale,0.7485535145387112
sfno,mag_0.003_layer_all,0.0,specific_humidity@500hPa,lower_mesoscale,1.1923648275531176e-05
sfno,mag_0.003_layer_all,24.0,specific_humidity@500hPa,lower_mesoscale,1.9767446108170699
sfno,mag_0.003_layer_all,48.0,specific_humidity@500hPa,lower_mesoscale,1.995316887957006
sfno,mag_0.003_layer_all,72.0,specific_humidity@500hPa,lower_mesoscale,1.9583065012489818
sfno,mag_0.003_layer_all,96.0,specific_humidity@500hPa,lower_mesoscale,1.9599328658775663
sfno,mag_0.003_layer_all,120.0,specific_humidity@500hPa,lower_mesoscale,1.9452988706627283
sfno,mag_0.003_layer_all,144.0,specific_humidity@500hPa,lower_mesoscale,1.9526191251887237
sfno,mag_0.003_layer_all,168.0,specific_humidity@500hPa,lower_mesoscale,1.9681810161452948
sfno,mag_0.003_layer_all,192.0,specific_humidity@500hPa,lower_mesoscale,1.991039744109589
sfno,mag_0.003_layer_all,216.0,specific_humidity@500hPa,lower_mesoscale,1.9758820157452248
sfno,mag_0.003_layer_all,240.0,specific_humidity@500hPa,lower_mesoscale,1.9810315941051495
sfno,mag_0.01_layer_all,0.0,specific_humidity@500hPa,planetary,3.108346588703658e-08
sfno,mag_0.01_layer_all,24.0,specific_humidity@500hPa,planetary,0.03457357746770952
sfno,mag_0.01_layer_all,48.0,specific_humidity@500hPa,planetary,0.03651606522984462
sfno,mag_0.01_layer_all,72.0,specific_humidity@500hPa,planetary,0.05573176960021224
sfno,mag_0.01_layer_all,96.0,specific_humidity@500hPa,planetary,0.04960258906768484
sfno,mag_0.01_layer_all,120.0,specific_humidity@500hPa,planetary,0.06151379830734026
sfno,mag_0.01_layer_all,144.0,specific_humidity@500hPa,planetary,0.057315709986793556
sfno,mag_0.01_layer_all,168.0,specific_humidity@500hPa,planetary,0.06902313355218348
sfno,mag_0.01_layer_all,192.0,specific_humidity@500hPa,planetary,0.058340684584041305
sfno,mag_0.01_layer_all,216.0,specific_humidity@500hPa,planetary,0.05125204812050499
sfno,mag_0.01_layer_all,240.0,specific_humidity@500hPa,planetary,0.0717131777106124
sfno,mag_0.01_layer_all,0.0,specific_humidity@500hPa,synoptic,1.8616533751912e-07
sfno,mag_0.01_layer_all,24.0,specific_humidity@500hPa,synoptic,0.10979083926852218
sfno,mag_0.01_layer_all,48.0,specific_humidity@500hPa,synoptic,0.15126453954809058
sfno,mag_0.01_layer_all,72.0,specific_humidity@500hPa,synoptic,0.16460595642630846
sfno,mag_0.01_layer_all,96.0,specific_humidity@500hPa,synoptic,0.16737176065352935
sfno,mag_0.01_layer_all,120.0,specific_humidity@500hPa,synoptic,0.1974612546322427
sfno,mag_0.01_layer_all,144.0,specific_humidity@500hPa,synoptic,0.20767970609680603
sfno,mag_0.01_layer_all,168.0,specific_humidity@500hPa,synoptic,0.23255633397966252
sfno,mag_0.01_layer_all,192.0,specific_humidity@500hPa,synoptic,0.21662495840728177
sfno,mag_0.01_layer_all,216.0,specific_humidity@500hPa,synoptic,0.20745767504798127
sfno,mag_0.01_layer_all,240.0,specific_humidity@500hPa,synoptic,0.1913302845248604
sfno,mag_0.01_layer_all,0.0,specific_humidity@500hPa,upper_mesoscale,7.650393931173372e-07
sfno,mag_0.01_layer_all,24.0,specific_humidity@500hPa,upper_mesoscale,0.5739091900247885
sfno,mag_0.01_layer_all,48.0,specific_humidity@500hPa,upper_mesoscale,0.654646471442231
sfno,mag_0.01_layer_all,72.0,specific_humidity@500hPa,upper_mesoscale,0.677257288949001
sfno,mag_0.01_layer_all,96.0,specific_humidity@500hPa,upper_mesoscale,0.6948289962382487
sfno,mag_0.01_layer_all,120.0,specific_humidity@500hPa,upper_mesoscale,0.6988670849086942
sfno,mag_0.01_layer_all,144.0,specific_humidity@500hPa,upper_mesoscale,0.7244006296042125
sfno,mag_0.01_layer_all,168.0,specific_humidity@500hPa,upper_mesoscale,0.7129895990100814
sfno,mag_0.01_layer_all,192.0,specific_humidity@500hPa,upper_mesoscale,0.712476319887112
sfno,mag_0.01_layer_all,216.0,specific_humidity@500hPa,upper_mesoscale,0.7103625460032276
sfno,mag_0.01_layer_all,240.0,specific_humidity@500hPa,upper_mesoscale,0.7238158922088764
sfno,mag_0.01_layer_all,0.0,specific_humidity@500hPa,lower_mesoscale,1.1923648275531176e-05
sfno,mag_0.01_layer_all,24.0,specific_humidity@500hPa,lower_mesoscale,1.9738052249276625
sfno,mag_0.01_layer_all,48.0,specific_humidity@500hPa,lower_mesoscale,1.991710261590736
sfno,mag_0.01_layer_all,72.0,specific_humidity@500hPa,lower_mesoscale,1.9510678513953061
sfno,mag_0.01_layer_all,96.0,specific_humidity@500hPa,lower_mesoscale,1.9543686042246045
sfno,mag_0.01_layer_all,120.0,specific_humidity@500hPa,lower_mesoscale,1.9339713539686065
sfno,mag_0.01_layer_all,144.0,specific_humidity@500hPa,lower_mesoscale,1.9575300881663187
sfno,mag_0.01_layer_all,168.0,specific_humidity@500hPa,lower_mesoscale,1.951017903221502
sfno,mag_0.01_layer_all,192.0,specific_humidity@500hPa,lower_mesoscale,1.9751022338483526
sfno,mag_0.01_layer_all,216.0,specific_humidity@500hPa,lower_mesoscale,1.9591042084420196
sfno,mag_0.01_layer_all,240.0,specific_humidity@500hPa,lower_mesoscale,1.94934267333393
sfno,mag_0.03_layer_all,0.0,specific_humidity@500hPa,planetary,3.108346588703658e-08
sfno,mag_0.03_layer_all,24.0,specific_humidity@500hPa,planetary,0.04051018745596769
sfno,mag_0.03_layer_all,48.0,specific_humidity@500hPa,planetary,0.050764439657309444
sfno,mag_0.03_layer_all,72.0,specific_humidity@500hPa,planetary,0.07399895955578563
sfno,mag_0.03_layer_all,96.0,specific_humidity@500hPa,planetary,0.07140873114618906
sfno,mag_0.03_layer_all,120.0,specific_humidity@500hPa,planetary,0.08221035534857082
sfno,mag_0.03_layer_all,144.0,specific_humidity@500hPa,planetary,0.07796300727154307
sfno,mag_0.03_layer_all,168.0,specific_humidity@500hPa,planetary,0.07019268367086308
sfno,mag_0.03_layer_all,192.0,specific_humidity@500hPa,planetary,0.06781488878426253
sfno,mag_0.03_layer_all,216.0,specific_humidity@500hPa,planetary,0.07018838569362335
sfno,mag_0.03_layer_all,240.0,specific_humidity@500hPa,planetary,0.08988195970947967
sfno,mag_0.03_layer_all,0.0,specific_humidity@500hPa,synoptic,1.8616533751912e-07
sfno,mag_0.03_layer_all,24.0,specific_humidity@500hPa,synoptic,0.11024902324505141
sfno,mag_0.03_layer_all,48.0,specific_humidity@500hPa,synoptic,0.14340283258504796
sfno,mag_0.03_layer_all,72.0,specific_humidity@500hPa,synoptic,0.1629824130135325
sfno,mag_0.03_layer_all,96.0,specific_humidity@500hPa,synoptic,0.15967227086264812
sfno,mag_0.03_layer_all,120.0,specific_humidity@500hPa,synoptic,0.17346535320919615
sfno,mag_0.03_layer_all,144.0,specific_humidity@500hPa,synoptic,0.17643191049702947
sfno,mag_0.03_layer_all,168.0,specific_humidity@500hPa,synoptic,0.18169455306921362
sfno,mag_0.03_layer_all,192.0,specific_humidity@500hPa,synoptic,0.17195192806688
sfno,mag_0.03_layer_all,216.0,specific_humidity@500hPa,synoptic,0.17041121632797696
sfno,mag_0.03_layer_all,240.0,specific_humidity@500hPa,synoptic,0.16858234704691827
sfno,mag_0.03_layer_all,0.0,specific_humidity@500hPa,upper_mesoscale,7.650393931173372e-07
sfno,mag_0.03_layer_all,24.0,specific_humidity@500hPa,upper_mesoscale,0.5564449914267623
sfno,mag_0.03_layer_all,48.0,specific_humidity@500hPa,upper_mesoscale,0.6299848029062459
sfno,mag_0.03_layer_all,72.0,specific_humidity@500hPa,upper_mesoscale,0.6153487270624238
sfno,mag_0.03_layer_all,96.0,specific_humidity@500hPa,upper_mesoscale,0.6267647641659804
sfno,mag_0.03_layer_all,120.0,specific_humidity@500hPa,upper_mesoscale,0.6026632077438103
sfno,mag_0.03_layer_all,144.0,specific_humidity@500hPa,upper_mesoscale,0.5427237643125131
sfno,mag_0.03_layer_all,168.0,specific_humidity@500hPa,upper_mesoscale,0.49045110463297653
sfno,mag_0.03_layer_all,192.0,specific_humidity@500hPa,upper_mesoscale,0.451921394433618
sfno,mag_0.03_layer_all,216.0,specific_humidity@500hPa,upper_mesoscale,0.4126618674436638
sfno,mag_0.03_layer_all,240.0,specific_humidity@500hPa,upper_mesoscale,0.39486036716649303
sfno,mag_0.03_layer_all,0.0,specific_humidity@500hPa,lower_mesoscale,1.1923648275531176e-05
sfno,mag_0.03_layer_all,24.0,specific_humidity@500hPa,lower_mesoscale,1.9559570316345605
sfno,mag_0.03_layer_all,48.0,specific_humidity@500hPa,lower_mesoscale,1.9749689612805434
sfno,mag_0.03_layer_all,72.0,specific_humidity@500hPa,lower_mesoscale,1.9233012866368449
sfno,mag_0.03_layer_all,96.0,specific_humidity@500hPa,lower_mesoscale,1.9283039319623454
sfno,mag_0.03_layer_all,120.0,specific_humidity@500hPa,lower_mesoscale,1.883087895663731
sfno,mag_0.03_layer_all,144.0,specific_humidity@500hPa,lower_mesoscale,1.6751717965795176
sfno,mag_0.03_layer_all,168.0,specific_humidity@500hPa,lower_mesoscale,1.475451793914872
sfno,mag_0.03_layer_all,192.0,specific_humidity@500hPa,lower_mesoscale,1.3666956966411576
sfno,mag_0.03_layer_all,216.0,specific_humidity@500hPa,lower_mesoscale,1.3384624937431764
sfno,mag_0.03_layer_all,240.0,specific_humidity@500hPa,lower_mesoscale,1.3090303297128527
sfno,mag_0.1_layer_all,0.0,specific_humidity@500hPa,planetary,3.108346588703658e-08
sfno,mag_0.1_layer_all,24.0,specific_humidity@500hPa,planetary,0.04081081811345031
sfno,mag_0.1_layer_all,48.0,specific_humidity@500hPa,planetary,0.06609020359379145
sfno,mag_0.1_layer_all,72.0,specific_humidity@500hPa,planetary,0.11865642397707919
sfno,mag_0.1_layer_all,96.0,specific_humidity@500hPa,planetary,0.2013485761201344
sfno,mag_0.1_layer_all,120.0,specific_humidity@500hPa,planetary,0.37154056923281154
sfno,mag_0.1_layer_all,144.0,specific_humidity@500hPa,planetary,0.5215707482950576
sfno,mag_0.1_layer_all,168.0,specific_humidity@500hPa,planetary,0.7084270865847175
sfno,mag_0.1_layer_all,192.0,specific_humidity@500hPa,planetary,0.9398042899253284
sfno,mag_0.1_layer_all,216.0,specific_humidity@500hPa,planetary,1.1358030008609008
sfno,mag_0.1_layer_all,240.0,specific_humidity@500hPa,planetary,1.3209483924431658
sfno,mag_0.1_layer_all,0.0,specific_humidity@500hPa,synoptic,1.8616533751912e-07
sfno,mag_0.1_layer_all,24.0,specific_humidity@500hPa,synoptic,0.05234274622749378
sfno,mag_0.1_layer_all,48.0,specific_humidity@500hPa,synoptic,0.08610315702468403
sfno,mag_0.1_layer_all,72.0,specific_humidity@500hPa,synoptic,0.19539927272639002
sfno,mag_0.1_layer_all,96.0,specific_humidity@500hPa,synoptic,0.32812254695535115
sfno,mag_0.1_layer_all,120.0,specific_humidity@500hPa,synoptic,0.5049585653040137
sfno,mag_0.1_layer_all,144.0,specific_humidity@500hPa,synoptic,0.6526136930184017
sfno,mag_0.1_layer_all,168.0,specific_humidity@500hPa,synoptic,0.7888085777631745
sfno,mag_0.1_layer_all,192.0,specific_humidity@500hPa,synoptic,0.9520244730961599
sfno,mag_0.1_layer_all,216.0,specific_humidity@500hPa,synoptic,1.0916695834653203
sfno,mag_0.1_layer_all,240.0,specific_humidity@500hPa,synoptic,1.220468570101912
sfno,mag_0.1_layer_all,0.0,specific_humidity@500hPa,upper_mesoscale,7.650393931173372e-07
sfno,mag_0.1_layer_all,24.0,specific_humidity@500hPa,upper_mesoscale,0.3144010820513673
sfno,mag_0.1_layer_all,48.0,specific_humidity@500hPa,upper_mesoscale,0.08374817812216655
sfno,mag_0.1_layer_all,72.0,specific_humidity@500hPa,upper_mesoscale,0.21181750729067414
sfno,mag_0.1_layer_all,96.0,specific_humidity@500hPa,upper_mesoscale,0.3573075699547209
sfno,mag_0.1_layer_all,120.0,specific_humidity@500hPa,upper_mesoscale,0.574720354814757
sfno,mag_0.1_layer_all,144.0,specific_humidity@500hPa,upper_mesoscale,0.6645785625219356
sfno,mag_0.1_layer_all,168.0,specific_humidity@500hPa,upper_mesoscale,0.8163616427640403
sfno,mag_0.1_layer_all,192.0,specific_humidity@500hPa,upper_mesoscale,0.9220652141021574
sfno,mag_0.1_layer_all,216.0,specific_humidity@500hPa,upper_mesoscale,0.9380639719300525
sfno,mag_0.1_layer_all,240.0,specific_humidity@500hPa,upper_mesoscale,0.9875152888578379
sfno,mag_0.1_layer_all,0.0,specific_humidity@500hPa,lower_mesoscale,1.1923648275531176e-05
sfno,mag_0.1_layer_all,24.0,specific_humidity@500hPa,lower_mesoscale,1.8231299938476315
sfno,mag_0.1_layer_all,48.0,specific_humidity@500hPa,lower_mesoscale,1.574166838496126
sfno,mag_0.1_layer_all,72.0,specific_humidity@500hPa,lower_mesoscale,1.03652418996045
sfno,mag_0.1_layer_all,96.0,specific_humidity@500hPa,lower_mesoscale,0.8221003767178112
sfno,mag_0.1_layer_all,120.0,specific_humidity@500hPa,lower_mesoscale,0.6863528010893887
sfno,mag_0.1_layer_all,144.0,specific_humidity@500hPa,lower_mesoscale,0.7776326906193398
sfno,mag_0.1_layer_all,168.0,specific_humidity@500hPa,lower_mesoscale,0.5771203408896817
sfno,mag_0.1_layer_all,192.0,specific_humidity@500hPa,lower_mesoscale,0.5349034393775899
sfno,mag_0.1_layer_all,216.0,specific_humidity@500hPa,lower_mesoscale,0.516695308432151
sfno,mag_0.1_layer_all,240.0,specific_humidity@500hPa,lower_mesoscale,0.4555708946326718
aifs,mag_0_layer_all,0.0,specific_humidity@500hPa,planetary,5.1110347593683104e-08
aifs,mag_0_layer_all,24.0,specific_humidity@500hPa,planetary,0.025422532120342393
aifs,mag_0_layer_all,48.0,specific_humidity@500hPa,planetary,0.03630588804454282
aifs,mag_0_layer_all,72.0,specific_humidity@500hPa,planetary,0.04560766169149831
aifs,mag_0_layer_all,96.0,specific_humidity@500hPa,planetary,0.04768161607379466
aifs,mag_0_layer_all,120.0,specific_humidity@500hPa,planetary,0.06865799518397474
aifs,mag_0_layer_all,144.0,specific_humidity@500hPa,planetary,0.07979151124941715
aifs,mag_0_layer_all,168.0,specific_humidity@500hPa,planetary,0.07055358665510109
aifs,mag_0_layer_all,192.0,specific_humidity@500hPa,planetary,0.06535529455936187
aifs,mag_0_layer_all,216.0,specific_humidity@500hPa,planetary,0.08143846954804845
aifs,mag_0_layer_all,240.0,specific_humidity@500hPa,planetary,0.1014027956144616
aifs,mag_0_layer_all,0.0,specific_humidity@500hPa,synoptic,1.8929254511160005e-07
aifs,mag_0_layer_all,24.0,specific_humidity@500hPa,synoptic,0.1376452083550181
aifs,mag_0_layer_all,48.0,specific_humidity@500hPa,synoptic,0.24693154917396695
aifs,mag_0_layer_all,72.0,specific_humidity@500hPa,synoptic,0.2936973635973465
aifs,mag_0_layer_all,96.0,specific_humidity@500hPa,synoptic,0.31894225041636326
aifs,mag_0_layer_all,120.0,specific_humidity@500hPa,synoptic,0.36081677052579497
aifs,mag_0_layer_all,144.0,specific_humidity@500hPa,synoptic,0.39834568283690247
aifs,mag_0_layer_all,168.0,specific_humidity@500hPa,synoptic,0.40535580372233304
aifs,mag_0_layer_all,192.0,specific_humidity@500hPa,synoptic,0.41517236300563126
aifs,mag_0_layer_all,216.0,specific_humidity@500hPa,synoptic,0.42962961865729554
aifs,mag_0_layer_all,240.0,specific_humidity@500hPa,synoptic,0.4141645944022587
aifs,mag_0_layer_all,0.0,specific_humidity@500hPa,upper_mesoscale,9.413530674713897e-07
aifs,mag_0_layer_all,24.0,specific_humidity@500hPa,upper_mesoscale,0.7070787450943579
aifs,mag_0_layer_all,48.0,specific_humidity@500hPa,upper_mesoscale,0.9533481451571532
aifs,mag_0_layer_all,72.0,specific_humidity@500hPa,upper_mesoscale,1.0890256927329545
aifs,mag_0_layer_all,96.0,specific_humidity@500hPa,upper_mesoscale,1.1620604962592582
aifs,mag_0_layer_all,120.0,specific_humidity@500hPa,upper_mesoscale,1.1925944843592577
aifs,mag_0_layer_all,144.0,specific_humidity@500hPa,upper_mesoscale,1.1986637691171318
aifs,mag_0_layer_all,168.0,specific_humidity@500hPa,upper_mesoscale,1.224257103454465
aifs,mag_0_layer_all,192.0,specific_humidity@500hPa,upper_mesoscale,1.2187072861466597
aifs,mag_0_layer_all,216.0,specific_humidity@500hPa,upper_mesoscale,1.2175545712190654
aifs,mag_0_layer_all,240.0,specific_humidity@500hPa,upper_mesoscale,1.2758059925208356
aifs,mag_0_layer_all,0.0,specific_humidity@500hPa,lower_mesoscale,1.4652307849439376e-05
aifs,mag_0_layer_all,24.0,specific_humidity@500hPa,lower_mesoscale,1.3265038818178405
aifs,mag_0_layer_all,48.0,specific_humidity@500hPa,lower_mesoscale,1.4677635810425222
aifs,mag_0_layer_all,72.0,specific_humidity@500hPa,lower_mesoscale,1.4946758028747444
aifs,mag_0_layer_all,96.0,specific_humidity@500hPa,lower_mesoscale,1.5477986181789327
aifs,mag_0_layer_all,120.0,specific_humidity@500hPa,lower_mesoscale,1.549662519594053
aifs,mag_0_layer_all,144.0,specific_humidity@500hPa,lower_mesoscale,1.5454851365927276
aifs,mag_0_layer_all,168.0,specific_humidity@500hPa,lower_mesoscale,1.5545439380044237
aifs,mag_0_layer_all,192.0,specific_humidity@500hPa,lower_mesoscale,1.5723453833466152
aifs,mag_0_layer_all,216.0,specific_humidity@500hPa,lower_mesoscale,1.5498167033791952
aifs,mag_0_layer_all,240.0,specific_humidity@500hPa,lower_mesoscale,1.5646194871773906
aifs,mag_0.003_layer_all,0.0,specific_humidity@500hPa,planetary,5.1110347593683104e-08
aifs,mag_0.003_layer_all,24.0,specific_humidity@500hPa,planetary,0.02448217492800066
aifs,mag_0.003_layer_all,48.0,specific_humidity@500hPa,planetary,0.0345639241363714
aifs,mag_0.003_layer_all,72.0,specific_humidity@500hPa,planetary,0.04278353772312388
aifs,mag_0.003_layer_all,96.0,specific_humidity@500hPa,planetary,0.044324948691518984
aifs,mag_0.003_layer_all,120.0,specific_humidity@500hPa,planetary,0.06484467034551487
aifs,mag_0.003_layer_all,144.0,specific_humidity@500hPa,planetary,0.07530597116345962
aifs,mag_0.003_layer_all,168.0,specific_humidity@500hPa,planetary,0.0656835925878984
aifs,mag_0.003_layer_all,192.0,specific_humidity@500hPa,planetary,0.06251896419832056
aifs,mag_0.003_layer_all,216.0,specific_humidity@500hPa,planetary,0.07562158219302141
aifs,mag_0.003_layer_all,240.0,specific_humidity@500hPa,planetary,0.09183617986204327
aifs,mag_0.003_layer_all,0.0,specific_humidity@500hPa,synoptic,1.892925451273836e-07
aifs,mag_0.003_layer_all,24.0,specific_humidity@500hPa,synoptic,0.13781661988977126
aifs,mag_0.003_layer_all,48.0,specific_humidity@500hPa,synoptic,0.2456104159344215
aifs,mag_0.003_layer_all,72.0,specific_humidity@500hPa,synoptic,0.29093502630161416
aifs,mag_0.003_layer_all,96.0,specific_humidity@500hPa,synoptic,0.3152383771323262
aifs,mag_0.003_layer_all,120.0,specific_humidity@500hPa,synoptic,0.3556562772322598
aifs,mag_0.003_layer_all,144.0,specific_humidity@500hPa,synoptic,0.39336860837214577
aifs,mag_0.003_layer_all,168.0,specific_humidity@500hPa,synoptic,0.39899762076553985
aifs,mag_0.003_layer_all,192.0,specific_humidity@500hPa,synoptic,0.4075814544690675
aifs,mag_0.003_layer_all,216.0,specific_humidity@500hPa,synoptic,0.4203873150694632
aifs,mag_0.003_layer_all,240.0,specific_humidity@500hPa,synoptic,0.40680637113541646
aifs,mag_0.003_layer_all,0.0,specific_humidity@500hPa,upper_mesoscale,9.413530674762523e-07
aifs,mag_0.003_layer_all,24.0,specific_humidity@500hPa,upper_mesoscale,0.7046238244515259
aifs,mag_0.003_layer_all,48.0,specific_humidity@500hPa,upper_mesoscale,0.9442010648942524
aifs,mag_0.003_layer_all,72.0,specific_humidity@500hPa,upper_mesoscale,1.0748432521809612
aifs,mag_0.003_layer_all,96.0,specific_humidity@500hPa,upper_mesoscale,1.1489072990081444
aifs,mag_0.003_layer_all,120.0,specific_humidity@500hPa,upper_mesoscale,1.1754010477798669
aifs,mag_0.003_layer_all,144.0,specific_humidity@500hPa,upper_mesoscale,1.1816941299294597
aifs,mag_0.003_layer_all,168.0,specific_humidity@500hPa,upper_mesoscale,1.2117861630237423
aifs,mag_0.003_layer_all,192.0,specific_humidity@500hPa,upper_mesoscale,1.2023403902432088
aifs,mag_0.003_layer_all,216.0,specific_humidity@500hPa,upper_mesoscale,1.2037740532082561
aifs,mag_0.003_layer_all,240.0,specific_humidity@500hPa,upper_mesoscale,1.2471853998812208
aifs,mag_0.003_layer_all,0.0,specific_humidity@500hPa,lower_mesoscale,1.4652307849441126e-05
aifs,mag_0.003_layer_all,24.0,specific_humidity@500hPa,lower_mesoscale,1.3206108341275662
aifs,mag_0.003_layer_all,48.0,specific_humidity@500hPa,lower_mesoscale,1.4568857970817743
aifs,mag_0.003_layer_all,72.0,specific_humidity@500hPa,lower_mesoscale,1.4834794198302053
aifs,mag_0.003_layer_all,96.0,specific_humidity@500hPa,lower_mesoscale,1.5353591530717434
aifs,mag_0.003_layer_all,120.0,specific_humidity@500hPa,lower_mesoscale,1.5356371823206296
aifs,mag_0.003_layer_all,144.0,specific_humidity@500hPa,lower_mesoscale,1.5303897528431472
aifs,mag_0.003_layer_all,168.0,specific_humidity@500hPa,lower_mesoscale,1.5413295974213734
aifs,mag_0.003_layer_all,192.0,specific_humidity@500hPa,lower_mesoscale,1.5562668512197282
aifs,mag_0.003_layer_all,216.0,specific_humidity@500hPa,lower_mesoscale,1.5359566494533041
aifs,mag_0.003_layer_all,240.0,specific_humidity@500hPa,lower_mesoscale,1.5444876622293975
aifs,mag_0.01_layer_all,0.0,specific_humidity@500hPa,planetary,5.1110347593683104e-08
aifs,mag_0.01_layer_all,24.0,specific_humidity@500hPa,planetary,0.022068445283140004
aifs,mag_0.01_layer_all,48.0,specific_humidity@500hPa,planetary,0.030372026888644554
aifs,mag_0.01_layer_all,72.0,specific_humidity@500hPa,planetary,0.035896186889504314
aifs,mag_0.01_layer_all,96.0,specific_humidity@500hPa,planetary,0.03676348355863294
aifs,mag_0.01_layer_all,120.0,specific_humidity@500hPa,planetary,0.05466990819398356
aifs,mag_0.01_layer_all,144.0,specific_humidity@500hPa,planetary,0.06516842034372226
aifs,mag_0.01_layer_all,168.0,specific_humidity@500hPa,planetary,0.050060556738509024
aifs,mag_0.01_layer_all,192.0,specific_humidity@500hPa,planetary,0.06278519815011895
aifs,mag_0.01_layer_all,216.0,specific_humidity@500hPa,planetary,0.06197141744090357
aifs,mag_0.01_layer_all,240.0,specific_humidity@500hPa,planetary,0.05926439962985508
aifs,mag_0.01_layer_all,0.0,specific_humidity@500hPa,synoptic,1.892925451273836e-07
aifs,mag_0.01_layer_all,24.0,specific_humidity@500hPa,synoptic,0.14286013989525667
aifs,mag_0.01_layer_all,48.0,specific_humidity@500hPa,synoptic,0.24566929642105198
aifs,mag_0.01_layer_all,72.0,specific_humidity@500hPa,synoptic,0.2880196682627529
aifs,mag_0.01_layer_all,96.0,specific_humidity@500hPa,synoptic,0.3045266703616645
aifs,mag_0.01_layer_all,120.0,specific_humidity@500hPa,synoptic,0.33987167692362097
aifs,mag_0.01_layer_all,144.0,specific_humidity@500hPa,synoptic,0.3718132434339954
aifs,mag_0.01_layer_all,168.0,specific_humidity@500hPa,synoptic,0.38541106328581515
aifs,mag_0.01_layer_all,192.0,specific_humidity@500hPa,synoptic,0.39052599601305227
aifs,mag_0.01_layer_all,216.0,specific_humidity@500hPa,synoptic,0.40481221742420487
aifs,mag_0.01_layer_all,240.0,specific_humidity@500hPa,synoptic,0.3910291857844348
aifs,mag_0.01_layer_all,0.0,specific_humidity@500hPa,upper_mesoscale,9.413530674762523e-07
aifs,mag_0.01_layer_all,24.0,specific_humidity@500hPa,upper_mesoscale,0.701005631863185
aifs,mag_0.01_layer_all,48.0,specific_humidity@500hPa,upper_mesoscale,0.9106267821152383
aifs,mag_0.01_layer_all,72.0,specific_humidity@500hPa,upper_mesoscale,1.011661966094764
aifs,mag_0.01_layer_all,96.0,specific_humidity@500hPa,upper_mesoscale,1.0816354602071037
aifs,mag_0.01_layer_all,120.0,specific_humidity@500hPa,upper_mesoscale,1.0956427649355394
aifs,mag_0.01_layer_all,144.0,specific_humidity@500hPa,upper_mesoscale,1.1037120054861753
aifs,mag_0.01_layer_all,168.0,specific_humidity@500hPa,upper_mesoscale,1.1258380009167592
aifs,mag_0.01_layer_all,192.0,specific_humidity@500hPa,upper_mesoscale,1.1273810434767506
aifs,mag_0.01_layer_all,216.0,specific_humidity@500hPa,upper_mesoscale,1.1331226715954232
aifs,mag_0.01_layer_all,240.0,specific_humidity@500hPa,upper_mesoscale,1.1568642337479633
aifs,mag_0.01_layer_all,0.0,specific_humidity@500hPa,lower_mesoscale,1.4652307849441126e-05
aifs,mag_0.01_layer_all,24.0,specific_humidity@500hPa,lower_mesoscale,1.2865625364278113
aifs,mag_0.01_layer_all,48.0,specific_humidity@500hPa,lower_mesoscale,1.4006554574353645
aifs,mag_0.01_layer_all,72.0,specific_humidity@500hPa,lower_mesoscale,1.4158529998562661
aifs,mag_0.01_layer_all,96.0,specific_humidity@500hPa,lower_mesoscale,1.4522928716450902
aifs,mag_0.01_layer_all,120.0,specific_humidity@500hPa,lower_mesoscale,1.4488624563815973
aifs,mag_0.01_layer_all,144.0,specific_humidity@500hPa,lower_mesoscale,1.4412975678390043
aifs,mag_0.01_layer_all,168.0,specific_humidity@500hPa,lower_mesoscale,1.4478892161226788
aifs,mag_0.01_layer_all,192.0,specific_humidity@500hPa,lower_mesoscale,1.4638659150249815
aifs,mag_0.01_layer_all,216.0,specific_humidity@500hPa,lower_mesoscale,1.4511380534513922
aifs,mag_0.01_layer_all,240.0,specific_humidity@500hPa,lower_mesoscale,1.4558216052081132
aifs,mag_0.03_layer_all,0.0,specific_humidity@500hPa,planetary,5.1110347593683104e-08
aifs,mag_0.03_layer_all,24.0,specific_humidity@500hPa,planetary,0.03169864617410638
aifs,mag_0.03_layer_all,48.0,specific_humidity@500hPa,planetary,0.042312852090998235
aifs,mag_0.03_layer_all,72.0,specific_humidity@500hPa,planetary,0.049170695339872
aifs,mag_0.03_layer_all,96.0,specific_humidity@500hPa,planetary,0.06295713330633816
aifs,mag_0.03_layer_all,120.0,specific_humidity@500hPa,planetary,0.08373142203835371
aifs,mag_0.03_layer_all,144.0,specific_humidity@500hPa,planetary,0.087219168044892
aifs,mag_0.03_layer_all,168.0,specific_humidity@500hPa,planetary,0.06592716702386643
aifs,mag_0.03_layer_all,192.0,specific_humidity@500hPa,planetary,0.06727809341285344
aifs,mag_0.03_layer_all,216.0,specific_humidity@500hPa,planetary,0.07639636956979896
aifs,mag_0.03_layer_all,240.0,specific_humidity@500hPa,planetary,0.09866677804891642
aifs,mag_0.03_layer_all,0.0,specific_humidity@500hPa,synoptic,1.892925451273836e-07
aifs,mag_0.03_layer_all,24.0,specific_humidity@500hPa,synoptic,0.16752058078944546
aifs,mag_0.03_layer_all,48.0,specific_humidity@500hPa,synoptic,0.25184620535738317
aifs,mag_0.03_layer_all,72.0,specific_humidity@500hPa,synoptic,0.28979891751088266
aifs,mag_0.03_layer_all,96.0,specific_humidity@500hPa,synoptic,0.2881450209017391
aifs,mag_0.03_layer_all,120.0,specific_humidity@500hPa,synoptic,0.3091487616333077
aifs,mag_0.03_layer_all,144.0,specific_humidity@500hPa,synoptic,0.32475643317870434
aifs,mag_0.03_layer_all,168.0,specific_humidity@500hPa,synoptic,0.3322324108891269
aifs,mag_0.03_layer_all,192.0,specific_humidity@500hPa,synoptic,0.3355678814165127
aifs,mag_0.03_layer_all,216.0,specific_humidity@500hPa,synoptic,0.351057238431593
aifs,mag_0.03_layer_all,240.0,specific_humidity@500hPa,synoptic,0.35595195893765297
aifs,mag_0.03_layer_all,0.0,specific_humidity@500hPa,upper_mesoscale,9.413530674762523e-07
aifs,mag_0.03_layer_all,24.0,specific_humidity@500hPa,upper_mesoscale,0.6154606475202481
aifs,mag_0.03_layer_all,48.0,specific_humidity@500hPa,upper_mesoscale,0.7023185271911936
aifs,mag_0.03_layer_all,72.0,specific_humidity@500hPa,upper_mesoscale,0.7154100334849489
aifs,mag_0.03_layer_all,96.0,specific_humidity@500hPa,upper_mesoscale,0.7480536356590223
aifs,mag_0.03_layer_all,120.0,specific_humidity@500hPa,upper_mesoscale,0.7485888347069296
aifs,mag_0.03_layer_all,144.0,specific_humidity@500hPa,upper_mesoscale,0.7348157249629725
aifs,mag_0.03_layer_all,168.0,specific_humidity@500hPa,upper_mesoscale,0.7289586571916133
aifs,mag_0.03_layer_all,192.0,specific_humidity@500hPa,upper_mesoscale,0.7457837302468532
aifs,mag_0.03_layer_all,216.0,specific_humidity@500hPa,upper_mesoscale,0.767236403812792
aifs,mag_0.03_layer_all,240.0,specific_humidity@500hPa,upper_mesoscale,0.7933438856516734
aifs,mag_0.03_layer_all,0.0,specific_humidity@500hPa,lower_mesoscale,1.4652307849441126e-05
aifs,mag_0.03_layer_all,24.0,specific_humidity@500hPa,lower_mesoscale,1.05367278938256
aifs,mag_0.03_layer_all,48.0,specific_humidity@500hPa,lower_mesoscale,1.0766065502232425
aifs,mag_0.03_layer_all,72.0,specific_humidity@500hPa,lower_mesoscale,1.036244874136552
aifs,mag_0.03_layer_all,96.0,specific_humidity@500hPa,lower_mesoscale,1.0240283016496101
aifs,mag_0.03_layer_all,120.0,specific_humidity@500hPa,lower_mesoscale,1.001995386512462
aifs,mag_0.03_layer_all,144.0,specific_humidity@500hPa,lower_mesoscale,0.9816648152450395
aifs,mag_0.03_layer_all,168.0,specific_humidity@500hPa,lower_mesoscale,0.9671115816193211
aifs,mag_0.03_layer_all,192.0,specific_humidity@500hPa,lower_mesoscale,0.9929470357815326
aifs,mag_0.03_layer_all,216.0,specific_humidity@500hPa,lower_mesoscale,0.986256723085122
aifs,mag_0.03_layer_all,240.0,specific_humidity@500hPa,lower_mesoscale,0.9915126456342322
aurora,mag_0_layer_all,0.0,specific_humidity@850hPa,planetary,6.010264616712621e-08
aurora,mag_0_layer_all,24.0,specific_humidity@850hPa,planetary,0.0134096563519799
aurora,mag_0_layer_all,48.0,specific_humidity@850hPa,planetary,0.046107329039192305
aurora,mag_0_layer_all,72.0,specific_humidity@850hPa,planetary,0.03958441931063418
aurora,mag_0_layer_all,96.0,specific_humidity@850hPa,planetary,0.036989241033602044
aurora,mag_0_layer_all,120.0,specific_humidity@850hPa,planetary,0.015610836170407923
aurora,mag_0_layer_all,144.0,specific_humidity@850hPa,planetary,0.033032497318398434
aurora,mag_0_layer_all,168.0,specific_humidity@850hPa,planetary,0.037788808791834015
aurora,mag_0_layer_all,192.0,specific_humidity@850hPa,planetary,0.019215295746820092
aurora,mag_0_layer_all,216.0,specific_humidity@850hPa,planetary,0.040701815906663504
aurora,mag_0_layer_all,240.0,specific_humidity@850hPa,planetary,0.06025941347763679
aurora,mag_0_layer_all,0.0,specific_humidity@850hPa,synoptic,1.811506691175847e-07
aurora,mag_0_layer_all,24.0,specific_humidity@850hPa,synoptic,0.04118941918701796
aurora,mag_0_layer_all,48.0,specific_humidity@850hPa,synoptic,0.04177809509700105
aurora,mag_0_layer_all,72.0,specific_humidity@850hPa,synoptic,0.046826186925850576
aurora,mag_0_layer_all,96.0,specific_humidity@850hPa,synoptic,0.03708315134927104
aurora,mag_0_layer_all,120.0,specific_humidity@850hPa,synoptic,0.05634313724634896
aurora,mag_0_layer_all,144.0,specific_humidity@850hPa,synoptic,0.06083207609376679
aurora,mag_0_layer_all,168.0,specific_humidity@850hPa,synoptic,0.06161066183295748
aurora,mag_0_layer_all,192.0,specific_humidity@850hPa,synoptic,0.07047329643148036
aurora,mag_0_layer_all,216.0,specific_humidity@850hPa,synoptic,0.07309748787150713
aurora,mag_0_layer_all,240.0,specific_humidity@850hPa,synoptic,0.06748810637692965
aurora,mag_0_layer_all,0.0,specific_humidity@850hPa,upper_mesoscale,7.35581310161104e-07
aurora,mag_0_layer_all,24.0,specific_humidity@850hPa,upper_mesoscale,0.1952379393274592
aurora,mag_0_layer_all,48.0,specific_humidity@850hPa,upper_mesoscale,0.18417254726622545
aurora,mag_0_layer_all,72.0,specific_humidity@850hPa,upper_mesoscale,0.17402215220063452
aurora,mag_0_layer_all,96.0,specific_humidity@850hPa,upper_mesoscale,0.18082813146007737
aurora,mag_0_layer_all,120.0,specific_humidity@850hPa,upper_mesoscale,0.1887642768614821
aurora,mag_0_layer_all,144.0,specific_humidity@850hPa,upper_mesoscale,0.17328871905771878
aurora,mag_0_layer_all,168.0,specific_humidity@850hPa,upper_mesoscale,0.17430544287917354
aurora,mag_0_layer_all,192.0,specific_humidity@850hPa,upper_mesoscale,0.17242771875141394
aurora,mag_0_layer_all,216.0,specific_humidity@850hPa,upper_mesoscale,0.1820070076691556
aurora,mag_0_layer_all,240.0,specific_humidity@850hPa,upper_mesoscale,0.1829477394663679
aurora,mag_0_layer_all,0.0,specific_humidity@850hPa,lower_mesoscale,8.219251419454184e-06
aurora,mag_0_layer_all,24.0,specific_humidity@850hPa,lower_mesoscale,0.6132979531215029
aurora,mag_0_layer_all,48.0,specific_humidity@850hPa,lower_mesoscale,0.618946712778192
aurora,mag_0_layer_all,72.0,specific_humidity@850hPa,lower_mesoscale,0.6066562309694689
aurora,mag_0_layer_all,96.0,specific_humidity@850hPa,lower_mesoscale,0.6175312718078192
aurora,mag_0_layer_all,120.0,specific_humidity@850hPa,lower_mesoscale,0.6332898615161009
aurora,mag_0_layer_all,144.0,specific_humidity@850hPa,lower_mesoscale,0.6255051466365186
aurora,mag_0_layer_all,168.0,specific_humidity@850hPa,lower_mesoscale,0.6178904483922538
aurora,mag_0_layer_all,192.0,specific_humidity@850hPa,lower_mesoscale,0.6284008773372511
aurora,mag_0_layer_all,216.0,specific_humidity@850hPa,lower_mesoscale,0.6272655015102496
aurora,mag_0_layer_all,240.0,specific_humidity@850hPa,lower_mesoscale,0.6193001960718009
aurora,mag_0.001_layer_all,0.0,specific_humidity@850hPa,planetary,6.010264615302684e-08
aurora,mag_0.001_layer_all,24.0,specific_humidity@850hPa,planetary,0.013426001528971384
aurora,mag_0.001_layer_all,48.0,specific_humidity@850hPa,planetary,0.046205770543529825
aurora,mag_0.001_layer_all,72.0,specific_humidity@850hPa,planetary,0.03971740393370242
aurora,mag_0.001_layer_all,96.0,specific_humidity@850hPa,planetary,0.03692180872834662
aurora,mag_0.001_layer_all,120.0,specific_humidity@850hPa,planetary,0.01577561520263915
aurora,mag_0.001_layer_all,144.0,specific_humidity@850hPa,planetary,0.03328478756453907
aurora,mag_0.001_layer_all,168.0,specific_humidity@850hPa,planetary,0.038789148548674435
aurora,mag_0.001_layer_all,192.0,specific_humidity@850hPa,planetary,0.01942592330391718
aurora,mag_0.001_layer_all,216.0,specific_humidity@850hPa,planetary,0.04104878294765245
aurora,mag_0.001_layer_all,240.0,specific_humidity@850hPa,planetary,0.058217991215298096
aurora,mag_0.001_layer_all,0.0,specific_humidity@850hPa,synoptic,1.8115066909022883e-07
aurora,mag_0.001_layer_all,24.0,specific_humidity@850hPa,synoptic,0.040954411187870236
aurora,mag_0.001_layer_all,48.0,specific_humidity@850hPa,synoptic,0.04142543330480403
aurora,mag_0.001_layer_all,72.0,specific_humidity@850hPa,synoptic,0.04655373419770107
aurora,mag_0.001_layer_all,96.0,specific_humidity@850hPa,synoptic,0.03679195651602835
aurora,mag_0.001_layer_all,120.0,specific_humidity@850hPa,synoptic,0.05596851680734593
aurora,mag_0.001_layer_all,144.0,specific_humidity@850hPa,synoptic,0.06009881721473688
aurora,mag_0.001_layer_all,168.0,specific_humidity@850hPa,synoptic,0.05973718357087275
aurora,mag_0.001_layer_all,192.0,specific_humidity@850hPa,synoptic,0.06968761954187154
aurora,mag_0.001_layer_all,216.0,specific_humidity@850hPa,synoptic,0.0689805386428975
aurora,mag_0.001_layer_all,240.0,specific_humidity@850hPa,synoptic,0.06334775245716544
aurora,mag_0.001_layer_all,0.0,specific_humidity@850hPa,upper_mesoscale,7.35581310143099e-07
aurora,mag_0.001_layer_all,24.0,specific_humidity@850hPa,upper_mesoscale,0.19470351546176493
aurora,mag_0.001_layer_all,48.0,specific_humidity@850hPa,upper_mesoscale,0.18322284029108354
aurora,mag_0.001_layer_all,72.0,specific_humidity@850hPa,upper_mesoscale,0.17299549733556396
aurora,mag_0.001_layer_all,96.0,specific_humidity@850hPa,upper_mesoscale,0.1799765409397517
aurora,mag_0.001_layer_all,120.0,specific_humidity@850hPa,upper_mesoscale,0.18770804808569866
aurora,mag_0.001_layer_all,144.0,specific_humidity@850hPa,upper_mesoscale,0.17231155253051478
aurora,mag_0.001_layer_all,168.0,specific_humidity@850hPa,upper_mesoscale,0.17234504899472322
aurora,mag_0.001_layer_all,192.0,specific_humidity@850hPa,upper_mesoscale,0.16974274570108017
aurora,mag_0.001_layer_all,216.0,specific_humidity@850hPa,upper_mesoscale,0.17706444920593165
aurora,mag_0.001_layer_all,240.0,specific_humidity@850hPa,upper_mesoscale,0.176177915459448
aurora,mag_0.001_layer_all,0.0,specific_humidity@850hPa,lower_mesoscale,8.21925141945039e-06
aurora,mag_0.001_layer_all,24.0,specific_humidity@850hPa,lower_mesoscale,0.6127197309893854
aurora,mag_0.001_layer_all,48.0,specific_humidity@850hPa,lower_mesoscale,0.6181327781462602
aurora,mag_0.001_layer_all,72.0,specific_humidity@850hPa,lower_mesoscale,0.6058677081129467
aurora,mag_0.001_layer_all,96.0,specific_humidity@850hPa,lower_mesoscale,0.6168232755735168
aurora,mag_0.001_layer_all,120.0,specific_humidity@850hPa,lower_mesoscale,0.6325591540039293
aurora,mag_0.001_layer_all,144.0,specific_humidity@850hPa,lower_mesoscale,0.6253824728514878
aurora,mag_0.001_layer_all,168.0,specific_humidity@850hPa,lower_mesoscale,0.616721614348607
aurora,mag_0.001_layer_all,192.0,specific_humidity@850hPa,lower_mesoscale,0.6270851021082007
aurora,mag_0.001_layer_all,216.0,specific_humidity@850hPa,lower_mesoscale,0.6246847815085881
aurora,mag_0.001_layer_all,240.0,specific_humidity@850hPa,lower_mesoscale,0.6175475218693027
aurora,mag_0.003_layer_all,0.0,specific_humidity@850hPa,planetary,6.010264615302684e-08
aurora,mag_0.003_layer_all,24.0,specific_humidity@850hPa,planetary,0.01354514433911294
aurora,mag_0.003_layer_all,48.0,specific_humidity@850hPa,planetary,0.04648583035841451
aurora,mag_0.003_layer_all,72.0,specific_humidity@850hPa,planetary,0.039883726521320405
aurora,mag_0.003_layer_all,96.0,specific_humidity@850hPa,planetary,0.03671399160141614
aurora,mag_0.003_layer_all,120.0,specific_humidity@850hPa,planetary,0.01591489222192274
aurora,mag_0.003_layer_all,144.0,specific_humidity@850hPa,planetary,0.033658187590899585
aurora,mag_0.003_layer_all,168.0,specific_humidity@850hPa,planetary,0.03962859235465761
aurora,mag_0.003_layer_all,192.0,specific_humidity@850hPa,planetary,0.017365032805988445
aurora,mag_0.003_layer_all,216.0,specific_humidity@850hPa,planetary,0.040506671742964906
aurora,mag_0.003_layer_all,240.0,specific_humidity@850hPa,planetary,0.05425465448886701
aurora,mag_0.003_layer_all,0.0,specific_humidity@850hPa,synoptic,1.8115066909022883e-07
aurora,mag_0.003_layer_all,24.0,specific_humidity@850hPa,synoptic,0.04049157271349394
aurora,mag_0.003_layer_all,48.0,specific_humidity@850hPa,synoptic,0.04075977690082419
aurora,mag_0.003_layer_all,72.0,specific_humidity@850hPa,synoptic,0.04591036789271854
aurora,mag_0.003_layer_all,96.0,specific_humidity@850hPa,synoptic,0.03610444986576037
aurora,mag_0.003_layer_all,120.0,specific_humidity@850hPa,synoptic,0.055737072909766316
aurora,mag_0.003_layer_all,144.0,specific_humidity@850hPa,synoptic,0.05831211841034962
aurora,mag_0.003_layer_all,168.0,specific_humidity@850hPa,synoptic,0.05733271750552914
aurora,mag_0.003_layer_all,192.0,specific_humidity@850hPa,synoptic,0.06818680948420186
aurora,mag_0.003_layer_all,216.0,specific_humidity@850hPa,synoptic,0.06721051123300201
aurora,mag_0.003_layer_all,240.0,specific_humidity@850hPa,synoptic,0.06269649606706568
aurora,mag_0.003_layer_all,0.0,specific_humidity@850hPa,upper_mesoscale,7.35581310143099e-07
aurora,mag_0.003_layer_all,24.0,specific_humidity@850hPa,upper_mesoscale,0.19353674545945332
aurora,mag_0.003_layer_all,48.0,specific_humidity@850hPa,upper_mesoscale,0.18156943941754172
aurora,mag_0.003_layer_all,72.0,specific_humidity@850hPa,upper_mesoscale,0.17135627571513365
aurora,mag_0.003_layer_all,96.0,specific_humidity@850hPa,upper_mesoscale,0.17784784137065027
aurora,mag_0.003_layer_all,120.0,specific_humidity@850hPa,upper_mesoscale,0.18546839133005183
aurora,mag_0.003_layer_all,144.0,specific_humidity@850hPa,upper_mesoscale,0.16997125417059689
aurora,mag_0.003_layer_all,168.0,specific_humidity@850hPa,upper_mesoscale,0.16762170221582817
aurora,mag_0.003_layer_all,192.0,specific_humidity@850hPa,upper_mesoscale,0.1669296955956709
aurora,mag_0.003_layer_all,216.0,specific_humidity@850hPa,upper_mesoscale,0.17352859825594155
aurora,mag_0.003_layer_all,240.0,specific_humidity@850hPa,upper_mesoscale,0.16949113760608123
aurora,mag_0.003_layer_all,0.0,specific_humidity@850hPa,lower_mesoscale,8.21925141945039e-06
aurora,mag_0.003_layer_all,24.0,specific_humidity@850hPa,lower_mesoscale,0.6107101838943134
aurora,mag_0.003_layer_all,48.0,specific_humidity@850hPa,lower_mesoscale,0.6158681063304318
aurora,mag_0.003_layer_all,72.0,specific_humidity@850hPa,lower_mesoscale,0.6035781765267608
aurora,mag_0.003_layer_all,96.0,specific_humidity@850hPa,lower_mesoscale,0.614372101807437
aurora,mag_0.003_layer_all,120.0,specific_humidity@850hPa,lower_mesoscale,0.6293730863125698
aurora,mag_0.003_layer_all,144.0,specific_humidity@850hPa,lower_mesoscale,0.6228263559051701
aurora,mag_0.003_layer_all,168.0,specific_humidity@850hPa,lower_mesoscale,0.6133809440062279
aurora,mag_0.003_layer_all,192.0,specific_humidity@850hPa,lower_mesoscale,0.6242229061934003
aurora,mag_0.003_layer_all,216.0,specific_humidity@850hPa,lower_mesoscale,0.6224448484458486
aurora,mag_0.003_layer_all,240.0,specific_humidity@850hPa,lower_mesoscale,0.6130731620480573
aurora,mag_0.01_layer_all,0.0,specific_humidity@850hPa,planetary,6.010264615302684e-08
aurora,mag_0.01_layer_all,24.0,specific_humidity@850hPa,planetary,0.01404477501705298
aurora,mag_0.01_layer_all,48.0,specific_humidity@850hPa,planetary,0.04726128900187131
aurora,mag_0.01_layer_all,72.0,specific_humidity@850hPa,planetary,0.04053861913264124
aurora,mag_0.01_layer_all,96.0,specific_humidity@850hPa,planetary,0.035666483292841784
aurora,mag_0.01_layer_all,120.0,specific_humidity@850hPa,planetary,0.01651854935948062
aurora,mag_0.01_layer_all,144.0,specific_humidity@850hPa,planetary,0.03602259982662026
aurora,mag_0.01_layer_all,168.0,specific_humidity@850hPa,planetary,0.03667951026239041
aurora,mag_0.01_layer_all,192.0,specific_humidity@850hPa,planetary,0.013486969471085353
aurora,mag_0.01_layer_all,216.0,specific_humidity@850hPa,planetary,0.03052864268699879
aurora,mag_0.01_layer_all,240.0,specific_humidity@850hPa,planetary,0.05233473854956502
aurora,mag_0.01_layer_all,0.0,specific_humidity@850hPa,synoptic,1.8115066909022883e-07
aurora,mag_0.01_layer_all,24.0,specific_humidity@850hPa,synoptic,0.03914991081905397
aurora,mag_0.01_layer_all,48.0,specific_humidity@850hPa,synoptic,0.03930351222726535
aurora,mag_0.01_layer_all,72.0,specific_humidity@850hPa,synoptic,0.04434235332847335
aurora,mag_0.01_layer_all,96.0,specific_humidity@850hPa,synoptic,0.03333690032577744
aurora,mag_0.01_layer_all,120.0,specific_humidity@850hPa,synoptic,0.05361316705785349
aurora,mag_0.01_layer_all,144.0,specific_humidity@850hPa,synoptic,0.05093937015748825
aurora,mag_0.01_layer_all,168.0,specific_humidity@850hPa,synoptic,0.04852602260779712
aurora,mag_0.01_layer_all,192.0,specific_humidity@850hPa,synoptic,0.059511762393362776
aurora,mag_0.01_layer_all,216.0,specific_humidity@850hPa,synoptic,0.060297687053704564
aurora,mag_0.01_layer_all,240.0,specific_humidity@850hPa,synoptic,0.05931450254273058
aurora,mag_0.01_layer_all,0.0,specific_humidity@850hPa,upper_mesoscale,7.35581310143099e-07
aurora,mag_0.01_layer_all,24.0,specific_humidity@850hPa,upper_mesoscale,0.19036489899685505
aurora,mag_0.01_layer_all,48.0,specific_humidity@850hPa,upper_mesoscale,0.17780982737877324
aurora,mag_0.01_layer_all,72.0,specific_humidity@850hPa,upper_mesoscale,0.1685156033018198
aurora,mag_0.01_layer_all,96.0,specific_humidity@850hPa,upper_mesoscale,0.17386296224900033
aurora,mag_0.01_layer_all,120.0,specific_humidity@850hPa,upper_mesoscale,0.18134931445704147
aurora,mag_0.01_layer_all,144.0,specific_humidity@850hPa,upper_mesoscale,0.16586659081711536
aurora,mag_0.01_layer_all,168.0,specific_humidity@850hPa,upper_mesoscale,0.16326789797616262
aurora,mag_0.01_layer_all,192.0,specific_humidity@850hPa,upper_mesoscale,0.1689636452980468
aurora,mag_0.01_layer_all,216.0,specific_humidity@850hPa,upper_mesoscale,0.17042353913696395
aurora,mag_0.01_layer_all,240.0,specific_humidity@850hPa,upper_mesoscale,0.16725020686553418
aurora,mag_0.01_layer_all,0.0,specific_humidity@850hPa,lower_mesoscale,8.21925141945039e-06
aurora,mag_0.01_layer_all,24.0,specific_humidity@850hPa,lower_mesoscale,0.5985196170177107
aurora,mag_0.01_layer_all,48.0,specific_humidity@850hPa,lower_mesoscale,0.6031490454986858
aurora,mag_0.01_layer_all,72.0,specific_humidity@850hPa,lower_mesoscale,0.5919112855196104
aurora,mag_0.01_layer_all,96.0,specific_humidity@850hPa,lower_mesoscale,0.6019459903177696
aurora,mag_0.01_layer_all,120.0,specific_humidity@850hPa,lower_mesoscale,0.6177671199229117
aurora,mag_0.01_layer_all,144.0,specific_humidity@850hPa,lower_mesoscale,0.607095203300867
aurora,mag_0.01_layer_all,168.0,specific_humidity@850hPa,lower_mesoscale,0.6037422150709879
aurora,mag_0.01_layer_all,192.0,specific_humidity@850hPa,lower_mesoscale,0.6103217207888062
aurora,mag_0.01_layer_all,216.0,specific_humidity@850hPa,lower_mesoscale,0.6087127701022812
aurora,mag_0.01_layer_all,240.0,specific_humidity@850hPa,lower_mesoscale,0.6019536826283246
aurora,mag_0.03_layer_all,0.0,specific_humidity@850hPa,planetary,6.010264615302684e-08
aurora,mag_0.03_layer_all,24.0,specific_humidity@850hPa,planetary,0.014118764732898107
aurora,mag_0.03_layer_all,48.0,specific_humidity@850hPa,planetary,0.045308020112249846
aurora,mag_0.03_layer_all,72.0,specific_humidity@850hPa,planetary,0.03551217447771557
aurora,mag_0.03_layer_all,96.0,specific_humidity@850hPa,planetary,0.033762926399390755
aurora,mag_0.03_layer_all,120.0,specific_humidity@850hPa,planetary,0.022100240901089977
aurora,mag_0.03_layer_all,144.0,specific_humidity@850hPa,planetary,0.05617889941196443
aurora,mag_0.03_layer_all,168.0,specific_humidity@850hPa,planetary,0.04721756166547384
aurora,mag_0.03_layer_all,192.0,specific_humidity@850hPa,planetary,0.012459990268640066
aurora,mag_0.03_layer_all,216.0,specific_humidity@850hPa,planetary,0.018160055693411892
aurora,mag_0.03_layer_all,240.0,specific_humidity@850hPa,planetary,0.0491850466225092
aurora,mag_0.03_layer_all,0.0,specific_humidity@850hPa,synoptic,1.8115066909022883e-07
aurora,mag_0.03_layer_all,24.0,specific_humidity@850hPa,synoptic,0.0399000206427553
aurora,mag_0.03_layer_all,48.0,specific_humidity@850hPa,synoptic,0.04271068126419371
aurora,mag_0.03_layer_all,72.0,specific_humidity@850hPa,synoptic,0.04469565527618293
aurora,mag_0.03_layer_all,96.0,specific_humidity@850hPa,synoptic,0.03296679790773677
aurora,mag_0.03_layer_all,120.0,specific_humidity@850hPa,synoptic,0.0614234455780333
aurora,mag_0.03_layer_all,144.0,specific_humidity@850hPa,synoptic,0.05774014989492734
aurora,mag_0.03_layer_all,168.0,specific_humidity@850hPa,synoptic,0.06135684350731508
aurora,mag_0.03_layer_all,192.0,specific_humidity@850hPa,synoptic,0.06858982651867324
aurora,mag_0.03_layer_all,216.0,specific_humidity@850hPa,synoptic,0.07780090728347089
aurora,mag_0.03_layer_all,240.0,specific_humidity@850hPa,synoptic,0.08269201270624711
aurora,mag_0.03_layer_all,0.0,specific_humidity@850hPa,upper_mesoscale,7.35581310143099e-07
aurora,mag_0.03_layer_all,24.0,specific_humidity@850hPa,upper_mesoscale,0.18993409761767935
aurora,mag_0.03_layer_all,48.0,specific_humidity@850hPa,upper_mesoscale,0.185379467032151
aurora,mag_0.03_layer_all,72.0,specific_humidity@850hPa,upper_mesoscale,0.18566851138277932
aurora,mag_0.03_layer_all,96.0,specific_humidity@850hPa,upper_mesoscale,0.19414545690544546
aurora,mag_0.03_layer_all,120.0,specific_humidity@850hPa,upper_mesoscale,0.20977540150911075
aurora,mag_0.03_layer_all,144.0,specific_humidity@850hPa,upper_mesoscale,0.19623543357279294
aurora,mag_0.03_layer_all,168.0,specific_humidity@850hPa,upper_mesoscale,0.1947856343827293
aurora,mag_0.03_layer_all,192.0,specific_humidity@850hPa,upper_mesoscale,0.20789022690512574
aurora,mag_0.03_layer_all,216.0,specific_humidity@850hPa,upper_mesoscale,0.2080551823736555
aurora,mag_0.03_layer_all,240.0,specific_humidity@850hPa,upper_mesoscale,0.21211022478225522
aurora,mag_0.03_layer_all,0.0,specific_humidity@850hPa,lower_mesoscale,8.21925141945039e-06
aurora,mag_0.03_layer_all,24.0,specific_humidity@850hPa,lower_mesoscale,0.5547464589046889
aurora,mag_0.03_layer_all,48.0,specific_humidity@850hPa,lower_mesoscale,0.5620638444051087
aurora,mag_0.03_layer_all,72.0,specific_humidity@850hPa,lower_mesoscale,0.5570522101471743
aurora,mag_0.03_layer_all,96.0,specific_humidity@850hPa,lower_mesoscale,0.5724106517524123
aurora,mag_0.03_layer_all,120.0,specific_humidity@850hPa,lower_mesoscale,0.5883448940056957
aurora,mag_0.03_layer_all,144.0,specific_humidity@850hPa,lower_mesoscale,0.572362921510114
aurora,mag_0.03_layer_all,168.0,specific_humidity@850hPa,lower_mesoscale,0.5789433375441432
aurora,mag_0.03_layer_all,192.0,specific_humidity@850hPa,lower_mesoscale,0.5869264033404167
aurora,mag_0.03_layer_all,216.0,specific_humidity@850hPa,lower_mesoscale,0.5879314287417647
aurora,mag_0.03_layer_all,240.0,specific_humidity@850hPa,lower_mesoscale,0.5869256710883596
aurora,mag_0.1_layer_all,0.0,specific_humidity@850hPa,planetary,6.010264615302684e-08
aurora,mag_0.1_layer_all,24.0,specific_humidity@850hPa,planetary,0.020677568555940228
aurora,mag_0.1_layer_all,48.0,specific_humidity@850hPa,planetary,0.08224664510197081
aurora,mag_0.1_layer_all,72.0,specific_humidity@850hPa,planetary,0.08318132540319541
aurora,mag_0.1_layer_all,96.0,specific_humidity@850hPa,planetary,0.059597617823018305
aurora,mag_0.1_layer_all,120.0,specific_humidity@850hPa,planetary,0.0870750380386809
aurora,mag_0.1_layer_all,144.0,specific_humidity@850hPa,planetary,0.12899415339375508
aurora,mag_0.1_layer_all,168.0,specific_humidity@850hPa,planetary,0.09803650634217705
aurora,mag_0.1_layer_all,192.0,specific_humidity@850hPa,planetary,0.0858335881675842
aurora,mag_0.1_layer_all,216.0,specific_humidity@850hPa,planetary,0.10094724689665942
aurora,mag_0.1_layer_all,240.0,specific_humidity@850hPa,planetary,0.13131581166135714
aurora,mag_0.1_layer_all,0.0,specific_humidity@850hPa,synoptic,1.8115066909022883e-07
aurora,mag_0.1_layer_all,24.0,specific_humidity@850hPa,synoptic,0.08701302046603232
aurora,mag_0.1_layer_all,48.0,specific_humidity@850hPa,synoptic,0.09662530914042121
aurora,mag_0.1_layer_all,72.0,specific_humidity@850hPa,synoptic,0.10567986739000354
aurora,mag_0.1_layer_all,96.0,specific_humidity@850hPa,synoptic,0.11110681410707038
aurora,mag_0.1_layer_all,120.0,specific_humidity@850hPa,synoptic,0.156672204417884
aurora,mag_0.1_layer_all,144.0,specific_humidity@850hPa,synoptic,0.14238780409479895
aurora,mag_0.1_layer_all,168.0,specific_humidity@850hPa,synoptic,0.16177807184469048
aurora,mag_0.1_layer_all,192.0,specific_humidity@850hPa,synoptic,0.18123768176855487
aurora,mag_0.1_layer_all,216.0,specific_humidity@850hPa,synoptic,0.2062302455196974
aurora,mag_0.1_layer_all,240.0,specific_humidity@850hPa,synoptic,0.2194396893748084
aurora,mag_0.1_layer_all,0.0,specific_humidity@850hPa,upper_mesoscale,7.35581310143099e-07
aurora,mag_0.1_layer_all,24.0,specific_humidity@850hPa,upper_mesoscale,0.2682067038724902
aurora,mag_0.1_layer_all,48.0,specific_humidity@850hPa,upper_mesoscale,0.317013506010718
aurora,mag_0.1_layer_all,72.0,specific_humidity@850hPa,upper_mesoscale,0.3357443744918977
aurora,mag_0.1_layer_all,96.0,specific_humidity@850hPa,upper_mesoscale,0.3621415409618653
aurora,mag_0.1_layer_all,120.0,specific_humidity@850hPa,upper_mesoscale,0.3907393014175433
aurora,mag_0.1_layer_all,144.0,specific_humidity@850hPa,upper_mesoscale,0.38651467515241733
aurora,mag_0.1_layer_all,168.0,specific_humidity@850hPa,upper_mesoscale,0.4032123097146417
aurora,mag_0.1_layer_all,192.0,specific_humidity@850hPa,upper_mesoscale,0.42037694396624825
aurora,mag_0.1_layer_all,216.0,specific_humidity@850hPa,upper_mesoscale,0.43334744519125357
aurora,mag_0.1_layer_all,240.0,specific_humidity@850hPa,upper_mesoscale,0.45003878240459727
aurora,mag_0.1_layer_all,0.0,specific_humidity@850hPa,lower_mesoscale,8.21925141945039e-06
aurora,mag_0.1_layer_all,24.0,specific_humidity@850hPa,lower_mesoscale,0.4391648192431086
aurora,mag_0.1_layer_all,48.0,specific_humidity@850hPa,lower_mesoscale,0.4378278142418728
aurora,mag_0.1_layer_all,72.0,specific_humidity@850hPa,lower_mesoscale,0.4329325390539462
aurora,mag_0.1_layer_all,96.0,specific_humidity@850hPa,lower_mesoscale,0.440928127160503
aurora,mag_0.1_layer_all,120.0,specific_humidity@850hPa,lower_mesoscale,0.4462767724924618
aurora,mag_0.1_layer_all,144.0,specific_humidity@850hPa,lower_mesoscale,0.44443696779844966
aurora,mag_0.1_layer_all,168.0,specific_humidity@850hPa,lower_mesoscale,0.4416753049781781
aurora,mag_0.1_layer_all,192.0,specific_humidity@850hPa,lower_mesoscale,0.4444459329254794
aurora,mag_0.1_layer_all,216.0,specific_humidity@850hPa,lower_mesoscale,0.4480410469642644
aurora,mag_0.1_layer_all,240.0,specific_humidity@850hPa,lower_mesoscale,0.44990948135692116
graphcast_operational,mag_0_layer_all,0.0,specific_humidity@850hPa,planetary,6.010264616712621e-08
graphcast_operational,mag_0_layer_all,24.0,specific_humidity@850hPa,planetary,0.03174660766034288
graphcast_operational,mag_0_layer_all,48.0,specific_humidity@850hPa,planetary,0.0378041241700267
graphcast_operational,mag_0_layer_all,72.0,specific_humidity@850hPa,planetary,0.04673922458865591
graphcast_operational,mag_0_layer_all,96.0,specific_humidity@850hPa,planetary,0.08079576061625461
graphcast_operational,mag_0_layer_all,120.0,specific_humidity@850hPa,planetary,0.09468590370901579
graphcast_operational,mag_0_layer_all,144.0,specific_humidity@850hPa,planetary,0.09141318680546975
graphcast_operational,mag_0_layer_all,168.0,specific_humidity@850hPa,planetary,0.1080293280635681
graphcast_operational,mag_0_layer_all,192.0,specific_humidity@850hPa,planetary,0.09419165701923052
graphcast_operational,mag_0_layer_all,216.0,specific_humidity@850hPa,planetary,0.10608294726273508
graphcast_operational,mag_0_layer_all,240.0,specific_humidity@850hPa,planetary,0.08936199308906614
graphcast_operational,mag_0_layer_all,0.0,specific_humidity@850hPa,synoptic,1.811506691175847e-07
graphcast_operational,mag_0_layer_all,24.0,specific_humidity@850hPa,synoptic,0.1394065175402208
graphcast_operational,mag_0_layer_all,48.0,specific_humidity@850hPa,synoptic,0.2049949623790303
graphcast_operational,mag_0_layer_all,72.0,specific_humidity@850hPa,synoptic,0.23052561784870662
graphcast_operational,mag_0_layer_all,96.0,specific_humidity@850hPa,synoptic,0.24921002941252032
graphcast_operational,mag_0_layer_all,120.0,specific_humidity@850hPa,synoptic,0.2903809650709208
graphcast_operational,mag_0_layer_all,144.0,specific_humidity@850hPa,synoptic,0.3034832745411572
graphcast_operational,mag_0_layer_all,168.0,specific_humidity@850hPa,synoptic,0.3136243754370625
graphcast_operational,mag_0_layer_all,192.0,specific_humidity@850hPa,synoptic,0.32013111161305297
graphcast_operational,mag_0_layer_all,216.0,specific_humidity@850hPa,synoptic,0.3143295976256901
graphcast_operational,mag_0_layer_all,240.0,specific_humidity@850hPa,synoptic,0.33259876784237585
graphcast_operational,mag_0_layer_all,0.0,specific_humidity@850hPa,upper_mesoscale,7.35581310161104e-07
graphcast_operational,mag_0_layer_all,24.0,specific_humidity@850hPa,upper_mesoscale,0.4470537605726013
graphcast_operational,mag_0_layer_all,48.0,specific_humidity@850hPa,upper_mesoscale,0.5678253124792527
graphcast_operational,mag_0_layer_all,72.0,specific_humidity@850hPa,upper_mesoscale,0.6191307170101107
graphcast_operational,mag_0_layer_all,96.0,specific_humidity@850hPa,upper_mesoscale,0.6403998579291206
graphcast_operational,mag_0_layer_all,120.0,specific_humidity@850hPa,upper_mesoscale,0.6811418210733671
graphcast_operational,mag_0_layer_all,144.0,specific_humidity@850hPa,upper_mesoscale,0.6765094591046568
graphcast_operational,mag_0_layer_all,168.0,specific_humidity@850hPa,upper_mesoscale,0.6939606707201182
graphcast_operational,mag_0_layer_all,192.0,specific_humidity@850hPa,upper_mesoscale,0.6867130152141703
graphcast_operational,mag_0_layer_all,216.0,specific_humidity@850hPa,upper_mesoscale,0.6954667010302379
graphcast_operational,mag_0_layer_all,240.0,specific_humidity@850hPa,upper_mesoscale,0.6900810308754003
graphcast_operational,mag_0_layer_all,0.0,specific_humidity@850hPa,lower_mesoscale,8.219251419454184e-06
graphcast_operational,mag_0_layer_all,24.0,specific_humidity@850hPa,lower_mesoscale,0.6251345185079318
graphcast_operational,mag_0_layer_all,48.0,specific_humidity@850hPa,lower_mesoscale,0.6436105714671255
graphcast_operational,mag_0_layer_all,72.0,specific_humidity@850hPa,lower_mesoscale,0.6136148979374647
graphcast_operational,mag_0_layer_all,96.0,specific_humidity@850hPa,lower_mesoscale,0.613274059841922
graphcast_operational,mag_0_layer_all,120.0,specific_humidity@850hPa,lower_mesoscale,0.6150273898467367
graphcast_operational,mag_0_layer_all,144.0,specific_humidity@850hPa,lower_mesoscale,0.577630531907686
graphcast_operational,mag_0_layer_all,168.0,specific_humidity@850hPa,lower_mesoscale,0.5775470891921124
graphcast_operational,mag_0_layer_all,192.0,specific_humidity@850hPa,lower_mesoscale,0.5830453583761894
graphcast_operational,mag_0_layer_all,216.0,specific_humidity@850hPa,lower_mesoscale,0.5643877224268493
graphcast_operational,mag_0_layer_all,240.0,specific_humidity@850hPa,lower_mesoscale,0.5418500341585211
graphcast_operational,mag_0.001_layer_all,0.0,specific_humidity@850hPa,planetary,6.010264615302684e-08
graphcast_operational,mag_0.001_layer_all,24.0,specific_humidity@850hPa,planetary,0.03135334711655834
graphcast_operational,mag_0.001_layer_all,48.0,specific_humidity@850hPa,planetary,0.038102752305914304
graphcast_operational,mag_0.001_layer_all,72.0,specific_humidity@850hPa,planetary,0.047602979701025144
graphcast_operational,mag_0.001_layer_all,96.0,specific_humidity@850hPa,planetary,0.08130094813447032
graphcast_operational,mag_0.001_layer_all,120.0,specific_humidity@850hPa,planetary,0.09688634618081453
graphcast_operational,mag_0.001_layer_all,144.0,specific_humidity@850hPa,planetary,0.08858714833790969
graphcast_operational,mag_0.001_layer_all,168.0,specific_humidity@850hPa,planetary,0.10198499412353812
graphcast_operational,mag_0.001_layer_all,192.0,specific_humidity@850hPa,planetary,0.08619261846296979
graphcast_operational,mag_0.001_layer_all,216.0,specific_humidity@850hPa,planetary,0.08956880053972137
graphcast_operational,mag_0.001_layer_all,240.0,specific_humidity@850hPa,planetary,0.07043892447863387
graphcast_operational,mag_0.001_layer_all,0.0,specific_humidity@850hPa,synoptic,1.8115066909022883e-07
graphcast_operational,mag_0.001_layer_all,24.0,specific_humidity@850hPa,synoptic,0.13999813626101057
graphcast_operational,mag_0.001_layer_all,48.0,specific_humidity@850hPa,synoptic,0.20525561005031848
graphcast_operational,mag_0.001_layer_all,72.0,specific_humidity@850hPa,synoptic,0.228623215536205
graphcast_operational,mag_0.001_layer_all,96.0,specific_humidity@850hPa,synoptic,0.24703726629971345
graphcast_operational,mag_0.001_layer_all,120.0,specific_humidity@850hPa,synoptic,0.2855859380339981
graphcast_operational,mag_0.001_layer_all,144.0,specific_humidity@850hPa,synoptic,0.2982219088982218
graphcast_operational,mag_0.001_layer_all,168.0,specific_humidity@850hPa,synoptic,0.3046134172075862
graphcast_operational,mag_0.001_layer_all,192.0,specific_humidity@850hPa,synoptic,0.3078047591353509
graphcast_operational,mag_0.001_layer_all,216.0,specific_humidity@850hPa,synoptic,0.30051911239977547
graphcast_operational,mag_0.001_layer_all,240.0,specific_humidity@850hPa,synoptic,0.30888778478417084
graphcast_operational,mag_0.001_layer_all,0.0,specific_humidity@850hPa,upper_mesoscale,7.35581310143099e-07
graphcast_operational,mag_0.001_layer_all,24.0,specific_humidity@850hPa,upper_mesoscale,0.45148645926585146
graphcast_operational,mag_0.001_layer_all,48.0,specific_humidity@850hPa,upper_mesoscale,0.570068378677543
graphcast_operational,mag_0.001_layer_all,72.0,specific_humidity@850hPa,upper_mesoscale,0.6190550339988836
graphcast_operational,mag_0.001_layer_all,96.0,specific_humidity@850hPa,upper_mesoscale,0.6396763424435847
graphcast_operational,mag_0.001_layer_all,120.0,specific_humidity@850hPa,upper_mesoscale,0.6802891017477212
graphcast_operational,mag_0.001_layer_all,144.0,specific_humidity@850hPa,upper_mesoscale,0.6719515362186664
graphcast_operational,mag_0.001_layer_all,168.0,specific_humidity@850hPa,upper_mesoscale,0.6903196120163778
graphcast_operational,mag_0.001_layer_all,192.0,specific_humidity@850hPa,upper_mesoscale,0.6804255168703466
graphcast_operational,mag_0.001_layer_all,216.0,specific_humidity@850hPa,upper_mesoscale,0.6887217644862208
graphcast_operational,mag_0.001_layer_all,240.0,specific_humidity@850hPa,upper_mesoscale,0.6858956956889417
graphcast_operational,mag_0.001_layer_all,0.0,specific_humidity@850hPa,lower_mesoscale,8.21925141945039e-06
graphcast_operational,mag_0.001_layer_all,24.0,specific_humidity@850hPa,lower_mesoscale,0.628373610731549
graphcast_operational,mag_0.001_layer_all,48.0,specific_humidity@850hPa,lower_mesoscale,0.6451105448644624
graphcast_operational,mag_0.001_layer_all,72.0,specific_humidity@850hPa,lower_mesoscale,0.614355919094009
graphcast_operational,mag_0.001_layer_all,96.0,specific_humidity@850hPa,lower_mesoscale,0.6129296831014995
graphcast_operational,mag_0.001_layer_all,120.0,specific_humidity@850hPa,lower_mesoscale,0.6161407364283199
graphcast_operational,mag_0.001_layer_all,144.0,specific_humidity@850hPa,lower_mesoscale,0.5799230507512488
graphcast_operational,mag_0.001_layer_all,168.0,specific_humidity@850hPa,lower_mesoscale,0.5797673917912681
graphcast_operational,mag_0.001_layer_all,192.0,specific_humidity@850hPa,lower_mesoscale,0.581753175868798
graphcast_operational,mag_0.001_layer_all,216.0,specific_humidity@850hPa,lower_mesoscale,0.5629860149942654
graphcast_operational,mag_0.001_layer_all,240.0,specific_humidity@850hPa,lower_mesoscale,0.5424131295735328
graphcast_operational,mag_0.003_layer_all,0.0,specific_humidity@850hPa,planetary,6.010264615302684e-08
graphcast_operational,mag_0.003_layer_all,24.0,specific_humidity@850hPa,planetary,0.028705967157687914
graphcast_operational,mag_0.003_layer_all,48.0,specific_humidity@850hPa,planetary,0.035202413655368074
graphcast_operational,mag_0.003_layer_all,72.0,specific_humidity@850hPa,planetary,0.04405194889888912
graphcast_operational,mag_0.003_layer_all,96.0,specific_humidity@850hPa,planetary,0.07841766680563232
graphcast_operational,mag_0.003_layer_all,120.0,specific_humidity@850hPa,planetary,0.09422792616125562
graphcast_operational,mag_0.003_layer_all,144.0,specific_humidity@850hPa,planetary,0.0832782191959451
graphcast_operational,mag_0.003_layer_all,168.0,specific_humidity@850hPa,planetary,0.09373659002746028
graphcast_operational,mag_0.003_layer_all,192.0,specific_humidity@850hPa,planetary,0.07630711374549796
graphcast_operational,mag_0.003_layer_all,216.0,specific_humidity@850hPa,planetary,0.08060869879304666
graphcast_operational,mag_0.003_layer_all,240.0,specific_humidity@850hPa,planetary,0.06264689921898926
graphcast_operational,mag_0.003_layer_all,0.0,specific_humidity@850hPa,synoptic,1.8115066909022883e-07
graphcast_operational,mag_0.003_layer_all,24.0,specific_humidity@850hPa,synoptic,0.1385464617144125
graphcast_operational,mag_0.003_layer_all,48.0,specific_humidity@850hPa,synoptic,0.20245496798144857
graphcast_operational,mag_0.003_layer_all,72.0,specific_humidity@850hPa,synoptic,0.2234007359118587
graphcast_operational,mag_0.003_layer_all,96.0,specific_humidity@850hPa,synoptic,0.24187948427234007
graphcast_operational,mag_0.003_layer_all,120.0,specific_humidity@850hPa,synoptic,0.27758393847942014
graphcast_operational,mag_0.003_layer_all,144.0,specific_humidity@850hPa,synoptic,0.2894279166106774
graphcast_operational,mag_0.003_layer_all,168.0,specific_humidity@850hPa,synoptic,0.29424836745844113
graphcast_operational,mag_0.003_layer_all,192.0,specific_humidity@850hPa,synoptic,0.2965962580452053
graphcast_operational,mag_0.003_layer_all,216.0,specific_humidity@850hPa,synoptic,0.2871229933647777
graphcast_operational,mag_0.003_layer_all,240.0,specific_humidity@850hPa,synoptic,0.29578107783518753
graphcast_operational,mag_0.003_layer_all,0.0,specific_humidity@850hPa,upper_mesoscale,7.35581310143099e-07
graphcast_operational,mag_0.003_layer_all,24.0,specific_humidity@850hPa,upper_mesoscale,0.4514088151305768
graphcast_operational,mag_0.003_layer_all,48.0,specific_humidity@850hPa,upper_mesoscale,0.5668997752714433
graphcast_operational,mag_0.003_layer_all,72.0,specific_humidity@850hPa,upper_mesoscale,0.6132615172358746
graphcast_operational,mag_0.003_layer_all,96.0,specific_humidity@850hPa,upper_mesoscale,0.6341256351505612
graphcast_operational,mag_0.003_layer_all,120.0,specific_humidity@850hPa,upper_mesoscale,0.672475696802857
graphcast_operational,mag_0.003_layer_all,144.0,specific_humidity@850hPa,upper_mesoscale,0.6635191490087571
graphcast_operational,mag_0.003_layer_all,168.0,specific_humidity@850hPa,upper_mesoscale,0.678224468811455
graphcast_operational,mag_0.003_layer_all,192.0,specific_humidity@850hPa,upper_mesoscale,0.6748496756345513
graphcast_operational,mag_0.003_layer_all,216.0,specific_humidity@850hPa,upper_mesoscale,0.6745983742760043
graphcast_operational,mag_0.003_layer_all,240.0,specific_humidity@850hPa,upper_mesoscale,0.6746142286364827
graphcast_operational,mag_0.003_layer_all,0.0,specific_humidity@850hPa,lower_mesoscale,8.21925141945039e-06
graphcast_operational,mag_0.003_layer_all,24.0,specific_humidity@850hPa,lower_mesoscale,0.6282394727579254
graphcast_operational,mag_0.003_layer_all,48.0,specific_humidity@850hPa,lower_mesoscale,0.6437278128218394
graphcast_operational,mag_0.003_layer_all,72.0,specific_humidity@850hPa,lower_mesoscale,0.6126736918944508
graphcast_operational,mag_0.003_layer_all,96.0,specific_humidity@850hPa,lower_mesoscale,0.6107462775941148
graphcast_operational,mag_0.003_layer_all,120.0,specific_humidity@850hPa,lower_mesoscale,0.614881322136557
graphcast_operational,mag_0.003_layer_all,144.0,specific_humidity@850hPa,lower_mesoscale,0.5786944493404043
graphcast_operational,mag_0.003_layer_all,168.0,specific_humidity@850hPa,lower_mesoscale,0.5760259720712163
graphcast_operational,mag_0.003_layer_all,192.0,specific_humidity@850hPa,lower_mesoscale,0.5815107414136323
graphcast_operational,mag_0.003_layer_all,216.0,specific_humidity@850hPa,lower_mesoscale,0.5607724893767798
graphcast_operational,mag_0.003_layer_all,240.0,specific_humidity@850hPa,lower_mesoscale,0.5402422053768542
graphcast_operational,mag_0.01_layer_all,0.0,specific_humidity@850hPa,planetary,6.010264615302684e-08
graphcast_operational,mag_0.01_layer_all,24.0,specific_humidity@850hPa,planetary,0.02775418449549265
graphcast_operational,mag_0.01_layer_all,48.0,specific_humidity@850hPa,planetary,0.032828007072808404
graphcast_operational,mag_0.01_layer_all,72.0,specific_humidity@850hPa,planetary,0.04155534158912717
graphcast_operational,mag_0.01_layer_all,96.0,specific_humidity@850hPa,planetary,0.07215198106948949
graphcast_operational,mag_0.01_layer_all,120.0,specific_humidity@850hPa,planetary,0.0810485157665076
graphcast_operational,mag_0.01_layer_all,144.0,specific_humidity@850hPa,planetary,0.06636592454021518
graphcast_operational,mag_0.01_layer_all,168.0,specific_humidity@850hPa,planetary,0.07032954640856758
graphcast_operational,mag_0.01_layer_all,192.0,specific_humidity@850hPa,planetary,0.048603711023662816
graphcast_operational,mag_0.01_layer_all,216.0,specific_humidity@850hPa,planetary,0.06394224638111616
graphcast_operational,mag_0.01_layer_all,240.0,specific_humidity@850hPa,planetary,0.05328508473831653
graphcast_operational,mag_0.01_layer_all,0.0,specific_humidity@850hPa,synoptic,1.8115066909022883e-07
graphcast_operational,mag_0.01_layer_all,24.0,specific_humidity@850hPa,synoptic,0.1423958638759046
graphcast_operational,mag_0.01_layer_all,48.0,specific_humidity@850hPa,synoptic,0.20187664540233025
graphcast_operational,mag_0.01_layer_all,72.0,specific_humidity@850hPa,synoptic,0.22055793098287438
graphcast_operational,mag_0.01_layer_all,96.0,specific_humidity@850hPa,synoptic,0.23898728953083823
graphcast_operational,mag_0.01_layer_all,120.0,specific_humidity@850hPa,synoptic,0.26805878767745306
graphcast_operational,mag_0.01_layer_all,144.0,specific_humidity@850hPa,synoptic,0.2759809219156491
graphcast_operational,mag_0.01_layer_all,168.0,specific_humidity@850hPa,synoptic,0.27907252098110924
graphcast_operational,mag_0.01_layer_all,192.0,specific_humidity@850hPa,synoptic,0.28170828076485827
graphcast_operational,mag_0.01_layer_all,216.0,specific_humidity@850hPa,synoptic,0.280740424922279
graphcast_operational,mag_0.01_layer_all,240.0,specific_humidity@850hPa,synoptic,0.28387833288350284
graphcast_operational,mag_0.01_layer_all,0.0,specific_humidity@850hPa,upper_mesoscale,7.35581310143099e-07
graphcast_operational,mag_0.01_layer_all,24.0,specific_humidity@850hPa,upper_mesoscale,0.4624728822405544
graphcast_operational,mag_0.01_layer_all,48.0,specific_humidity@850hPa,upper_mesoscale,0.5689874169951169
graphcast_operational,mag_0.01_layer_all,72.0,specific_humidity@850hPa,upper_mesoscale,0.6096985327417606
graphcast_operational,mag_0.01_layer_all,96.0,specific_humidity@850hPa,upper_mesoscale,0.6318491566996343
graphcast_operational,mag_0.01_layer_all,120.0,specific_humidity@850hPa,upper_mesoscale,0.6643641985281397
graphcast_operational,mag_0.01_layer_all,144.0,specific_humidity@850hPa,upper_mesoscale,0.6566724679534888
graphcast_operational,mag_0.01_layer_all,168.0,specific_humidity@850hPa,upper_mesoscale,0.6642113983859893
graphcast_operational,mag_0.01_layer_all,192.0,specific_humidity@850hPa,upper_mesoscale,0.6683288419590049
graphcast_operational,mag_0.01_layer_all,216.0,specific_humidity@850hPa,upper_mesoscale,0.6680736742840496
graphcast_operational,mag_0.01_layer_all,240.0,specific_humidity@850hPa,upper_mesoscale,0.6681104148714272
graphcast_operational,mag_0.01_layer_all,0.0,specific_humidity@850hPa,lower_mesoscale,8.21925141945039e-06
graphcast_operational,mag_0.01_layer_all,24.0,specific_humidity@850hPa,lower_mesoscale,0.6292210305836798
graphcast_operational,mag_0.01_layer_all,48.0,specific_humidity@850hPa,lower_mesoscale,0.6412295868198015
graphcast_operational,mag_0.01_layer_all,72.0,specific_humidity@850hPa,lower_mesoscale,0.6091628978442832
graphcast_operational,mag_0.01_layer_all,96.0,specific_humidity@850hPa,lower_mesoscale,0.6063674165380143
graphcast_operational,mag_0.01_layer_all,120.0,specific_humidity@850hPa,lower_mesoscale,0.610804906324831
graphcast_operational,mag_0.01_layer_all,144.0,specific_humidity@850hPa,lower_mesoscale,0.5752105378703424
graphcast_operational,mag_0.01_layer_all,168.0,specific_humidity@850hPa,lower_mesoscale,0.5748811765646155
graphcast_operational,mag_0.01_layer_all,192.0,specific_humidity@850hPa,lower_mesoscale,0.5761279407847822
graphcast_operational,mag_0.01_layer_all,216.0,specific_humidity@850hPa,lower_mesoscale,0.5539494534022212
graphcast_operational,mag_0.01_layer_all,240.0,specific_humidity@850hPa,lower_mesoscale,0.5336844730557987
graphcast_operational,mag_0.03_layer_all,0.0,specific_humidity@850hPa,planetary,6.010264615302684e-08
graphcast_operational,mag_0.03_layer_all,24.0,specific_humidity@850hPa,planetary,0.02355965574862661
graphcast_operational,mag_0.03_layer_all,48.0,specific_humidity@850hPa,planetary,0.024384492385742522
graphcast_operational,mag_0.03_layer_all,72.0,specific_humidity@850hPa,planetary,0.038175065234276995
graphcast_operational,mag_0.03_layer_all,96.0,specific_humidity@850hPa,planetary,0.04679027988352782
graphcast_operational,mag_0.03_layer_all,120.0,specific_humidity@850hPa,planetary,0.046824458831891236
graphcast_operational,mag_0.03_layer_all,144.0,specific_humidity@850hPa,planetary,0.07969389722419437
graphcast_operational,mag_0.03_layer_all,168.0,specific_humidity@850hPa,planetary,0.07169701930709005
graphcast_operational,mag_0.03_layer_all,192.0,specific_humidity@850hPa,planetary,0.05507784656589329
graphcast_operational,mag_0.03_layer_all,216.0,specific_humidity@850hPa,planetary,0.07419281166725306
graphcast_operational,mag_0.03_layer_all,240.0,specific_humidity@850hPa,planetary,0.10807084985618491
graphcast_operational,mag_0.03_layer_all,0.0,specific_humidity@850hPa,synoptic,1.8115066909022883e-07
graphcast_operational,mag_0.03_layer_all,24.0,specific_humidity@850hPa,synoptic,0.1556809321570546
graphcast_operational,mag_0.03_layer_all,48.0,specific_humidity@850hPa,synoptic,0.19681125614170358
graphcast_operational,mag_0.03_layer_all,72.0,specific_humidity@850hPa,synoptic,0.20121400872049353
graphcast_operational,mag_0.03_layer_all,96.0,specific_humidity@850hPa,synoptic,0.2055286325836052
graphcast_operational,mag_0.03_layer_all,120.0,specific_humidity@850hPa,synoptic,0.2292662497889476
graphcast_operational,mag_0.03_layer_all,144.0,specific_humidity@850hPa,synoptic,0.21422855175074057
graphcast_operational,mag_0.03_layer_all,168.0,specific_humidity@850hPa,synoptic,0.22189299352074932
graphcast_operational,mag_0.03_layer_all,192.0,specific_humidity@850hPa,synoptic,0.23044232723379832
graphcast_operational,mag_0.03_layer_all,216.0,specific_humidity@850hPa,synoptic,0.23055488627300957
graphcast_operational,mag_0.03_layer_all,240.0,specific_humidity@850hPa,synoptic,0.2299521888924083
graphcast_operational,mag_0.03_layer_all,0.0,specific_humidity@850hPa,upper_mesoscale,7.35581310143099e-07
graphcast_operational,mag_0.03_layer_all,24.0,specific_humidity@850hPa,upper_mesoscale,0.49463831148245213
graphcast_operational,mag_0.03_layer_all,48.0,specific_humidity@850hPa,upper_mesoscale,0.5709933451152192
graphcast_operational,mag_0.03_layer_all,72.0,specific_humidity@850hPa,upper_mesoscale,0.5911430497018005
graphcast_operational,mag_0.03_layer_all,96.0,specific_humidity@850hPa,upper_mesoscale,0.6111057061924224
graphcast_operational,mag_0.03_layer_all,120.0,specific_humidity@850hPa,upper_mesoscale,0.6345725046553026
graphcast_operational,mag_0.03_layer_all,144.0,specific_humidity@850hPa,upper_mesoscale,0.6312134755662123
graphcast_operational,mag_0.03_layer_all,168.0,specific_humidity@850hPa,upper_mesoscale,0.6364342073922801
graphcast_operational,mag_0.03_layer_all,192.0,specific_humidity@850hPa,upper_mesoscale,0.6430318011765812
graphcast_operational,mag_0.03_layer_all,216.0,specific_humidity@850hPa,upper_mesoscale,0.6392426136924765
graphcast_operational,mag_0.03_layer_all,240.0,specific_humidity@850hPa,upper_mesoscale,0.6309495427688318
graphcast_operational,mag_0.03_layer_all,0.0,specific_humidity@850hPa,lower_mesoscale,8.21925141945039e-06
graphcast_operational,mag_0.03_layer_all,24.0,specific_humidity@850hPa,lower_mesoscale,0.6147670458757338
graphcast_operational,mag_0.03_layer_all,48.0,specific_humidity@850hPa,lower_mesoscale,0.6191084255424331
graphcast_operational,mag_0.03_layer_all,72.0,specific_humidity@850hPa,lower_mesoscale,0.5878504242511112
graphcast_operational,mag_0.03_layer_all,96.0,specific_humidity@850hPa,lower_mesoscale,0.586542943879504
graphcast_operational,mag_0.03_layer_all,120.0,specific_humidity@850hPa,lower_mesoscale,0.5887925951875161
graphcast_operational,mag_0.03_layer_all,144.0,specific_humidity@850hPa,lower_mesoscale,0.5559544225306929
graphcast_operational,mag_0.03_layer_all,168.0,specific_humidity@850hPa,lower_mesoscale,0.5546131257958795
graphcast_operational,mag_0.03_layer_all,192.0,specific_humidity@850hPa,lower_mesoscale,0.5503623787061466
graphcast_operational,mag_0.03_layer_all,216.0,specific_humidity@850hPa,lower_mesoscale,0.5321673119408622
graphcast_operational,mag_0.03_layer_all,240.0,specific_humidity@850hPa,lower_mesoscale,0.5223989900343221
graphcast_operational,mag_0.1_layer_all,0.0,specific_humidity@850hPa,planetary,6.010264615302684e-08
graphcast_operational,mag_0.1_layer_all,24.0,specific_humidity@850hPa,planetary,0.050783887818924164
graphcast_operational,mag_0.1_layer_all,48.0,specific_humidity@850hPa,planetary,0.06266663077587911
graphcast_operational,mag_0.1_layer_all,72.0,specific_humidity@850hPa,planetary,0.06619334442378162
graphcast_operational,mag_0.1_layer_all,96.0,specific_humidity@850hPa,planetary,0.05335959606535727
graphcast_operational,mag_0.1_layer_all,120.0,specific_humidity@850hPa,planetary,0.08978808313249506
graphcast_operational,mag_0.1_layer_all,144.0,specific_humidity@850hPa,planetary,0.14044926289940327
graphcast_operational,mag_0.1_layer_all,168.0,specific_humidity@850hPa,planetary,0.13310449879152042
graphcast_operational,mag_0.1_layer_all,192.0,specific_humidity@850hPa,planetary,0.15481020597490963
graphcast_operational,mag_0.1_layer_all,216.0,specific_humidity@850hPa,planetary,0.17522790532922602
graphcast_operational,mag_0.1_layer_all,240.0,specific_humidity@850hPa,planetary,0.21708482024669046
graphcast_operational,mag_0.1_layer_all,0.0,specific_humidity@850hPa,synoptic,1.8115066909022883e-07
graphcast_operational,mag_0.1_layer_all,24.0,specific_humidity@850hPa,synoptic,0.21937241757623527
graphcast_operational,mag_0.1_layer_all,48.0,specific_humidity@850hPa,synoptic,0.23432120948032412
graphcast_operational,mag_0.1_layer_all,72.0,specific_humidity@850hPa,synoptic,0.21635103628218652
graphcast_operational,mag_0.1_layer_all,96.0,specific_humidity@850hPa,synoptic,0.22062104436208022
graphcast_operational,mag_0.1_layer_all,120.0,specific_humidity@850hPa,synoptic,0.2519721183790335
graphcast_operational,mag_0.1_layer_all,144.0,specific_humidity@850hPa,synoptic,0.23176818045345118
graphcast_operational,mag_0.1_layer_all,168.0,specific_humidity@850hPa,synoptic,0.2571573331905101
graphcast_operational,mag_0.1_layer_all,192.0,specific_humidity@850hPa,synoptic,0.2684477159937106
graphcast_operational,mag_0.1_layer_all,216.0,specific_humidity@850hPa,synoptic,0.2828784065257271
graphcast_operational,mag_0.1_layer_all,240.0,specific_humidity@850hPa,synoptic,0.2962216900204873
graphcast_operational,mag_0.1_layer_all,0.0,specific_humidity@850hPa,upper_mesoscale,7.35581310143099e-07
graphcast_operational,mag_0.1_layer_all,24.0,specific_humidity@850hPa,upper_mesoscale,0.5702391328388258
graphcast_operational,mag_0.1_layer_all,48.0,specific_humidity@850hPa,upper_mesoscale,0.5915764495401333
graphcast_operational,mag_0.1_layer_all,72.0,specific_humidity@850hPa,upper_mesoscale,0.5931328341835127
graphcast_operational,mag_0.1_layer_all,96.0,specific_humidity@850hPa,upper_mesoscale,0.6073003834473303
graphcast_operational,mag_0.1_layer_all,120.0,specific_humidity@850hPa,upper_mesoscale,0.622349015550227
graphcast_operational,mag_0.1_layer_all,144.0,specific_humidity@850hPa,upper_mesoscale,0.6043738475398338
graphcast_operational,mag_0.1_layer_all,168.0,specific_humidity@850hPa,upper_mesoscale,0.6139022339591759
graphcast_operational,mag_0.1_layer_all,192.0,specific_humidity@850hPa,upper_mesoscale,0.6170792070318167
graphcast_operational,mag_0.1_layer_all,216.0,specific_humidity@850hPa,upper_mesoscale,0.6187758824343708
graphcast_operational,mag_0.1_layer_all,240.0,specific_humidity@850hPa,upper_mesoscale,0.6206392599019706
graphcast_operational,mag_0.1_layer_all,0.0,specific_humidity@850hPa,lower_mesoscale,8.21925141945039e-06
graphcast_operational,mag_0.1_layer_all,24.0,specific_humidity@850hPa,lower_mesoscale,0.44474514132351145
graphcast_operational,mag_0.1_layer_all,48.0,specific_humidity@850hPa,lower_mesoscale,0.4421249281283153
graphcast_operational,mag_0.1_layer_all,72.0,specific_humidity@850hPa,lower_mesoscale,0.42340986708233175
graphcast_operational,mag_0.1_layer_all,96.0,specific_humidity@850hPa,lower_mesoscale,0.42017126272001337
graphcast_operational,mag_0.1_layer_all,120.0,specific_humidity@850hPa,lower_mesoscale,0.40645306523439434
graphcast_operational,mag_0.1_layer_all,144.0,specific_humidity@850hPa,lower_mesoscale,0.3616450635786474
graphcast_operational,mag_0.1_layer_all,168.0,specific_humidity@850hPa,lower_mesoscale,0.35268791622910994
graphcast_operational,mag_0.1_layer_all,192.0,specific_humidity@850hPa,lower_mesoscale,0.34692859849556557
graphcast_operational,mag_0.1_layer_all,216.0,specific_humidity@850hPa,lower_mesoscale,0.33280986509258986
graphcast_operational,mag_0.1_layer_all,240.0,specific_humidity@850hPa,lower_mesoscale,0.32620484550374446
sfno,mag_0_layer_all,0.0,specific_humidity@850hPa,planetary,6.010264616712621e-08
sfno,mag_0_layer_all,24.0,specific_humidity@850hPa,planetary,0.019312636285676085
sfno,mag_0_layer_all,48.0,specific_humidity@850hPa,planetary,0.05713368874724386
sfno,mag_0_layer_all,72.0,specific_humidity@850hPa,planetary,0.05270818381838351
sfno,mag_0_layer_all,96.0,specific_humidity@850hPa,planetary,0.03099878650155341
sfno,mag_0_layer_all,120.0,specific_humidity@850hPa,planetary,0.02640708078436322
sfno,mag_0_layer_all,144.0,specific_humidity@850hPa,planetary,0.0503642242048249
sfno,mag_0_layer_all,168.0,specific_humidity@850hPa,planetary,0.0850605647109362
sfno,mag_0_layer_all,192.0,specific_humidity@850hPa,planetary,0.08721083555994523
sfno,mag_0_layer_all,216.0,specific_humidity@850hPa,planetary,0.07625523457065037
sfno,mag_0_layer_all,240.0,specific_humidity@850hPa,planetary,0.09041300614527277
sfno,mag_0_layer_all,0.0,specific_humidity@850hPa,synoptic,1.811506691175847e-07
sfno,mag_0_layer_all,24.0,specific_humidity@850hPa,synoptic,0.041603484979090756
sfno,mag_0_layer_all,48.0,specific_humidity@850hPa,synoptic,0.053020362813085226
sfno,mag_0_layer_all,72.0,specific_humidity@850hPa,synoptic,0.06289470216165566
sfno,mag_0_layer_all,96.0,specific_humidity@850hPa,synoptic,0.06567403470915067
sfno,mag_0_layer_all,120.0,specific_humidity@850hPa,synoptic,0.08939100842595393
sfno,mag_0_layer_all,144.0,specific_humidity@850hPa,synoptic,0.08164573587038267
sfno,mag_0_layer_all,168.0,specific_humidity@850hPa,synoptic,0.08380383660650734
sfno,mag_0_layer_all,192.0,specific_humidity@850hPa,synoptic,0.0987716956124621
sfno,mag_0_layer_all,216.0,specific_humidity@850hPa,synoptic,0.09282920125768866
sfno,mag_0_layer_all,240.0,specific_humidity@850hPa,synoptic,0.08843421630378616
sfno,mag_0_layer_all,0.0,specific_humidity@850hPa,upper_mesoscale,7.35581310161104e-07
sfno,mag_0_layer_all,24.0,specific_humidity@850hPa,upper_mesoscale,0.2292700897069151
sfno,mag_0_layer_all,48.0,specific_humidity@850hPa,upper_mesoscale,0.23958910607498507
sfno,mag_0_layer_all,72.0,specific_humidity@850hPa,upper_mesoscale,0.25142753923545114
sfno,mag_0_layer_all,96.0,specific_humidity@850hPa,upper_mesoscale,0.27344090632694484
sfno,mag_0_layer_all,120.0,specific_humidity@850hPa,upper_mesoscale,0.2925133645187512
sfno,mag_0_layer_all,144.0,specific_humidity@850hPa,upper_mesoscale,0.2997723552790194
sfno,mag_0_layer_all,168.0,specific_humidity@850hPa,upper_mesoscale,0.2990660670671646
sfno,mag_0_layer_all,192.0,specific_humidity@850hPa,upper_mesoscale,0.28751080352926045
sfno,mag_0_layer_all,216.0,specific_humidity@850hPa,upper_mesoscale,0.27943780908348104
sfno,mag_0_layer_all,240.0,specific_humidity@850hPa,upper_mesoscale,0.2723715165774065
sfno,mag_0_layer_all,0.0,specific_humidity@850hPa,lower_mesoscale,8.219251419454184e-06
sfno,mag_0_layer_all,24.0,specific_humidity@850hPa,lower_mesoscale,0.8704313173423189
sfno,mag_0_layer_all,48.0,specific_humidity@850hPa,lower_mesoscale,0.8856899021830483
sfno,mag_0_layer_all,72.0,specific_humidity@850hPa,lower_mesoscale,0.8600403312533851
sfno,mag_0_layer_all,96.0,specific_humidity@850hPa,lower_mesoscale,0.8845392882141216
sfno,mag_0_layer_all,120.0,specific_humidity@850hPa,lower_mesoscale,0.8824176423276412
sfno,mag_0_layer_all,144.0,specific_humidity@850hPa,lower_mesoscale,0.9042672918329189
sfno,mag_0_layer_all,168.0,specific_humidity@850hPa,lower_mesoscale,0.914603975404624
sfno,mag_0_layer_all,192.0,specific_humidity@850hPa,lower_mesoscale,0.91083840399487
sfno,mag_0_layer_all,216.0,specific_humidity@850hPa,lower_mesoscale,0.8635677231653356
sfno,mag_0_layer_all,240.0,specific_humidity@850hPa,lower_mesoscale,0.8400292709471957
sfno,mag_0.001_layer_all,0.0,specific_humidity@850hPa,planetary,6.010264615302684e-08
sfno,mag_0.001_layer_all,24.0,specific_humidity@850hPa,planetary,0.01920072884937653
sfno,mag_0.001_layer_all,48.0,specific_humidity@850hPa,planetary,0.057005043703913835
sfno,mag_0.001_layer_all,72.0,specific_humidity@850hPa,planetary,0.052340047082915446
sfno,mag_0.001_layer_all,96.0,specific_humidity@850hPa,planetary,0.030387034678393366
sfno,mag_0.001_layer_all,120.0,specific_humidity@850hPa,planetary,0.02607353154473663
sfno,mag_0.001_layer_all,144.0,specific_humidity@850hPa,planetary,0.04993622578620396
sfno,mag_0.001_layer_all,168.0,specific_humidity@850hPa,planetary,0.08419649745185755
sfno,mag_0.001_layer_all,192.0,specific_humidity@850hPa,planetary,0.08572758710909217
sfno,mag_0.001_layer_all,216.0,specific_humidity@850hPa,planetary,0.07542437767061337
sfno,mag_0.001_layer_all,240.0,specific_humidity@850hPa,planetary,0.09010145637890461
sfno,mag_0.001_layer_all,0.0,specific_humidity@850hPa,synoptic,1.8115066909022883e-07
sfno,mag_0.001_layer_all,24.0,specific_humidity@850hPa,synoptic,0.04166886830338311
sfno,mag_0.001_layer_all,48.0,specific_humidity@850hPa,synoptic,0.05316077503422143
sfno,mag_0.001_layer_all,72.0,specific_humidity@850hPa,synoptic,0.06323409390278707
sfno,mag_0.001_layer_all,96.0,specific_humidity@850hPa,synoptic,0.06609876333246402
sfno,mag_0.001_layer_all,120.0,specific_humidity@850hPa,synoptic,0.08935525238124173
sfno,mag_0.001_layer_all,144.0,specific_humidity@850hPa,synoptic,0.08203630346737137
sfno,mag_0.001_layer_all,168.0,specific_humidity@850hPa,synoptic,0.08459589036331285
sfno,mag_0.001_layer_all,192.0,specific_humidity@850hPa,synoptic,0.09833447236537217
sfno,mag_0.001_layer_all,216.0,specific_humidity@850hPa,synoptic,0.09208964675210742
sfno,mag_0.001_layer_all,240.0,specific_humidity@850hPa,synoptic,0.08680102722065937
sfno,mag_0.001_layer_all,0.0,specific_humidity@850hPa,upper_mesoscale,7.35581310143099e-07
sfno,mag_0.001_layer_all,24.0,specific_humidity@850hPa,upper_mesoscale,0.22958704784907388
sfno,mag_0.001_layer_all,48.0,specific_humidity@850hPa,upper_mesoscale,0.2401424936746012
sfno,mag_0.001_layer_all,72.0,specific_humidity@850hPa,upper_mesoscale,0.2520348921640202
sfno,mag_0.001_layer_all,96.0,specific_humidity@850hPa,upper_mesoscale,0.27418920002473823
sfno,mag_0.001_layer_all,120.0,specific_humidity@850hPa,upper_mesoscale,0.29334394687726917
sfno,mag_0.001_layer_all,144.0,specific_humidity@850hPa,upper_mesoscale,0.300370113840495
sfno,mag_0.001_layer_all,168.0,specific_humidity@850hPa,upper_mesoscale,0.2999383560967481
sfno,mag_0.001_layer_all,192.0,specific_humidity@850hPa,upper_mesoscale,0.28882784587303
sfno,mag_0.001_layer_all,216.0,specific_humidity@850hPa,upper_mesoscale,0.27850689087336933
sfno,mag_0.001_layer_all,240.0,specific_humidity@850hPa,upper_mesoscale,0.2733916983441916
sfno,mag_0.001_layer_all,0.0,specific_humidity@850hPa,lower_mesoscale,8.21925141945039e-06
sfno,mag_0.001_layer_all,24.0,specific_humidity@850hPa,lower_mesoscale,0.870550995043641
sfno,mag_0.001_layer_all,48.0,specific_humidity@850hPa,lower_mesoscale,0.8857662804389413
sfno,mag_0.001_layer_all,72.0,specific_humidity@850hPa,lower_mesoscale,0.8600480845207417
sfno,mag_0.001_layer_all,96.0,specific_humidity@850hPa,lower_mesoscale,0.8846259065919313
sfno,mag_0.001_layer_all,120.0,specific_humidity@850hPa,lower_mesoscale,0.8824262989690097
sfno,mag_0.001_layer_all,144.0,specific_humidity@850hPa,lower_mesoscale,0.9039428752915787
sfno,mag_0.001_layer_all,168.0,specific_humidity@850hPa,lower_mesoscale,0.9145919347770797
sfno,mag_0.001_layer_all,192.0,specific_humidity@850hPa,lower_mesoscale,0.9109870420155004
sfno,mag_0.001_layer_all,216.0,specific_humidity@850hPa,lower_mesoscale,0.8641346979057389
sfno,mag_0.001_layer_all,240.0,specific_humidity@850hPa,lower_mesoscale,0.8386197518144426
sfno,mag_0.003_layer_all,0.0,specific_humidity@850hPa,planetary,6.010264615302684e-08
sfno,mag_0.003_layer_all,24.0,specific_humidity@850hPa,planetary,0.018514011345038918
sfno,mag_0.003_layer_all,48.0,specific_humidity@850hPa,planetary,0.056017945036330216
sfno,mag_0.003_layer_all,72.0,specific_humidity@850hPa,planetary,0.05081872018738543
sfno,mag_0.003_layer_all,96.0,specific_humidity@850hPa,planetary,0.028493339076130823
sfno,mag_0.003_layer_all,120.0,specific_humidity@850hPa,planetary,0.024872224168394838
sfno,mag_0.003_layer_all,144.0,specific_humidity@850hPa,planetary,0.04866007412569115
sfno,mag_0.003_layer_all,168.0,specific_humidity@850hPa,planetary,0.0821490440331068
sfno,mag_0.003_layer_all,192.0,specific_humidity@850hPa,planetary,0.08061364710419469
sfno,mag_0.003_layer_all,216.0,specific_humidity@850hPa,planetary,0.07228081600404064
sfno,mag_0.003_layer_all,240.0,specific_humidity@850hPa,planetary,0.09229981052745496
sfno,mag_0.003_layer_all,0.0,specific_humidity@850hPa,synoptic,1.8115066909022883e-07
sfno,mag_0.003_layer_all,24.0,specific_humidity@850hPa,synoptic,0.042249426863576675
sfno,mag_0.003_layer_all,48.0,specific_humidity@850hPa,synoptic,0.053890531020431565
sfno,mag_0.003_layer_all,72.0,specific_humidity@850hPa,synoptic,0.06420616859404915
sfno,mag_0.003_layer_all,96.0,specific_humidity@850hPa,synoptic,0.06699337592963142
sfno,mag_0.003_layer_all,120.0,specific_humidity@850hPa,synoptic,0.08966751954262661
sfno,mag_0.003_layer_all,144.0,specific_humidity@850hPa,synoptic,0.08181054810437577
sfno,mag_0.003_layer_all,168.0,specific_humidity@850hPa,synoptic,0.08676262068882404
sfno,mag_0.003_layer_all,192.0,specific_humidity@850hPa,synoptic,0.09651438494217814
sfno,mag_0.003_layer_all,216.0,specific_humidity@850hPa,synoptic,0.09025588897904328
sfno,mag_0.003_layer_all,240.0,specific_humidity@850hPa,synoptic,0.08510373265928696
sfno,mag_0.003_layer_all,0.0,specific_humidity@850hPa,upper_mesoscale,7.35581310143099e-07
sfno,mag_0.003_layer_all,24.0,specific_humidity@850hPa,upper_mesoscale,0.23015872486060615
sfno,mag_0.003_layer_all,48.0,specific_humidity@850hPa,upper_mesoscale,0.241324104247343
sfno,mag_0.003_layer_all,72.0,specific_humidity@850hPa,upper_mesoscale,0.2533582293709628
sfno,mag_0.003_layer_all,96.0,specific_humidity@850hPa,upper_mesoscale,0.27574692062566947
sfno,mag_0.003_layer_all,120.0,specific_humidity@850hPa,upper_mesoscale,0.2953614463514369
sfno,mag_0.003_layer_all,144.0,specific_humidity@850hPa,upper_mesoscale,0.30011865708662316
sfno,mag_0.003_layer_all,168.0,specific_humidity@850hPa,upper_mesoscale,0.300567367375798
sfno,mag_0.003_layer_all,192.0,specific_humidity@850hPa,upper_mesoscale,0.28810785676345496
sfno,mag_0.003_layer_all,216.0,specific_humidity@850hPa,upper_mesoscale,0.27637408686482684
sfno,mag_0.003_layer_all,240.0,specific_humidity@850hPa,upper_mesoscale,0.2700388381676882
sfno,mag_0.003_layer_all,0.0,specific_humidity@850hPa,lower_mesoscale,8.21925141945039e-06
sfno,mag_0.003_layer_all,24.0,specific_humidity@850hPa,lower_mesoscale,0.8705977745339101
sfno,mag_0.003_layer_all,48.0,specific_humidity@850hPa,lower_mesoscale,0.8853511606245412
sfno,mag_0.003_layer_all,72.0,specific_humidity@850hPa,lower_mesoscale,0.8595273541389286
sfno,mag_0.003_layer_all,96.0,specific_humidity@850hPa,lower_mesoscale,0.8837544801960732
sfno,mag_0.003_layer_all,120.0,specific_humidity@850hPa,lower_mesoscale,0.8820548812542911
sfno,mag_0.003_layer_all,144.0,specific_humidity@850hPa,lower_mesoscale,0.9030863265554215
sfno,mag_0.003_layer_all,168.0,specific_humidity@850hPa,lower_mesoscale,0.9130652377054937
sfno,mag_0.003_layer_all,192.0,specific_humidity@850hPa,lower_mesoscale,0.9081712800991686
sfno,mag_0.003_layer_all,216.0,specific_humidity@850hPa,lower_mesoscale,0.8625946284385645
sfno,mag_0.003_layer_all,240.0,specific_humidity@850hPa,lower_mesoscale,0.835880924232956
sfno,mag_0.01_layer_all,0.0,specific_humidity@850hPa,planetary,6.010264615302684e-08
sfno,mag_0.01_layer_all,24.0,specific_humidity@850hPa,planetary,0.0166152756063452
sfno,mag_0.01_layer_all,48.0,specific_humidity@850hPa,planetary,0.05416023632004442
sfno,mag_0.01_layer_all,72.0,specific_humidity@850hPa,planetary,0.04799152579327315
sfno,mag_0.01_layer_all,96.0,specific_humidity@850hPa,planetary,0.02563242672069077
sfno,mag_0.01_layer_all,120.0,specific_humidity@850hPa,planetary,0.024407811417590825
sfno,mag_0.01_layer_all,144.0,specific_humidity@850hPa,planetary,0.04850392773572752
sfno,mag_0.01_layer_all,168.0,specific_humidity@850hPa,planetary,0.07693455888761423
sfno,mag_0.01_layer_all,192.0,specific_humidity@850hPa,planetary,0.07521205537807746
sfno,mag_0.01_layer_all,216.0,specific_humidity@850hPa,planetary,0.0661140912140451
sfno,mag_0.01_layer_all,240.0,specific_humidity@850hPa,planetary,0.0922684413711335
sfno,mag_0.01_layer_all,0.0,specific_humidity@850hPa,synoptic,1.8115066909022883e-07
sfno,mag_0.01_layer_all,24.0,specific_humidity@850hPa,synoptic,0.044205410183339226
sfno,mag_0.01_layer_all,48.0,specific_humidity@850hPa,synoptic,0.05585991213562438
sfno,mag_0.01_layer_all,72.0,specific_humidity@850hPa,synoptic,0.06577424961662381
sfno,mag_0.01_layer_all,96.0,specific_humidity@850hPa,synoptic,0.06622627470824241
sfno,mag_0.01_layer_all,120.0,specific_humidity@850hPa,synoptic,0.09044800793046559
sfno,mag_0.01_layer_all,144.0,specific_humidity@850hPa,synoptic,0.07864006863709798
sfno,mag_0.01_layer_all,168.0,specific_humidity@850hPa,synoptic,0.08456807910233684
sfno,mag_0.01_layer_all,192.0,specific_humidity@850hPa,synoptic,0.08647461196464035
sfno,mag_0.01_layer_all,216.0,specific_humidity@850hPa,synoptic,0.08520570478642911
sfno,mag_0.01_layer_all,240.0,specific_humidity@850hPa,synoptic,0.07918004271218478
sfno,mag_0.01_layer_all,0.0,specific_humidity@850hPa,upper_mesoscale,7.35581310143099e-07
sfno,mag_0.01_layer_all,24.0,specific_humidity@850hPa,upper_mesoscale,0.2325237615478519
sfno,mag_0.01_layer_all,48.0,specific_humidity@850hPa,upper_mesoscale,0.24537241429108458
sfno,mag_0.01_layer_all,72.0,specific_humidity@850hPa,upper_mesoscale,0.2582823137190432
sfno,mag_0.01_layer_all,96.0,specific_humidity@850hPa,upper_mesoscale,0.28143096597642075
sfno,mag_0.01_layer_all,120.0,specific_humidity@850hPa,upper_mesoscale,0.29961548437958646
sfno,mag_0.01_layer_all,144.0,specific_humidity@850hPa,upper_mesoscale,0.29455251521788567
sfno,mag_0.01_layer_all,168.0,specific_humidity@850hPa,upper_mesoscale,0.2963803963487143
sfno,mag_0.01_layer_all,192.0,specific_humidity@850hPa,upper_mesoscale,0.2904145644744203
sfno,mag_0.01_layer_all,216.0,specific_humidity@850hPa,upper_mesoscale,0.2787129639186736
sfno,mag_0.01_layer_all,240.0,specific_humidity@850hPa,upper_mesoscale,0.268385567570764
sfno,mag_0.01_layer_all,0.0,specific_humidity@850hPa,lower_mesoscale,8.21925141945039e-06
sfno,mag_0.01_layer_all,24.0,specific_humidity@850hPa,lower_mesoscale,0.8704192981296295
sfno,mag_0.01_layer_all,48.0,specific_humidity@850hPa,lower_mesoscale,0.8828605993872447
sfno,mag_0.01_layer_all,72.0,specific_humidity@850hPa,lower_mesoscale,0.8564082678142994
sfno,mag_0.01_layer_all,96.0,specific_humidity@850hPa,lower_mesoscale,0.8774039923902028
sfno,mag_0.01_layer_all,120.0,specific_humidity@850hPa,lower_mesoscale,0.8806421341444297
sfno,mag_0.01_layer_all,144.0,specific_humidity@850hPa,lower_mesoscale,0.893669609618379
sfno,mag_0.01_layer_all,168.0,specific_humidity@850hPa,lower_mesoscale,0.9040248320843486
sfno,mag_0.01_layer_all,192.0,specific_humidity@850hPa,lower_mesoscale,0.8923535148993447
sfno,mag_0.01_layer_all,216.0,specific_humidity@850hPa,lower_mesoscale,0.8554639268977926
sfno,mag_0.01_layer_all,240.0,specific_humidity@850hPa,lower_mesoscale,0.8265149906103342
sfno,mag_0.03_layer_all,0.0,specific_humidity@850hPa,planetary,6.010264615302684e-08
sfno,mag_0.03_layer_all,24.0,specific_humidity@850hPa,planetary,0.012663540587058483
sfno,mag_0.03_layer_all,48.0,specific_humidity@850hPa,planetary,0.05517453945390199
sfno,mag_0.03_layer_all,72.0,specific_humidity@850hPa,planetary,0.05527048190130378
sfno,mag_0.03_layer_all,96.0,specific_humidity@850hPa,planetary,0.037215764102182254
sfno,mag_0.03_layer_all,120.0,specific_humidity@850hPa,planetary,0.04868405301001615
sfno,mag_0.03_layer_all,144.0,specific_humidity@850hPa,planetary,0.09125920848130079
sfno,mag_0.03_layer_all,168.0,specific_humidity@850hPa,planetary,0.10245122309182567
sfno,mag_0.03_layer_all,192.0,specific_humidity@850hPa,planetary,0.09582677465889704
sfno,mag_0.03_layer_all,216.0,specific_humidity@850hPa,planetary,0.103292973862403
sfno,mag_0.03_layer_all,240.0,specific_humidity@850hPa,planetary,0.13594629807364342
sfno,mag_0.03_layer_all,0.0,specific_humidity@850hPa,synoptic,1.8115066909022883e-07
sfno,mag_0.03_layer_all,24.0,specific_humidity@850hPa,synoptic,0.05006941560357788
sfno,mag_0.03_layer_all,48.0,specific_humidity@850hPa,synoptic,0.05902273478404699
sfno,mag_0.03_layer_all,72.0,specific_humidity@850hPa,synoptic,0.06106052486606953
sfno,mag_0.03_layer_all,96.0,specific_humidity@850hPa,synoptic,0.05252631540904103
sfno,mag_0.03_layer_all,120.0,specific_humidity@850hPa,synoptic,0.08171320784813914
sfno,mag_0.03_layer_all,144.0,specific_humidity@850hPa,synoptic,0.0612906459249967
sfno,mag_0.03_layer_all,168.0,specific_humidity@850hPa,synoptic,0.06666663280614152
sfno,mag_0.03_layer_all,192.0,specific_humidity@850hPa,synoptic,0.06075911391434311
sfno,mag_0.03_layer_all,216.0,specific_humidity@850hPa,synoptic,0.05835354927124113
sfno,mag_0.03_layer_all,240.0,specific_humidity@850hPa,synoptic,0.060645809110447105
sfno,mag_0.03_layer_all,0.0,specific_humidity@850hPa,upper_mesoscale,7.35581310143099e-07
sfno,mag_0.03_layer_all,24.0,specific_humidity@850hPa,upper_mesoscale,0.23737968934574372
sfno,mag_0.03_layer_all,48.0,specific_humidity@850hPa,upper_mesoscale,0.25253319334927943
sfno,mag_0.03_layer_all,72.0,specific_humidity@850hPa,upper_mesoscale,0.26272688588458837
sfno,mag_0.03_layer_all,96.0,specific_humidity@850hPa,upper_mesoscale,0.27594006436753904
sfno,mag_0.03_layer_all,120.0,specific_humidity@850hPa,upper_mesoscale,0.28690465354281175
sfno,mag_0.03_layer_all,144.0,specific_humidity@850hPa,upper_mesoscale,0.27006337265156677
sfno,mag_0.03_layer_all,168.0,specific_humidity@850hPa,upper_mesoscale,0.2690175946970458
sfno,mag_0.03_layer_all,192.0,specific_humidity@850hPa,upper_mesoscale,0.26289713361480166
sfno,mag_0.03_layer_all,216.0,specific_humidity@850hPa,upper_mesoscale,0.2482703619483598
sfno,mag_0.03_layer_all,240.0,specific_humidity@850hPa,upper_mesoscale,0.24982207029069903
sfno,mag_0.03_layer_all,0.0,specific_humidity@850hPa,lower_mesoscale,8.21925141945039e-06
sfno,mag_0.03_layer_all,24.0,specific_humidity@850hPa,lower_mesoscale,0.8731928475117231
sfno,mag_0.03_layer_all,48.0,specific_humidity@850hPa,lower_mesoscale,0.8765390477093187
sfno,mag_0.03_layer_all,72.0,specific_humidity@850hPa,lower_mesoscale,0.8488676160185343
sfno,mag_0.03_layer_all,96.0,specific_humidity@850hPa,lower_mesoscale,0.8592358185705478
sfno,mag_0.03_layer_all,120.0,specific_humidity@850hPa,lower_mesoscale,0.8629503618341164
sfno,mag_0.03_layer_all,144.0,specific_humidity@850hPa,lower_mesoscale,0.8589888292167651
sfno,mag_0.03_layer_all,168.0,specific_humidity@850hPa,lower_mesoscale,0.859977721569736
sfno,mag_0.03_layer_all,192.0,specific_humidity@850hPa,lower_mesoscale,0.8574957727621767
sfno,mag_0.03_layer_all,216.0,specific_humidity@850hPa,lower_mesoscale,0.838642130247108
sfno,mag_0.03_layer_all,240.0,specific_humidity@850hPa,lower_mesoscale,0.8298032061351107
sfno,mag_0.1_layer_all,0.0,specific_humidity@850hPa,planetary,6.010264615302684e-08
sfno,mag_0.1_layer_all,24.0,specific_humidity@850hPa,planetary,0.03223188084948316
sfno,mag_0.1_layer_all,48.0,specific_humidity@850hPa,planetary,0.17132700929465378
sfno,mag_0.1_layer_all,72.0,specific_humidity@850hPa,planetary,0.27554508182591886
sfno,mag_0.1_layer_all,96.0,specific_humidity@850hPa,planetary,0.402649707920604
sfno,mag_0.1_layer_all,120.0,specific_humidity@850hPa,planetary,0.6474721744896033
sfno,mag_0.1_layer_all,144.0,specific_humidity@850hPa,planetary,0.9782705396004753
sfno,mag_0.1_layer_all,168.0,specific_humidity@850hPa,planetary,1.2690850909385545
sfno,mag_0.1_layer_all,192.0,specific_humidity@850hPa,planetary,1.6078911785312675
sfno,mag_0.1_layer_all,216.0,specific_humidity@850hPa,planetary,1.961806364304004
sfno,mag_0.1_layer_all,240.0,specific_humidity@850hPa,planetary,2.3402567769989733
sfno,mag_0.1_layer_all,0.0,specific_humidity@850hPa,synoptic,1.8115066909022883e-07
sfno,mag_0.1_layer_all,24.0,specific_humidity@850hPa,synoptic,0.03704710621670315
sfno,mag_0.1_layer_all,48.0,specific_humidity@850hPa,synoptic,0.10000644777308122
sfno,mag_0.1_layer_all,72.0,specific_humidity@850hPa,synoptic,0.24506225761793832
sfno,mag_0.1_layer_all,96.0,specific_humidity@850hPa,synoptic,0.4003666454751697
sfno,mag_0.1_layer_all,120.0,specific_humidity@850hPa,synoptic,0.6278068671312437
sfno,mag_0.1_layer_all,144.0,specific_humidity@850hPa,synoptic,0.9217498060882506
sfno,mag_0.1_layer_all,168.0,specific_humidity@850hPa,synoptic,1.1467873191799565
sfno,mag_0.1_layer_all,192.0,specific_humidity@850hPa,synoptic,1.369671629464832
sfno,mag_0.1_layer_all,216.0,specific_humidity@850hPa,synoptic,1.6343979900906926
sfno,mag_0.1_layer_all,240.0,specific_humidity@850hPa,synoptic,1.928043979175696
sfno,mag_0.1_layer_all,0.0,specific_humidity@850hPa,upper_mesoscale,7.35581310143099e-07
sfno,mag_0.1_layer_all,24.0,specific_humidity@850hPa,upper_mesoscale,0.1965396497913071
sfno,mag_0.1_layer_all,48.0,specific_humidity@850hPa,upper_mesoscale,0.11313566624921441
sfno,mag_0.1_layer_all,72.0,specific_humidity@850hPa,upper_mesoscale,0.10042069067559119
sfno,mag_0.1_layer_all,96.0,specific_humidity@850hPa,upper_mesoscale,0.256185323098772
sfno,mag_0.1_layer_all,120.0,specific_humidity@850hPa,upper_mesoscale,0.5218196164578305
sfno,mag_0.1_layer_all,144.0,specific_humidity@850hPa,upper_mesoscale,0.7064921722542691
sfno,mag_0.1_layer_all,168.0,specific_humidity@850hPa,upper_mesoscale,0.9054049580821857
sfno,mag_0.1_layer_all,192.0,specific_humidity@850hPa,upper_mesoscale,1.1371300553704318
sfno,mag_0.1_layer_all,216.0,specific_humidity@850hPa,upper_mesoscale,1.3864041436511003
sfno,mag_0.1_layer_all,240.0,specific_humidity@850hPa,upper_mesoscale,1.6858688001415263
sfno,mag_0.1_layer_all,0.0,specific_humidity@850hPa,lower_mesoscale,8.21925141945039e-06
sfno,mag_0.1_layer_all,24.0,specific_humidity@850hPa,lower_mesoscale,0.9048491250451315
sfno,mag_0.1_layer_all,48.0,specific_humidity@850hPa,lower_mesoscale,0.7868122867671772
sfno,mag_0.1_layer_all,72.0,specific_humidity@850hPa,lower_mesoscale,0.5387664479343861
sfno,mag_0.1_layer_all,96.0,specific_humidity@850hPa,lower_mesoscale,0.296136445157577
sfno,mag_0.1_layer_all,120.0,specific_humidity@850hPa,lower_mesoscale,0.2869077731418132
sfno,mag_0.1_layer_all,144.0,specific_humidity@850hPa,lower_mesoscale,0.5020239606291205
sfno,mag_0.1_layer_all,168.0,specific_humidity@850hPa,lower_mesoscale,0.7779565877628125
sfno,mag_0.1_layer_all,192.0,specific_humidity@850hPa,lower_mesoscale,1.0535578125579286
sfno,mag_0.1_layer_all,216.0,specific_humidity@850hPa,lower_mesoscale,1.3287455481468673
sfno,mag_0.1_layer_all,240.0,specific_humidity@850hPa,lower_mesoscale,1.6243353032474088
aifs,mag_0_layer_all,0.0,specific_humidity@850hPa,planetary,9.103185205149596e-08
aifs,mag_0_layer_all,24.0,specific_humidity@850hPa,planetary,0.01585404845802935
aifs,mag_0_layer_all,48.0,specific_humidity@850hPa,planetary,0.018593554180262317
aifs,mag_0_layer_all,72.0,specific_humidity@850hPa,planetary,0.017880930811701976
aifs,mag_0_layer_all,96.0,specific_humidity@850hPa,planetary,0.03482913139628531
aifs,mag_0_layer_all,120.0,specific_humidity@850hPa,planetary,0.05333808595084852
aifs,mag_0_layer_all,144.0,specific_humidity@850hPa,planetary,0.05245059598696327
aifs,mag_0_layer_all,168.0,specific_humidity@850hPa,planetary,0.06983920111190021
aifs,mag_0_layer_all,192.0,specific_humidity@850hPa,planetary,0.06794313860913546
aifs,mag_0_layer_all,216.0,specific_humidity@850hPa,planetary,0.07419523203486879
aifs,mag_0_layer_all,240.0,specific_humidity@850hPa,planetary,0.07445943642243326
aifs,mag_0_layer_all,0.0,specific_humidity@850hPa,synoptic,1.477339903495978e-07
aifs,mag_0_layer_all,24.0,specific_humidity@850hPa,synoptic,0.10927505498345134
aifs,mag_0_layer_all,48.0,specific_humidity@850hPa,synoptic,0.16491402154448065
aifs,mag_0_layer_all,72.0,specific_humidity@850hPa,synoptic,0.20585005785327543
aifs,mag_0_layer_all,96.0,specific_humidity@850hPa,synoptic,0.2370306848646587
aifs,mag_0_layer_all,120.0,specific_humidity@850hPa,synoptic,0.2755805027432989
aifs,mag_0_layer_all,144.0,specific_humidity@850hPa,synoptic,0.2979345950975879
aifs,mag_0_layer_all,168.0,specific_humidity@850hPa,synoptic,0.3121039644161571
aifs,mag_0_layer_all,192.0,specific_humidity@850hPa,synoptic,0.3308404000782309
aifs,mag_0_layer_all,216.0,specific_humidity@850hPa,synoptic,0.334755363916999
aifs,mag_0_layer_all,240.0,specific_humidity@850hPa,synoptic,0.3310277564845728
aifs,mag_0_layer_all,0.0,specific_humidity@850hPa,upper_mesoscale,7.096622110264846e-07
aifs,mag_0_layer_all,24.0,specific_humidity@850hPa,upper_mesoscale,0.4120651117346837
aifs,mag_0_layer_all,48.0,specific_humidity@850hPa,upper_mesoscale,0.5605080155109582
aifs,mag_0_layer_all,72.0,specific_humidity@850hPa,upper_mesoscale,0.6426961456611122
aifs,mag_0_layer_all,96.0,specific_humidity@850hPa,upper_mesoscale,0.6821571210619424
aifs,mag_0_layer_all,120.0,specific_humidity@850hPa,upper_mesoscale,0.7265331630326298
aifs,mag_0_layer_all,144.0,specific_humidity@850hPa,upper_mesoscale,0.7330378646530818
aifs,mag_0_layer_all,168.0,specific_humidity@850hPa,upper_mesoscale,0.7542019560963382
aifs,mag_0_layer_all,192.0,specific_humidity@850hPa,upper_mesoscale,0.7627762643710343
aifs,mag_0_layer_all,216.0,specific_humidity@850hPa,upper_mesoscale,0.7724454321317875
aifs,mag_0_layer_all,240.0,specific_humidity@850hPa,upper_mesoscale,0.765746950183878
aifs,mag_0_layer_all,0.0,specific_humidity@850hPa,lower_mesoscale,8.101118411825452e-06
aifs,mag_0_layer_all,24.0,specific_humidity@850hPa,lower_mesoscale,0.7959686370527349
aifs,mag_0_layer_all,48.0,specific_humidity@850hPa,lower_mesoscale,0.8870848266552309
aifs,mag_0_layer_all,72.0,specific_humidity@850hPa,lower_mesoscale,0.9067830465583168
aifs,mag_0_layer_all,96.0,specific_humidity@850hPa,lower_mesoscale,0.9325753127956025
aifs,mag_0_layer_all,120.0,specific_humidity@850hPa,lower_mesoscale,0.9441398555333379
aifs,mag_0_layer_all,144.0,specific_humidity@850hPa,lower_mesoscale,0.9276587830739049
aifs,mag_0_layer_all,168.0,specific_humidity@850hPa,lower_mesoscale,0.9408039293318542
aifs,mag_0_layer_all,192.0,specific_humidity@850hPa,lower_mesoscale,0.9520192116977584
aifs,mag_0_layer_all,216.0,specific_humidity@850hPa,lower_mesoscale,0.9368196428503268
aifs,mag_0_layer_all,240.0,specific_humidity@850hPa,lower_mesoscale,0.9285013726930642
aifs,mag_0.003_layer_all,0.0,specific_humidity@850hPa,planetary,9.10318521133493e-08
aifs,mag_0.003_layer_all,24.0,specific_humidity@850hPa,planetary,0.01554622689595237
aifs,mag_0.003_layer_all,48.0,specific_humidity@850hPa,planetary,0.017996373781655816
aifs,mag_0.003_layer_all,72.0,specific_humidity@850hPa,planetary,0.017344383883241405
aifs,mag_0.003_layer_all,96.0,specific_humidity@850hPa,planetary,0.03414025620210118
aifs,mag_0.003_layer_all,120.0,specific_humidity@850hPa,planetary,0.052284094128086725
aifs,mag_0.003_layer_all,144.0,specific_humidity@850hPa,planetary,0.05102873737369553
aifs,mag_0.003_layer_all,168.0,specific_humidity@850hPa,planetary,0.0693637632264383
aifs,mag_0.003_layer_all,192.0,specific_humidity@850hPa,planetary,0.06703626015030296
aifs,mag_0.003_layer_all,216.0,specific_humidity@850hPa,planetary,0.07375745227681092
aifs,mag_0.003_layer_all,240.0,specific_humidity@850hPa,planetary,0.07618806825697733
aifs,mag_0.003_layer_all,0.0,specific_humidity@850hPa,synoptic,1.4773399033599153e-07
aifs,mag_0.003_layer_all,24.0,specific_humidity@850hPa,synoptic,0.1088478854296402
aifs,mag_0.003_layer_all,48.0,specific_humidity@850hPa,synoptic,0.1632539195236091
aifs,mag_0.003_layer_all,72.0,specific_humidity@850hPa,synoptic,0.2034312814297301
aifs,mag_0.003_layer_all,96.0,specific_humidity@850hPa,synoptic,0.23344121888992686
aifs,mag_0.003_layer_all,120.0,specific_humidity@850hPa,synoptic,0.27056649171633185
aifs,mag_0.003_layer_all,144.0,specific_humidity@850hPa,synoptic,0.2926835986375705
aifs,mag_0.003_layer_all,168.0,specific_humidity@850hPa,synoptic,0.3087015658627612
aifs,mag_0.003_layer_all,192.0,specific_humidity@850hPa,synoptic,0.3279258276377597
aifs,mag_0.003_layer_all,216.0,specific_humidity@850hPa,synoptic,0.33189482809769344
aifs,mag_0.003_layer_all,240.0,specific_humidity@850hPa,synoptic,0.33228303070212517
aifs,mag_0.003_layer_all,0.0,specific_humidity@850hPa,upper_mesoscale,7.096622110159493e-07
aifs,mag_0.003_layer_all,24.0,specific_humidity@850hPa,upper_mesoscale,0.408866565757021
aifs,mag_0.003_layer_all,48.0,specific_humidity@850hPa,upper_mesoscale,0.5543194293328113
aifs,mag_0.003_layer_all,72.0,specific_humidity@850hPa,upper_mesoscale,0.6348208502411631
aifs,mag_0.003_layer_all,96.0,specific_humidity@850hPa,upper_mesoscale,0.6740632426002617
aifs,mag_0.003_layer_all,120.0,specific_humidity@850hPa,upper_mesoscale,0.7176227667822245
aifs,mag_0.003_layer_all,144.0,specific_humidity@850hPa,upper_mesoscale,0.7256087729179885
aifs,mag_0.003_layer_all,168.0,specific_humidity@850hPa,upper_mesoscale,0.7447057800086667
aifs,mag_0.003_layer_all,192.0,specific_humidity@850hPa,upper_mesoscale,0.7524042050616835
aifs,mag_0.003_layer_all,216.0,specific_humidity@850hPa,upper_mesoscale,0.7625923195312767
aifs,mag_0.003_layer_all,240.0,specific_humidity@850hPa,upper_mesoscale,0.7577232552205646
aifs,mag_0.003_layer_all,0.0,specific_humidity@850hPa,lower_mesoscale,8.101118411832498e-06
aifs,mag_0.003_layer_all,24.0,specific_humidity@850hPa,lower_mesoscale,0.7928091813675553
aifs,mag_0.003_layer_all,48.0,specific_humidity@850hPa,lower_mesoscale,0.8816456423920814
aifs,mag_0.003_layer_all,72.0,specific_humidity@850hPa,lower_mesoscale,0.9004776728703029
aifs,mag_0.003_layer_all,96.0,specific_humidity@850hPa,lower_mesoscale,0.9257385317127557
aifs,mag_0.003_layer_all,120.0,specific_humidity@850hPa,lower_mesoscale,0.9372078001854417
aifs,mag_0.003_layer_all,144.0,specific_humidity@850hPa,lower_mesoscale,0.9204224795389229
aifs,mag_0.003_layer_all,168.0,specific_humidity@850hPa,lower_mesoscale,0.9332945306120951
aifs,mag_0.003_layer_all,192.0,specific_humidity@850hPa,lower_mesoscale,0.9448684824539362
aifs,mag_0.003_layer_all,216.0,specific_humidity@850hPa,lower_mesoscale,0.9308004805448491
aifs,mag_0.003_layer_all,240.0,specific_humidity@850hPa,lower_mesoscale,0.9224503236856384
aifs,mag_0.01_layer_all,0.0,specific_humidity@850hPa,planetary,9.10318521133493e-08
aifs,mag_0.01_layer_all,24.0,specific_humidity@850hPa,planetary,0.01627372131836751
aifs,mag_0.01_layer_all,48.0,specific_humidity@850hPa,planetary,0.01718977026677891
aifs,mag_0.01_layer_all,72.0,specific_humidity@850hPa,planetary,0.017996148328448036
aifs,mag_0.01_layer_all,96.0,specific_humidity@850hPa,planetary,0.034053057679223474
aifs,mag_0.01_layer_all,120.0,specific_humidity@850hPa,planetary,0.049817555802462186
aifs,mag_0.01_layer_all,144.0,specific_humidity@850hPa,planetary,0.04212325911993316
aifs,mag_0.01_layer_all,168.0,specific_humidity@850hPa,planetary,0.06302595516578971
aifs,mag_0.01_layer_all,192.0,specific_humidity@850hPa,planetary,0.065618114143626
aifs,mag_0.01_layer_all,216.0,specific_humidity@850hPa,planetary,0.06467365938611498
aifs,mag_0.01_layer_all,240.0,specific_humidity@850hPa,planetary,0.06284180343880805
aifs,mag_0.01_layer_all,0.0,specific_humidity@850hPa,synoptic,1.4773399033599153e-07
aifs,mag_0.01_layer_all,24.0,specific_humidity@850hPa,synoptic,0.11326267453394197
aifs,mag_0.01_layer_all,48.0,specific_humidity@850hPa,synoptic,0.1634073447454293
aifs,mag_0.01_layer_all,72.0,specific_humidity@850hPa,synoptic,0.19829089436864156
aifs,mag_0.01_layer_all,96.0,specific_humidity@850hPa,synoptic,0.22538094642397996
aifs,mag_0.01_layer_all,120.0,specific_humidity@850hPa,synoptic,0.26107487672294805
aifs,mag_0.01_layer_all,144.0,specific_humidity@850hPa,synoptic,0.2743958263258359
aifs,mag_0.01_layer_all,168.0,specific_humidity@850hPa,synoptic,0.2930288865673873
aifs,mag_0.01_layer_all,192.0,specific_humidity@850hPa,synoptic,0.3144933010198574
aifs,mag_0.01_layer_all,216.0,specific_humidity@850hPa,synoptic,0.3227351390215819
aifs,mag_0.01_layer_all,240.0,specific_humidity@850hPa,synoptic,0.3245512604572973
aifs,mag_0.01_layer_all,0.0,specific_humidity@850hPa,upper_mesoscale,7.096622110159493e-07
aifs,mag_0.01_layer_all,24.0,specific_humidity@850hPa,upper_mesoscale,0.40634244587747453
aifs,mag_0.01_layer_all,48.0,specific_humidity@850hPa,upper_mesoscale,0.5358130072355444
aifs,mag_0.01_layer_all,72.0,specific_humidity@850hPa,upper_mesoscale,0.6070777002838084
aifs,mag_0.01_layer_all,96.0,specific_humidity@850hPa,upper_mesoscale,0.6464573834280256
aifs,mag_0.01_layer_all,120.0,specific_humidity@850hPa,upper_mesoscale,0.683243434709248
aifs,mag_0.01_layer_all,144.0,specific_humidity@850hPa,upper_mesoscale,0.6906083783443099
aifs,mag_0.01_layer_all,168.0,specific_humidity@850hPa,upper_mesoscale,0.7038286425905427
aifs,mag_0.01_layer_all,192.0,specific_humidity@850hPa,upper_mesoscale,0.7173412852701367
aifs,mag_0.01_layer_all,216.0,specific_humidity@850hPa,upper_mesoscale,0.7244625294268752
aifs,mag_0.01_layer_all,240.0,specific_humidity@850hPa,upper_mesoscale,0.723554740501558
aifs,mag_0.01_layer_all,0.0,specific_humidity@850hPa,lower_mesoscale,8.101118411832498e-06
aifs,mag_0.01_layer_all,24.0,specific_humidity@850hPa,lower_mesoscale,0.7798109610108478
aifs,mag_0.01_layer_all,48.0,specific_humidity@850hPa,lower_mesoscale,0.8548251095125341
aifs,mag_0.01_layer_all,72.0,specific_humidity@850hPa,lower_mesoscale,0.8692874389856163
aifs,mag_0.01_layer_all,96.0,specific_humidity@850hPa,lower_mesoscale,0.8913411494879558
aifs,mag_0.01_layer_all,120.0,specific_humidity@850hPa,lower_mesoscale,0.9021818701350968
aifs,mag_0.01_layer_all,144.0,specific_humidity@850hPa,lower_mesoscale,0.8825641612449477
aifs,mag_0.01_layer_all,168.0,specific_humidity@850hPa,lower_mesoscale,0.8951424306063196
aifs,mag_0.01_layer_all,192.0,specific_humidity@850hPa,lower_mesoscale,0.9021200433738229
aifs,mag_0.01_layer_all,216.0,specific_humidity@850hPa,lower_mesoscale,0.8944209605180251
aifs,mag_0.01_layer_all,240.0,specific_humidity@850hPa,lower_mesoscale,0.8845931460112795
aifs,mag_0.03_layer_all,0.0,specific_humidity@850hPa,planetary,9.10318521133493e-08
aifs,mag_0.03_layer_all,24.0,specific_humidity@850hPa,planetary,0.0224254851820084
aifs,mag_0.03_layer_all,48.0,specific_humidity@850hPa,planetary,0.01974123534588755
aifs,mag_0.03_layer_all,72.0,specific_humidity@850hPa,planetary,0.030393344824034482
aifs,mag_0.03_layer_all,96.0,specific_humidity@850hPa,planetary,0.03790975316493169
aifs,mag_0.03_layer_all,120.0,specific_humidity@850hPa,planetary,0.038847775653342013
aifs,mag_0.03_layer_all,144.0,specific_humidity@850hPa,planetary,0.05437225632483473
aifs,mag_0.03_layer_all,168.0,specific_humidity@850hPa,planetary,0.04268014424492327
aifs,mag_0.03_layer_all,192.0,specific_humidity@850hPa,planetary,0.03874561023730698
aifs,mag_0.03_layer_all,216.0,specific_humidity@850hPa,planetary,0.051201460026444094
aifs,mag_0.03_layer_all,240.0,specific_humidity@850hPa,planetary,0.08483286883109853
aifs,mag_0.03_layer_all,0.0,specific_humidity@850hPa,synoptic,1.4773399033599153e-07
aifs,mag_0.03_layer_all,24.0,specific_humidity@850hPa,synoptic,0.13221562122640118
aifs,mag_0.03_layer_all,48.0,specific_humidity@850hPa,synoptic,0.16513358491932667
aifs,mag_0.03_layer_all,72.0,specific_humidity@850hPa,synoptic,0.1755922459493719
aifs,mag_0.03_layer_all,96.0,specific_humidity@850hPa,synoptic,0.18786905783380484
aifs,mag_0.03_layer_all,120.0,specific_humidity@850hPa,synoptic,0.21384804815145314
aifs,mag_0.03_layer_all,144.0,specific_humidity@850hPa,synoptic,0.19993795866836708
aifs,mag_0.03_layer_all,168.0,specific_humidity@850hPa,synoptic,0.2139858607386955
aifs,mag_0.03_layer_all,192.0,specific_humidity@850hPa,synoptic,0.22074212944424418
aifs,mag_0.03_layer_all,216.0,specific_humidity@850hPa,synoptic,0.2228402671313628
aifs,mag_0.03_layer_all,240.0,specific_humidity@850hPa,synoptic,0.219567124682998
aifs,mag_0.03_layer_all,0.0,specific_humidity@850hPa,upper_mesoscale,7.096622110159493e-07
aifs,mag_0.03_layer_all,24.0,specific_humidity@850hPa,upper_mesoscale,0.3953894423835663
aifs,mag_0.03_layer_all,48.0,specific_humidity@850hPa,upper_mesoscale,0.4489158998866852
aifs,mag_0.03_layer_all,72.0,specific_humidity@850hPa,upper_mesoscale,0.46248639642597733
aifs,mag_0.03_layer_all,96.0,specific_humidity@850hPa,upper_mesoscale,0.481313383631436
aifs,mag_0.03_layer_all,120.0,specific_humidity@850hPa,upper_mesoscale,0.49473355172315614
aifs,mag_0.03_layer_all,144.0,specific_humidity@850hPa,upper_mesoscale,0.4823589770187827
aifs,mag_0.03_layer_all,168.0,specific_humidity@850hPa,upper_mesoscale,0.4992936818532709
aifs,mag_0.03_layer_all,192.0,specific_humidity@850hPa,upper_mesoscale,0.5094362567668075
aifs,mag_0.03_layer_all,216.0,specific_humidity@850hPa,upper_mesoscale,0.5059203504436668
aifs,mag_0.03_layer_all,240.0,specific_humidity@850hPa,upper_mesoscale,0.5098243985721881
aifs,mag_0.03_layer_all,0.0,specific_humidity@850hPa,lower_mesoscale,8.101118411832498e-06
aifs,mag_0.03_layer_all,24.0,specific_humidity@850hPa,lower_mesoscale,0.6805786308076257
aifs,mag_0.03_layer_all,48.0,specific_humidity@850hPa,lower_mesoscale,0.6975443709046136
aifs,mag_0.03_layer_all,72.0,specific_humidity@850hPa,lower_mesoscale,0.6807891327400412
aifs,mag_0.03_layer_all,96.0,specific_humidity@850hPa,lower_mesoscale,0.6846188540448415
aifs,mag_0.03_layer_all,120.0,specific_humidity@850hPa,lower_mesoscale,0.6862790197114375
aifs,mag_0.03_layer_all,144.0,specific_humidity@850hPa,lower_mesoscale,0.6564279737374944
aifs,mag_0.03_layer_all,168.0,specific_humidity@850hPa,lower_mesoscale,0.6669514097981848
aifs,mag_0.03_layer_all,192.0,specific_humidity@850hPa,lower_mesoscale,0.6717962645262682
aifs,mag_0.03_layer_all,216.0,specific_humidity@850hPa,lower_mesoscale,0.6617776729173933
aifs,mag_0.03_layer_all,240.0,specific_humidity@850hPa,lower_mesoscale,0.6561080529565072
aurora,mag_0_layer_all,0.0,2m_temperature,planetary,1.7936782994817417e-07
aurora,mag_0_layer_all,24.0,2m_temperature,planetary,0.011787879264571251
aurora,mag_0_layer_all,48.0,2m_temperature,planetary,0.016893067194144542
aurora,mag_0_layer_all,72.0,2m_temperature,planetary,0.02227685389407852
aurora,mag_0_layer_all,96.0,2m_temperature,planetary,0.023934866315966606
aurora,mag_0_layer_all,120.0,2m_temperature,planetary,0.028387955890087975
aurora,mag_0_layer_all,144.0,2m_temperature,planetary,0.027289249023866063
aurora,mag_0_layer_all,168.0,2m_temperature,planetary,0.04590320637940965
aurora,mag_0_layer_all,192.0,2m_temperature,planetary,0.0416455719484103
aurora,mag_0_layer_all,216.0,2m_temperature,planetary,0.04961817521263139
aurora,mag_0_layer_all,240.0,2m_temperature,planetary,0.04817046047211839
aurora,mag_0_layer_all,0.0,2m_temperature,synoptic,5.343814685965516e-07
aurora,mag_0_layer_all,24.0,2m_temperature,synoptic,0.03220934746910379
aurora,mag_0_layer_all,48.0,2m_temperature,synoptic,0.03262980798305489
aurora,mag_0_layer_all,72.0,2m_temperature,synoptic,0.03354000961742317
aurora,mag_0_layer_all,96.0,2m_temperature,synoptic,0.03316763613026206
aurora,mag_0_layer_all,120.0,2m_temperature,synoptic,0.03681561826129476
aurora,mag_0_layer_all,144.0,2m_temperature,synoptic,0.0421182090003342
aurora,mag_0_layer_all,168.0,2m_temperature,synoptic,0.05349742169072866
aurora,mag_0_layer_all,192.0,2m_temperature,synoptic,0.053390016166911275
aurora,mag_0_layer_all,216.0,2m_temperature,synoptic,0.043791608460764464
aurora,mag_0_layer_all,240.0,2m_temperature,synoptic,0.0549387848644618
aurora,mag_0_layer_all,0.0,2m_temperature,upper_mesoscale,2.601930057844916e-06
aurora,mag_0_layer_all,24.0,2m_temperature,upper_mesoscale,0.06656851568205366
aurora,mag_0_layer_all,48.0,2m_temperature,upper_mesoscale,0.077911491260768
aurora,mag_0_layer_all,72.0,2m_temperature,upper_mesoscale,0.08196918634250656
aurora,mag_0_layer_all,96.0,2m_temperature,upper_mesoscale,0.08108620272847486
aurora,mag_0_layer_all,120.0,2m_temperature,upper_mesoscale,0.08341894464859993
aurora,mag_0_layer_all,144.0,2m_temperature,upper_mesoscale,0.08509456179442815
aurora,mag_0_layer_all,168.0,2m_temperature,upper_mesoscale,0.09371392606124836
aurora,mag_0_layer_all,192.0,2m_temperature,upper_mesoscale,0.0917601464535232
aurora,mag_0_layer_all,216.0,2m_temperature,upper_mesoscale,0.08260651578896684
aurora,mag_0_layer_all,240.0,2m_temperature,upper_mesoscale,0.08491250810940329
aurora,mag_0_layer_all,0.0,2m_temperature,lower_mesoscale,2.0606395199417305e-05
aurora,mag_0_layer_all,24.0,2m_temperature,lower_mesoscale,0.3122043930217219
aurora,mag_0_layer_all,48.0,2m_temperature,lower_mesoscale,0.3201488507737515
aurora,mag_0_layer_all,72.0,2m_temperature,lower_mesoscale,0.313513913465527
aurora,mag_0_layer_all,96.0,2m_temperature,lower_mesoscale,0.31423738061065337
aurora,mag_0_layer_all,120.0,2m_temperature,lower_mesoscale,0.32123890861432264
aurora,mag_0_layer_all,144.0,2m_temperature,lower_mesoscale,0.3259667345350552
aurora,mag_0_layer_all,168.0,2m_temperature,lower_mesoscale,0.3353532366132385
aurora,mag_0_layer_all,192.0,2m_temperature,lower_mesoscale,0.32949767925544754
aurora,mag_0_layer_all,216.0,2m_temperature,lower_mesoscale,0.3275594486890372
aurora,mag_0_layer_all,240.0,2m_temperature,lower_mesoscale,0.3220524546652582
aurora,mag_0.001_layer_all,0.0,2m_temperature,planetary,1.7936783000053142e-07
aurora,mag_0.001_layer_all,24.0,2m_temperature,planetary,0.011754728422681689
aurora,mag_0.001_layer_all,48.0,2m_temperature,planetary,0.01685036783645124
aurora,mag_0.001_layer_all,72.0,2m_temperature,planetary,0.022128881125986623
aurora,mag_0.001_layer_all,96.0,2m_temperature,planetary,0.02379288323527859
aurora,mag_0.001_layer_all,120.0,2m_temperature,planetary,0.02833827840113454
aurora,mag_0.001_layer_all,144.0,2m_temperature,planetary,0.026992252835373112
aurora,mag_0.001_layer_all,168.0,2m_temperature,planetary,0.04630082041791803
aurora,mag_0.001_layer_all,192.0,2m_temperature,planetary,0.04126507716571304
aurora,mag_0.001_layer_all,216.0,2m_temperature,planetary,0.050420022511956264
aurora,mag_0.001_layer_all,240.0,2m_temperature,planetary,0.0461214558168422
aurora,mag_0.001_layer_all,0.0,2m_temperature,synoptic,5.343814686141823e-07
aurora,mag_0.001_layer_all,24.0,2m_temperature,synoptic,0.03214235268515952
aurora,mag_0.001_layer_all,48.0,2m_temperature,synoptic,0.032590352301905295
aurora,mag_0.001_layer_all,72.0,2m_temperature,synoptic,0.03346327336788484
aurora,mag_0.001_layer_all,96.0,2m_temperature,synoptic,0.033027547408971014
aurora,mag_0.001_layer_all,120.0,2m_temperature,synoptic,0.036661583268817584
aurora,mag_0.001_layer_all,144.0,2m_temperature,synoptic,0.04202619382980101
aurora,mag_0.001_layer_all,168.0,2m_temperature,synoptic,0.05297852122291929
aurora,mag_0.001_layer_all,192.0,2m_temperature,synoptic,0.053051951637822586
aurora,mag_0.001_layer_all,216.0,2m_temperature,synoptic,0.043889864093384835
aurora,mag_0.001_layer_all,240.0,2m_temperature,synoptic,0.05328924015017234
aurora,mag_0.001_layer_all,0.0,2m_temperature,upper_mesoscale,2.6019300578485056e-06
aurora,mag_0.001_layer_all,24.0,2m_temperature,upper_mesoscale,0.06659568611671021
aurora,mag_0.001_layer_all,48.0,2m_temperature,upper_mesoscale,0.07792733516522142
aurora,mag_0.001_layer_all,72.0,2m_temperature,upper_mesoscale,0.08195856443205064
aurora,mag_0.001_layer_all,96.0,2m_temperature,upper_mesoscale,0.0810793545632585
aurora,mag_0.001_layer_all,120.0,2m_temperature,upper_mesoscale,0.08342383926039543
aurora,mag_0.001_layer_all,144.0,2m_temperature,upper_mesoscale,0.0851701108062413
aurora,mag_0.001_layer_all,168.0,2m_temperature,upper_mesoscale,0.09367026800039072
aurora,mag_0.001_layer_all,192.0,2m_temperature,upper_mesoscale,0.09192060714807866
aurora,mag_0.001_layer_all,216.0,2m_temperature,upper_mesoscale,0.08223918977620803
aurora,mag_0.001_layer_all,240.0,2m_temperature,upper_mesoscale,0.08350858065837233
aurora,mag_0.001_layer_all,0.0,2m_temperature,lower_mesoscale,2.060639519942131e-05
aurora,mag_0.001_layer_all,24.0,2m_temperature,lower_mesoscale,0.31261601605180656
aurora,mag_0.001_layer_all,48.0,2m_temperature,lower_mesoscale,0.3205706220047015
aurora,mag_0.001_layer_all,72.0,2m_temperature,lower_mesoscale,0.3139966913100729
aurora,mag_0.001_layer_all,96.0,2m_temperature,lower_mesoscale,0.3147558087664109
aurora,mag_0.001_layer_all,120.0,2m_temperature,lower_mesoscale,0.32169581731900965
aurora,mag_0.001_layer_all,144.0,2m_temperature,lower_mesoscale,0.3263715142436133
aurora,mag_0.001_layer_all,168.0,2m_temperature,lower_mesoscale,0.33561011235495675
aurora,mag_0.001_layer_all,192.0,2m_temperature,lower_mesoscale,0.3299976317055513
aurora,mag_0.001_layer_all,216.0,2m_temperature,lower_mesoscale,0.3284734757425844
aurora,mag_0.001_layer_all,240.0,2m_temperature,lower_mesoscale,0.322144911228211
aurora,mag_0.003_layer_all,0.0,2m_temperature,planetary,1.7936783000053142e-07
aurora,mag_0.003_layer_all,24.0,2m_temperature,planetary,0.011593881769247043
aurora,mag_0.003_layer_all,48.0,2m_temperature,planetary,0.016723640446165332
aurora,mag_0.003_layer_all,72.0,2m_temperature,planetary,0.02177568474296608
aurora,mag_0.003_layer_all,96.0,2m_temperature,planetary,0.023316738660243152
aurora,mag_0.003_layer_all,120.0,2m_temperature,planetary,0.028638838045312552
aurora,mag_0.003_layer_all,144.0,2m_temperature,planetary,0.026299294717310778
aurora,mag_0.003_layer_all,168.0,2m_temperature,planetary,0.04588666629136954
aurora,mag_0.003_layer_all,192.0,2m_temperature,planetary,0.03813852744522794
aurora,mag_0.003_layer_all,216.0,2m_temperature,planetary,0.04899586615039931
aurora,mag_0.003_layer_all,240.0,2m_temperature,planetary,0.04295386283923164
aurora,mag_0.003_layer_all,0.0,2m_temperature,synoptic,5.343814686141823e-07
aurora,mag_0.003_layer_all,24.0,2m_temperature,synoptic,0.03193304186849853
aurora,mag_0.003_layer_all,48.0,2m_temperature,synoptic,0.032323590452889586
aurora,mag_0.003_layer_all,72.0,2m_temperature,synoptic,0.033160782575861615
aurora,mag_0.003_layer_all,96.0,2m_temperature,synoptic,0.03268880330397272
aurora,mag_0.003_layer_all,120.0,2m_temperature,synoptic,0.03618564399400512
aurora,mag_0.003_layer_all,144.0,2m_temperature,synoptic,0.04162784464174492
aurora,mag_0.003_layer_all,168.0,2m_temperature,synoptic,0.05117991612564505
aurora,mag_0.003_layer_all,192.0,2m_temperature,synoptic,0.05208863730078029
aurora,mag_0.003_layer_all,216.0,2m_temperature,synoptic,0.0428965844721054
aurora,mag_0.003_layer_all,240.0,2m_temperature,synoptic,0.05270048258285882
aurora,mag_0.003_layer_all,0.0,2m_temperature,upper_mesoscale,2.6019300578485056e-06
aurora,mag_0.003_layer_all,24.0,2m_temperature,upper_mesoscale,0.06658633078531502
aurora,mag_0.003_layer_all,48.0,2m_temperature,upper_mesoscale,0.07790905421201154
aurora,mag_0.003_layer_all,72.0,2m_temperature,upper_mesoscale,0.08188763248182775
aurora,mag_0.003_layer_all,96.0,2m_temperature,upper_mesoscale,0.08105526519511519
aurora,mag_0.003_layer_all,120.0,2m_temperature,upper_mesoscale,0.08345258293798569
aurora,mag_0.003_layer_all,144.0,2m_temperature,upper_mesoscale,0.08511772728754258
aurora,mag_0.003_layer_all,168.0,2m_temperature,upper_mesoscale,0.09325320905754501
aurora,mag_0.003_layer_all,192.0,2m_temperature,upper_mesoscale,0.09148298386025251
aurora,mag_0.003_layer_all,216.0,2m_temperature,upper_mesoscale,0.08173207034441324
aurora,mag_0.003_layer_all,240.0,2m_temperature,upper_mesoscale,0.08192584948856818
aurora,mag_0.003_layer_all,0.0,2m_temperature,lower_mesoscale,2.060639519942131e-05
aurora,mag_0.003_layer_all,24.0,2m_temperature,lower_mesoscale,0.31459866633355377
aurora,mag_0.003_layer_all,48.0,2m_temperature,lower_mesoscale,0.32246779620574795
aurora,mag_0.003_layer_all,72.0,2m_temperature,lower_mesoscale,0.3159833292723933
aurora,mag_0.003_layer_all,96.0,2m_temperature,lower_mesoscale,0.3168823502734096
aurora,mag_0.003_layer_all,120.0,2m_temperature,lower_mesoscale,0.32363142424802044
aurora,mag_0.003_layer_all,144.0,2m_temperature,lower_mesoscale,0.32810325702598847
aurora,mag_0.003_layer_all,168.0,2m_temperature,lower_mesoscale,0.3368051283741237
aurora,mag_0.003_layer_all,192.0,2m_temperature,lower_mesoscale,0.3313302846797863
aurora,mag_0.003_layer_all,216.0,2m_temperature,lower_mesoscale,0.3301327885089931
aurora,mag_0.003_layer_all,240.0,2m_temperature,lower_mesoscale,0.32346863025174805
aurora,mag_0.01_layer_all,0.0,2m_temperature,planetary,1.7936783000053142e-07
aurora,mag_0.01_layer_all,24.0,2m_temperature,planetary,0.010744516423551242
aurora,mag_0.01_layer_all,48.0,2m_temperature,planetary,0.01577237820292182
aurora,mag_0.01_layer_all,72.0,2m_temperature,planetary,0.020498225450855695
aurora,mag_0.01_layer_all,96.0,2m_temperature,planetary,0.0212435595358457
aurora,mag_0.01_layer_all,120.0,2m_temperature,planetary,0.02882832258659945
aurora,mag_0.01_layer_all,144.0,2m_temperature,planetary,0.022542955606009482
aurora,mag_0.01_layer_all,168.0,2m_temperature,planetary,0.03966615387678108
aurora,mag_0.01_layer_all,192.0,2m_temperature,planetary,0.031529697683457744
aurora,mag_0.01_layer_all,216.0,2m_temperature,planetary,0.03547960548951667
aurora,mag_0.01_layer_all,240.0,2m_temperature,planetary,0.038134002422171166
aurora,mag_0.01_layer_all,0.0,2m_temperature,synoptic,5.343814686141823e-07
aurora,mag_0.01_layer_all,24.0,2m_temperature,synoptic,0.031235084951726902
aurora,mag_0.01_layer_all,48.0,2m_temperature,synoptic,0.03140501284361755
aurora,mag_0.01_layer_all,72.0,2m_temperature,synoptic,0.03187261127765578
aurora,mag_0.01_layer_all,96.0,2m_temperature,synoptic,0.031017240783134357
aurora,mag_0.01_layer_all,120.0,2m_temperature,synoptic,0.03468624757444125
aurora,mag_0.01_layer_all,144.0,2m_temperature,synoptic,0.03997195629280106
aurora,mag_0.01_layer_all,168.0,2m_temperature,synoptic,0.046523588080821354
aurora,mag_0.01_layer_all,192.0,2m_temperature,synoptic,0.05046662484452358
aurora,mag_0.01_layer_all,216.0,2m_temperature,synoptic,0.047675136748369526
aurora,mag_0.01_layer_all,240.0,2m_temperature,synoptic,0.052517658817495774
aurora,mag_0.01_layer_all,0.0,2m_temperature,upper_mesoscale,2.6019300578485056e-06
aurora,mag_0.01_layer_all,24.0,2m_temperature,upper_mesoscale,0.06654651306614477
aurora,mag_0.01_layer_all,48.0,2m_temperature,upper_mesoscale,0.07786939821370871
aurora,mag_0.01_layer_all,72.0,2m_temperature,upper_mesoscale,0.08148939049499798
aurora,mag_0.01_layer_all,96.0,2m_temperature,upper_mesoscale,0.08077870521643972
aurora,mag_0.01_layer_all,120.0,2m_temperature,upper_mesoscale,0.08368415138651779
aurora,mag_0.01_layer_all,144.0,2m_temperature,upper_mesoscale,0.08366300786716935
aurora,mag_0.01_layer_all,168.0,2m_temperature,upper_mesoscale,0.09172555990378317
aurora,mag_0.01_layer_all,192.0,2m_temperature,upper_mesoscale,0.09015159496201217
aurora,mag_0.01_layer_all,216.0,2m_temperature,upper_mesoscale,0.08121568505672744
aurora,mag_0.01_layer_all,240.0,2m_temperature,upper_mesoscale,0.08326530682305791
aurora,mag_0.01_layer_all,0.0,2m_temperature,lower_mesoscale,2.060639519942131e-05
aurora,mag_0.01_layer_all,24.0,2m_temperature,lower_mesoscale,0.3238018518559525
aurora,mag_0.01_layer_all,48.0,2m_temperature,lower_mesoscale,0.331134291606348
aurora,mag_0.01_layer_all,72.0,2m_temperature,lower_mesoscale,0.32497806928422274
aurora,mag_0.01_layer_all,96.0,2m_temperature,lower_mesoscale,0.3261815869080501
aurora,mag_0.01_layer_all,120.0,2m_temperature,lower_mesoscale,0.3323007495414561
aurora,mag_0.01_layer_all,144.0,2m_temperature,lower_mesoscale,0.33574119076861303
aurora,mag_0.01_layer_all,168.0,2m_temperature,lower_mesoscale,0.3430343686383802
aurora,mag_0.01_layer_all,192.0,2m_temperature,lower_mesoscale,0.3378120438832484
aurora,mag_0.01_layer_all,216.0,2m_temperature,lower_mesoscale,0.3368611108468897
aurora,mag_0.01_layer_all,240.0,2m_temperature,lower_mesoscale,0.3327550932608855
aurora,mag_0.03_layer_all,0.0,2m_temperature,planetary,1.7936783000053142e-07
aurora,mag_0.03_layer_all,24.0,2m_temperature,planetary,0.008047586262553783
aurora,mag_0.03_layer_all,48.0,2m_temperature,planetary,0.010495077196318738
aurora,mag_0.03_layer_all,72.0,2m_temperature,planetary,0.015235404178682552
aurora,mag_0.03_layer_all,96.0,2m_temperature,planetary,0.009204625920914035
aurora,mag_0.03_layer_all,120.0,2m_temperature,planetary,0.02253805107679506
aurora,mag_0.03_layer_all,144.0,2m_temperature,planetary,0.031294607716533716
aurora,mag_0.03_layer_all,168.0,2m_temperature,planetary,0.034208417587083845
aurora,mag_0.03_layer_all,192.0,2m_temperature,planetary,0.026922040030343153
aurora,mag_0.03_layer_all,216.0,2m_temperature,planetary,0.027503635276452377
aurora,mag_0.03_layer_all,240.0,2m_temperature,planetary,0.04369230284127527
aurora,mag_0.03_layer_all,0.0,2m_temperature,synoptic,5.343814686141823e-07
aurora,mag_0.03_layer_all,24.0,2m_temperature,synoptic,0.029124398043415208
aurora,mag_0.03_layer_all,48.0,2m_temperature,synoptic,0.028550454995001345
aurora,mag_0.03_layer_all,72.0,2m_temperature,synoptic,0.02873644276544623
aurora,mag_0.03_layer_all,96.0,2m_temperature,synoptic,0.0285849328346234
aurora,mag_0.03_layer_all,120.0,2m_temperature,synoptic,0.030497199659109263
aurora,mag_0.03_layer_all,144.0,2m_temperature,synoptic,0.033417977416236956
aurora,mag_0.03_layer_all,168.0,2m_temperature,synoptic,0.04119277017394539
aurora,mag_0.03_layer_all,192.0,2m_temperature,synoptic,0.043773798696454196
aurora,mag_0.03_layer_all,216.0,2m_temperature,synoptic,0.051460596463964677
aurora,mag_0.03_layer_all,240.0,2m_temperature,synoptic,0.04817523478745049
aurora,mag_0.03_layer_all,0.0,2m_temperature,upper_mesoscale,2.6019300578485056e-06
aurora,mag_0.03_layer_all,24.0,2m_temperature,upper_mesoscale,0.06651440442023825
aurora,mag_0.03_layer_all,48.0,2m_temperature,upper_mesoscale,0.07791684362455593
aurora,mag_0.03_layer_all,72.0,2m_temperature,upper_mesoscale,0.07975859301006524
aurora,mag_0.03_layer_all,96.0,2m_temperature,upper_mesoscale,0.07876957370836798
aurora,mag_0.03_layer_all,120.0,2m_temperature,upper_mesoscale,0.08129241294839472
aurora,mag_0.03_layer_all,144.0,2m_temperature,upper_mesoscale,0.08052283305647158
aurora,mag_0.03_layer_all,168.0,2m_temperature,upper_mesoscale,0.08528319432734391
aurora,mag_0.03_layer_all,192.0,2m_temperature,upper_mesoscale,0.08481449770983741
aurora,mag_0.03_layer_all,216.0,2m_temperature,upper_mesoscale,0.08199573344511116
aurora,mag_0.03_layer_all,240.0,2m_temperature,upper_mesoscale,0.08386189878229232
aurora,mag_0.03_layer_all,0.0,2m_temperature,lower_mesoscale,2.060639519942131e-05
aurora,mag_0.03_layer_all,24.0,2m_temperature,lower_mesoscale,0.3575174863248566
aurora,mag_0.03_layer_all,48.0,2m_temperature,lower_mesoscale,0.3627612088157986
aurora,mag_0.03_layer_all,72.0,2m_temperature,lower_mesoscale,0.3580656447728378
aurora,mag_0.03_layer_all,96.0,2m_temperature,lower_mesoscale,0.3588481028215013
aurora,mag_0.03_layer_all,120.0,2m_temperature,lower_mesoscale,0.36330253500649606
aurora,mag_0.03_layer_all,144.0,2m_temperature,lower_mesoscale,0.36556398066846413
aurora,mag_0.03_layer_all,168.0,2m_temperature,lower_mesoscale,0.36910464522289266
aurora,mag_0.03_layer_all,192.0,2m_temperature,lower_mesoscale,0.36413323062553415
aurora,mag_0.03_layer_all,216.0,2m_temperature,lower_mesoscale,0.3632617621348021
aurora,mag_0.03_layer_all,240.0,2m_temperature,lower_mesoscale,0.36265545469039256
aurora,mag_0.1_layer_all,0.0,2m_temperature,planetary,1.7936783000053142e-07
aurora,mag_0.1_layer_all,24.0,2m_temperature,planetary,0.021964284611250193
aurora,mag_0.1_layer_all,48.0,2m_temperature,planetary,0.05362909029343571
aurora,mag_0.1_layer_all,72.0,2m_temperature,planetary,0.07930086422456038
aurora,mag_0.1_layer_all,96.0,2m_temperature,planetary,0.10660753944898785
aurora,mag_0.1_layer_all,120.0,2m_temperature,planetary,0.12490951448639606
aurora,mag_0.1_layer_all,144.0,2m_temperature,planetary,0.1405942866904943
aurora,mag_0.1_layer_all,168.0,2m_temperature,planetary,0.15094877876354099
aurora,mag_0.1_layer_all,192.0,2m_temperature,planetary,0.14093404722990063
aurora,mag_0.1_layer_all,216.0,2m_temperature,planetary,0.1501536725457652
aurora,mag_0.1_layer_all,240.0,2m_temperature,planetary,0.159702381478279
aurora,mag_0.1_layer_all,0.0,2m_temperature,synoptic,5.343814686141823e-07
aurora,mag_0.1_layer_all,24.0,2m_temperature,synoptic,0.02761630594068256
aurora,mag_0.1_layer_all,48.0,2m_temperature,synoptic,0.027700991311406742
aurora,mag_0.1_layer_all,72.0,2m_temperature,synoptic,0.035655817167863084
aurora,mag_0.1_layer_all,96.0,2m_temperature,synoptic,0.04668999857920287
aurora,mag_0.1_layer_all,120.0,2m_temperature,synoptic,0.04034310431619102
aurora,mag_0.1_layer_all,144.0,2m_temperature,synoptic,0.0424495893229967
aurora,mag_0.1_layer_all,168.0,2m_temperature,synoptic,0.041617183238004916
aurora,mag_0.1_layer_all,192.0,2m_temperature,synoptic,0.04180558746814436
aurora,mag_0.1_layer_all,216.0,2m_temperature,synoptic,0.037514966175826114
aurora,mag_0.1_layer_all,240.0,2m_temperature,synoptic,0.049902601965286765
aurora,mag_0.1_layer_all,0.0,2m_temperature,upper_mesoscale,2.6019300578485056e-06
aurora,mag_0.1_layer_all,24.0,2m_temperature,upper_mesoscale,0.06830156247062724
aurora,mag_0.1_layer_all,48.0,2m_temperature,upper_mesoscale,0.0729143987745414
aurora,mag_0.1_layer_all,72.0,2m_temperature,upper_mesoscale,0.06369738163919103
aurora,mag_0.1_layer_all,96.0,2m_temperature,upper_mesoscale,0.05559833986420763
aurora,mag_0.1_layer_all,120.0,2m_temperature,upper_mesoscale,0.05362241991959271
aurora,mag_0.1_layer_all,144.0,2m_temperature,upper_mesoscale,0.051117623773988353
aurora,mag_0.1_layer_all,168.0,2m_temperature,upper_mesoscale,0.0508345741115437
aurora,mag_0.1_layer_all,192.0,2m_temperature,upper_mesoscale,0.04939043205921323
aurora,mag_0.1_layer_all,216.0,2m_temperature,upper_mesoscale,0.04538804506645936
aurora,mag_0.1_layer_all,240.0,2m_temperature,upper_mesoscale,0.050268323755321795
aurora,mag_0.1_layer_all,0.0,2m_temperature,lower_mesoscale,2.060639519942131e-05
aurora,mag_0.1_layer_all,24.0,2m_temperature,lower_mesoscale,0.5232687465807203
aurora,mag_0.1_layer_all,48.0,2m_temperature,lower_mesoscale,0.5261326357715527
aurora,mag_0.1_layer_all,72.0,2m_temperature,lower_mesoscale,0.527913484280547
aurora,mag_0.1_layer_all,96.0,2m_temperature,lower_mesoscale,0.5265760976997296
aurora,mag_0.1_layer_all,120.0,2m_temperature,lower_mesoscale,0.5248469169132133
aurora,mag_0.1_layer_all,144.0,2m_temperature,lower_mesoscale,0.5238717461723178
aurora,mag_0.1_layer_all,168.0,2m_temperature,lower_mesoscale,0.5225771622365745
aurora,mag_0.1_layer_all,192.0,2m_temperature,lower_mesoscale,0.5235053236338083
aurora,mag_0.1_layer_all,216.0,2m_temperature,lower_mesoscale,0.5207864948946284
aurora,mag_0.1_layer_all,240.0,2m_temperature,lower_mesoscale,0.5207603687427892
graphcast_operational,mag_0_layer_all,0.0,2m_temperature,planetary,1.7936782994817417e-07
graphcast_operational,mag_0_layer_all,24.0,2m_temperature,planetary,0.018229074554845084
graphcast_operational,mag_0_layer_all,48.0,2m_temperature,planetary,0.022806752572141518
graphcast_operational,mag_0_layer_all,72.0,2m_temperature,planetary,0.02896296418718012
graphcast_operational,mag_0_layer_all,96.0,2m_temperature,planetary,0.023375243983261938
graphcast_operational,mag_0_layer_all,120.0,2m_temperature,planetary,0.02588244573339593
graphcast_operational,mag_0_layer_all,144.0,2m_temperature,planetary,0.031981067344263925
graphcast_operational,mag_0_layer_all,168.0,2m_temperature,planetary,0.04956913035345331
graphcast_operational,mag_0_layer_all,192.0,2m_temperature,planetary,0.05632006009755097
graphcast_operational,mag_0_layer_all,216.0,2m_temperature,planetary,0.06383899534578218
graphcast_operational,mag_0_layer_all,240.0,2m_temperature,planetary,0.056490833843617874
graphcast_operational,mag_0_layer_all,0.0,2m_temperature,synoptic,5.343814685965516e-07
graphcast_operational,mag_0_layer_all,24.0,2m_temperature,synoptic,0.040195773315348335
graphcast_operational,mag_0_layer_all,48.0,2m_temperature,synoptic,0.03746562160176218
graphcast_operational,mag_0_layer_all,72.0,2m_temperature,synoptic,0.040151356992580524
graphcast_operational,mag_0_layer_all,96.0,2m_temperature,synoptic,0.030904537410593978
graphcast_operational,mag_0_layer_all,120.0,2m_temperature,synoptic,0.03282204918786546
graphcast_operational,mag_0_layer_all,144.0,2m_temperature,synoptic,0.035623121512074994
graphcast_operational,mag_0_layer_all,168.0,2m_temperature,synoptic,0.047954556876102394
graphcast_operational,mag_0_layer_all,192.0,2m_temperature,synoptic,0.0493583827954974
graphcast_operational,mag_0_layer_all,216.0,2m_temperature,synoptic,0.0551196407962732
graphcast_operational,mag_0_layer_all,240.0,2m_temperature,synoptic,0.053764742870857626
graphcast_operational,mag_0_layer_all,0.0,2m_temperature,upper_mesoscale,2.601930057844916e-06
graphcast_operational,mag_0_layer_all,24.0,2m_temperature,upper_mesoscale,0.05787482819112461
graphcast_operational,mag_0_layer_all,48.0,2m_temperature,upper_mesoscale,0.058232462423528544
graphcast_operational,mag_0_layer_all,72.0,2m_temperature,upper_mesoscale,0.04972640818197928
graphcast_operational,mag_0_layer_all,96.0,2m_temperature,upper_mesoscale,0.04218521510432144
graphcast_operational,mag_0_layer_all,120.0,2m_temperature,upper_mesoscale,0.03862707737160751
graphcast_operational,mag_0_layer_all,144.0,2m_temperature,upper_mesoscale,0.03281750441110699
graphcast_operational,mag_0_layer_all,168.0,2m_temperature,upper_mesoscale,0.036617550220372976
graphcast_operational,mag_0_layer_all,192.0,2m_temperature,upper_mesoscale,0.032834662638966075
graphcast_operational,mag_0_layer_all,216.0,2m_temperature,upper_mesoscale,0.03697718192688191
graphcast_operational,mag_0_layer_all,240.0,2m_temperature,upper_mesoscale,0.03651955071396778
graphcast_operational,mag_0_layer_all,0.0,2m_temperature,lower_mesoscale,2.0606395199417305e-05
graphcast_operational,mag_0_layer_all,24.0,2m_temperature,lower_mesoscale,0.0550695458401978
graphcast_operational,mag_0_layer_all,48.0,2m_temperature,lower_mesoscale,0.031929662128650074
graphcast_operational,mag_0_layer_all,72.0,2m_temperature,lower_mesoscale,0.08266061570121033
graphcast_operational,mag_0_layer_all,96.0,2m_temperature,lower_mesoscale,0.12801965491479025
graphcast_operational,mag_0_layer_all,120.0,2m_temperature,lower_mesoscale,0.16702861594059354
graphcast_operational,mag_0_layer_all,144.0,2m_temperature,lower_mesoscale,0.20061285668677947
graphcast_operational,mag_0_layer_all,168.0,2m_temperature,lower_mesoscale,0.2355044911069128
graphcast_operational,mag_0_layer_all,192.0,2m_temperature,lower_mesoscale,0.28214575562206295
graphcast_operational,mag_0_layer_all,216.0,2m_temperature,lower_mesoscale,0.3149709228942089
graphcast_operational,mag_0_layer_all,240.0,2m_temperature,lower_mesoscale,0.3499312982122989
graphcast_operational,mag_0.001_layer_all,0.0,2m_temperature,planetary,1.7936783000053142e-07
graphcast_operational,mag_0.001_layer_all,24.0,2m_temperature,planetary,0.017876686382130434
graphcast_operational,mag_0.001_layer_all,48.0,2m_temperature,planetary,0.022168194410110656
graphcast_operational,mag_0.001_layer_all,72.0,2m_temperature,planetary,0.028169769923343642
graphcast_operational,mag_0.001_layer_all,96.0,2m_temperature,planetary,0.02324808273410286
graphcast_operational,mag_0.001_layer_all,120.0,2m_temperature,planetary,0.02422136451476997
graphcast_operational,mag_0.001_layer_all,144.0,2m_temperature,planetary,0.030695274777574718
graphcast_operational,mag_0.001_layer_all,168.0,2m_temperature,planetary,0.0468000369918697
graphcast_operational,mag_0.001_layer_all,192.0,2m_temperature,planetary,0.04616553617583559
graphcast_operational,mag_0.001_layer_all,216.0,2m_temperature,planetary,0.05602132208124039
graphcast_operational,mag_0.001_layer_all,240.0,2m_temperature,planetary,0.06116232795738073
graphcast_operational,mag_0.001_layer_all,0.0,2m_temperature,synoptic,5.343814686141823e-07
graphcast_operational,mag_0.001_layer_all,24.0,2m_temperature,synoptic,0.04037454303164173
graphcast_operational,mag_0.001_layer_all,48.0,2m_temperature,synoptic,0.03693555212386492
graphcast_operational,mag_0.001_layer_all,72.0,2m_temperature,synoptic,0.038893472900195035
graphcast_operational,mag_0.001_layer_all,96.0,2m_temperature,synoptic,0.029332808786648814
graphcast_operational,mag_0.001_layer_all,120.0,2m_temperature,synoptic,0.03161201065457581
graphcast_operational,mag_0.001_layer_all,144.0,2m_temperature,synoptic,0.034447224176288316
graphcast_operational,mag_0.001_layer_all,168.0,2m_temperature,synoptic,0.0447220947224649
graphcast_operational,mag_0.001_layer_all,192.0,2m_temperature,synoptic,0.046247084161891855
graphcast_operational,mag_0.001_layer_all,216.0,2m_temperature,synoptic,0.04894540175004037
graphcast_operational,mag_0.001_layer_all,240.0,2m_temperature,synoptic,0.05205246872532126
graphcast_operational,mag_0.001_layer_all,0.0,2m_temperature,upper_mesoscale,2.6019300578485056e-06
graphcast_operational,mag_0.001_layer_all,24.0,2m_temperature,upper_mesoscale,0.05871399320238754
graphcast_operational,mag_0.001_layer_all,48.0,2m_temperature,upper_mesoscale,0.05903845995673623
graphcast_operational,mag_0.001_layer_all,72.0,2m_temperature,upper_mesoscale,0.050147206976698284
graphcast_operational,mag_0.001_layer_all,96.0,2m_temperature,upper_mesoscale,0.0423459288910394
graphcast_operational,mag_0.001_layer_all,120.0,2m_temperature,upper_mesoscale,0.039154283178501934
graphcast_operational,mag_0.001_layer_all,144.0,2m_temperature,upper_mesoscale,0.033354105038069654
graphcast_operational,mag_0.001_layer_all,168.0,2m_temperature,upper_mesoscale,0.03587523028603506
graphcast_operational,mag_0.001_layer_all,192.0,2m_temperature,upper_mesoscale,0.03224034712906191
graphcast_operational,mag_0.001_layer_all,216.0,2m_temperature,upper_mesoscale,0.034478784387952065
graphcast_operational,mag_0.001_layer_all,240.0,2m_temperature,upper_mesoscale,0.03489265595333876
graphcast_operational,mag_0.001_layer_all,0.0,2m_temperature,lower_mesoscale,2.060639519942131e-05
graphcast_operational,mag_0.001_layer_all,24.0,2m_temperature,lower_mesoscale,0.05501352991136002
graphcast_operational,mag_0.001_layer_all,48.0,2m_temperature,lower_mesoscale,0.03252652024482936
graphcast_operational,mag_0.001_layer_all,72.0,2m_temperature,lower_mesoscale,0.08337283471429473
graphcast_operational,mag_0.001_layer_all,96.0,2m_temperature,lower_mesoscale,0.12886464366687336
graphcast_operational,mag_0.001_layer_all,120.0,2m_temperature,lower_mesoscale,0.16778940960812216
graphcast_operational,mag_0.001_layer_all,144.0,2m_temperature,lower_mesoscale,0.20097400353805955
graphcast_operational,mag_0.001_layer_all,168.0,2m_temperature,lower_mesoscale,0.23653449694999673
graphcast_operational,mag_0.001_layer_all,192.0,2m_temperature,lower_mesoscale,0.2832303533524472
graphcast_operational,mag_0.001_layer_all,216.0,2m_temperature,lower_mesoscale,0.3147924946456981
graphcast_operational,mag_0.001_layer_all,240.0,2m_temperature,lower_mesoscale,0.3468226686038783
graphcast_operational,mag_0.003_layer_all,0.0,2m_temperature,planetary,1.7936783000053142e-07
graphcast_operational,mag_0.003_layer_all,24.0,2m_temperature,planetary,0.017877741798746676
graphcast_operational,mag_0.003_layer_all,48.0,2m_temperature,planetary,0.021881361105786066
graphcast_operational,mag_0.003_layer_all,72.0,2m_temperature,planetary,0.027774497377167286
graphcast_operational,mag_0.003_layer_all,96.0,2m_temperature,planetary,0.02201269633139134
graphcast_operational,mag_0.003_layer_all,120.0,2m_temperature,planetary,0.02355089856168713
graphcast_operational,mag_0.003_layer_all,144.0,2m_temperature,planetary,0.02972933407425756
graphcast_operational,mag_0.003_layer_all,168.0,2m_temperature,planetary,0.04227146595619148
graphcast_operational,mag_0.003_layer_all,192.0,2m_temperature,planetary,0.04271553128555411
graphcast_operational,mag_0.003_layer_all,216.0,2m_temperature,planetary,0.06049198867158512
graphcast_operational,mag_0.003_layer_all,240.0,2m_temperature,planetary,0.06524998869205348
graphcast_operational,mag_0.003_layer_all,0.0,2m_temperature,synoptic,5.343814686141823e-07
graphcast_operational,mag_0.003_layer_all,24.0,2m_temperature,synoptic,0.040987070814679796
graphcast_operational,mag_0.003_layer_all,48.0,2m_temperature,synoptic,0.0371897663906817
graphcast_operational,mag_0.003_layer_all,72.0,2m_temperature,synoptic,0.03875166350028089
graphcast_operational,mag_0.003_layer_all,96.0,2m_temperature,synoptic,0.0290553874568607
graphcast_operational,mag_0.003_layer_all,120.0,2m_temperature,synoptic,0.03101776638064868
graphcast_operational,mag_0.003_layer_all,144.0,2m_temperature,synoptic,0.03323977026251086
graphcast_operational,mag_0.003_layer_all,168.0,2m_temperature,synoptic,0.04294686059374881
graphcast_operational,mag_0.003_layer_all,192.0,2m_temperature,synoptic,0.04477566307420304
graphcast_operational,mag_0.003_layer_all,216.0,2m_temperature,synoptic,0.04780801326807761
graphcast_operational,mag_0.003_layer_all,240.0,2m_temperature,synoptic,0.04872539691400639
graphcast_operational,mag_0.003_layer_all,0.0,2m_temperature,upper_mesoscale,2.6019300578485056e-06
graphcast_operational,mag_0.003_layer_all,24.0,2m_temperature,upper_mesoscale,0.0592278398344151
graphcast_operational,mag_0.003_layer_all,48.0,2m_temperature,upper_mesoscale,0.05928306178655088
graphcast_operational,mag_0.003_layer_all,72.0,2m_temperature,upper_mesoscale,0.050134594621170626
graphcast_operational,mag_0.003_layer_all,96.0,2m_temperature,upper_mesoscale,0.04242805748733292
graphcast_operational,mag_0.003_layer_all,120.0,2m_temperature,upper_mesoscale,0.03906105041017701
graphcast_operational,mag_0.003_layer_all,144.0,2m_temperature,upper_mesoscale,0.03312860837844949
graphcast_operational,mag_0.003_layer_all,168.0,2m_temperature,upper_mesoscale,0.034451550504993815
graphcast_operational,mag_0.003_layer_all,192.0,2m_temperature,upper_mesoscale,0.03182909731117076
graphcast_operational,mag_0.003_layer_all,216.0,2m_temperature,upper_mesoscale,0.03336892306228181
graphcast_operational,mag_0.003_layer_all,240.0,2m_temperature,upper_mesoscale,0.03494724791249683
graphcast_operational,mag_0.003_layer_all,0.0,2m_temperature,lower_mesoscale,2.060639519942131e-05
graphcast_operational,mag_0.003_layer_all,24.0,2m_temperature,lower_mesoscale,0.05540739735333229
graphcast_operational,mag_0.003_layer_all,48.0,2m_temperature,lower_mesoscale,0.0327301555907832
graphcast_operational,mag_0.003_layer_all,72.0,2m_temperature,lower_mesoscale,0.08377665645178346
graphcast_operational,mag_0.003_layer_all,96.0,2m_temperature,lower_mesoscale,0.12919171817105776
graphcast_operational,mag_0.003_layer_all,120.0,2m_temperature,lower_mesoscale,0.1675678769708099
graphcast_operational,mag_0.003_layer_all,144.0,2m_temperature,lower_mesoscale,0.2008233089888403
graphcast_operational,mag_0.003_layer_all,168.0,2m_temperature,lower_mesoscale,0.23630674350801453
graphcast_operational,mag_0.003_layer_all,192.0,2m_temperature,lower_mesoscale,0.28169551852797914
graphcast_operational,mag_0.003_layer_all,216.0,2m_temperature,lower_mesoscale,0.3123107314488342
graphcast_operational,mag_0.003_layer_all,240.0,2m_temperature,lower_mesoscale,0.34300378128558995
graphcast_operational,mag_0.01_layer_all,0.0,2m_temperature,planetary,1.7936783000053142e-07
graphcast_operational,mag_0.01_layer_all,24.0,2m_temperature,planetary,0.017226731316522644
graphcast_operational,mag_0.01_layer_all,48.0,2m_temperature,planetary,0.018758457985796312
graphcast_operational,mag_0.01_layer_all,72.0,2m_temperature,planetary,0.02503312474554996
graphcast_operational,mag_0.01_layer_all,96.0,2m_temperature,planetary,0.014018112462910398
graphcast_operational,mag_0.01_layer_all,120.0,2m_temperature,planetary,0.020435353808083995
graphcast_operational,mag_0.01_layer_all,144.0,2m_temperature,planetary,0.02510078432198669
graphcast_operational,mag_0.01_layer_all,168.0,2m_temperature,planetary,0.02549049975827072
graphcast_operational,mag_0.01_layer_all,192.0,2m_temperature,planetary,0.02510668700020161
graphcast_operational,mag_0.01_layer_all,216.0,2m_temperature,planetary,0.04150118218964855
graphcast_operational,mag_0.01_layer_all,240.0,2m_temperature,planetary,0.051941342195737025
graphcast_operational,mag_0.01_layer_all,0.0,2m_temperature,synoptic,5.343814686141823e-07
graphcast_operational,mag_0.01_layer_all,24.0,2m_temperature,synoptic,0.04050560106700083
graphcast_operational,mag_0.01_layer_all,48.0,2m_temperature,synoptic,0.034820470131199405
graphcast_operational,mag_0.01_layer_all,72.0,2m_temperature,synoptic,0.0332319521636983
graphcast_operational,mag_0.01_layer_all,96.0,2m_temperature,synoptic,0.025800365799825146
graphcast_operational,mag_0.01_layer_all,120.0,2m_temperature,synoptic,0.024198805570787088
graphcast_operational,mag_0.01_layer_all,144.0,2m_temperature,synoptic,0.02561431161987844
graphcast_operational,mag_0.01_layer_all,168.0,2m_temperature,synoptic,0.030045192404243096
graphcast_operational,mag_0.01_layer_all,192.0,2m_temperature,synoptic,0.030661539140561706
graphcast_operational,mag_0.01_layer_all,216.0,2m_temperature,synoptic,0.03232833146913048
graphcast_operational,mag_0.01_layer_all,240.0,2m_temperature,synoptic,0.03724979756146342
graphcast_operational,mag_0.01_layer_all,0.0,2m_temperature,upper_mesoscale,2.6019300578485056e-06
graphcast_operational,mag_0.01_layer_all,24.0,2m_temperature,upper_mesoscale,0.05953110077745837
graphcast_operational,mag_0.01_layer_all,48.0,2m_temperature,upper_mesoscale,0.05826312993907798
graphcast_operational,mag_0.01_layer_all,72.0,2m_temperature,upper_mesoscale,0.047473614416405366
graphcast_operational,mag_0.01_layer_all,96.0,2m_temperature,upper_mesoscale,0.03795350873582543
graphcast_operational,mag_0.01_layer_all,120.0,2m_temperature,upper_mesoscale,0.032921041473984135
graphcast_operational,mag_0.01_layer_all,144.0,2m_temperature,upper_mesoscale,0.02567372531681521
graphcast_operational,mag_0.01_layer_all,168.0,2m_temperature,upper_mesoscale,0.026978018986458407
graphcast_operational,mag_0.01_layer_all,192.0,2m_temperature,upper_mesoscale,0.025784017090593716
graphcast_operational,mag_0.01_layer_all,216.0,2m_temperature,upper_mesoscale,0.025310031774495315
graphcast_operational,mag_0.01_layer_all,240.0,2m_temperature,upper_mesoscale,0.02615520602572564
graphcast_operational,mag_0.01_layer_all,0.0,2m_temperature,lower_mesoscale,2.060639519942131e-05
graphcast_operational,mag_0.01_layer_all,24.0,2m_temperature,lower_mesoscale,0.055988275587071965
graphcast_operational,mag_0.01_layer_all,48.0,2m_temperature,lower_mesoscale,0.033028147479939915
graphcast_operational,mag_0.01_layer_all,72.0,2m_temperature,lower_mesoscale,0.08518372598379442
graphcast_operational,mag_0.01_layer_all,96.0,2m_temperature,lower_mesoscale,0.13151880564260082
graphcast_operational,mag_0.01_layer_all,120.0,2m_temperature,lower_mesoscale,0.17076092150414762
graphcast_operational,mag_0.01_layer_all,144.0,2m_temperature,lower_mesoscale,0.20523539799634974
graphcast_operational,mag_0.01_layer_all,168.0,2m_temperature,lower_mesoscale,0.24063254821239694
graphcast_operational,mag_0.01_layer_all,192.0,2m_temperature,lower_mesoscale,0.28538087083736785
graphcast_operational,mag_0.01_layer_all,216.0,2m_temperature,lower_mesoscale,0.31488521373214856
graphcast_operational,mag_0.01_layer_all,240.0,2m_temperature,lower_mesoscale,0.34339781162523925
graphcast_operational,mag_0.03_layer_all,0.0,2m_temperature,planetary,1.7936783000053142e-07
graphcast_operational,mag_0.03_layer_all,24.0,2m_temperature,planetary,0.01596063378500316
graphcast_operational,mag_0.03_layer_all,48.0,2m_temperature,planetary,0.010692606492283544
graphcast_operational,mag_0.03_layer_all,72.0,2m_temperature,planetary,0.026297606784841353
graphcast_operational,mag_0.03_layer_all,96.0,2m_temperature,planetary,0.033551675021683595
graphcast_operational,mag_0.03_layer_all,120.0,2m_temperature,planetary,0.05090262265114382
graphcast_operational,mag_0.03_layer_all,144.0,2m_temperature,planetary,0.052784186455916565
graphcast_operational,mag_0.03_layer_all,168.0,2m_temperature,planetary,0.06369117235998235
graphcast_operational,mag_0.03_layer_all,192.0,2m_temperature,planetary,0.07232233727688712
graphcast_operational,mag_0.03_layer_all,216.0,2m_temperature,planetary,0.08510062744559357
graphcast_operational,mag_0.03_layer_all,240.0,2m_temperature,planetary,0.10345903107149955
graphcast_operational,mag_0.03_layer_all,0.0,2m_temperature,synoptic,5.343814686141823e-07
graphcast_operational,mag_0.03_layer_all,24.0,2m_temperature,synoptic,0.03685223423303879
graphcast_operational,mag_0.03_layer_all,48.0,2m_temperature,synoptic,0.025211532749109606
graphcast_operational,mag_0.03_layer_all,72.0,2m_temperature,synoptic,0.020502265901255697
graphcast_operational,mag_0.03_layer_all,96.0,2m_temperature,synoptic,0.03038910606993191
graphcast_operational,mag_0.03_layer_all,120.0,2m_temperature,synoptic,0.02812523719465842
graphcast_operational,mag_0.03_layer_all,144.0,2m_temperature,synoptic,0.03124075210885716
graphcast_operational,mag_0.03_layer_all,168.0,2m_temperature,synoptic,0.03116290156109211
graphcast_operational,mag_0.03_layer_all,192.0,2m_temperature,synoptic,0.027719418533522396
graphcast_operational,mag_0.03_layer_all,216.0,2m_temperature,synoptic,0.026702526519573746
graphcast_operational,mag_0.03_layer_all,240.0,2m_temperature,synoptic,0.04006985431380329
graphcast_operational,mag_0.03_layer_all,0.0,2m_temperature,upper_mesoscale,2.6019300578485056e-06
graphcast_operational,mag_0.03_layer_all,24.0,2m_temperature,upper_mesoscale,0.059495619866825965
graphcast_operational,mag_0.03_layer_all,48.0,2m_temperature,upper_mesoscale,0.053593410838069094
graphcast_operational,mag_0.03_layer_all,72.0,2m_temperature,upper_mesoscale,0.03809281126489127
graphcast_operational,mag_0.03_layer_all,96.0,2m_temperature,upper_mesoscale,0.02459534809908014
graphcast_operational,mag_0.03_layer_all,120.0,2m_temperature,upper_mesoscale,0.019287039233947666
graphcast_operational,mag_0.03_layer_all,144.0,2m_temperature,upper_mesoscale,0.01798164632190076
graphcast_operational,mag_0.03_layer_all,168.0,2m_temperature,upper_mesoscale,0.019063383031964944
graphcast_operational,mag_0.03_layer_all,192.0,2m_temperature,upper_mesoscale,0.022767640280974197
graphcast_operational,mag_0.03_layer_all,216.0,2m_temperature,upper_mesoscale,0.02296362149869675
graphcast_operational,mag_0.03_layer_all,240.0,2m_temperature,upper_mesoscale,0.021413097137735558
graphcast_operational,mag_0.03_layer_all,0.0,2m_temperature,lower_mesoscale,2.060639519942131e-05
graphcast_operational,mag_0.03_layer_all,24.0,2m_temperature,lower_mesoscale,0.056852359334398084
graphcast_operational,mag_0.03_layer_all,48.0,2m_temperature,lower_mesoscale,0.03357131324449919
graphcast_operational,mag_0.03_layer_all,72.0,2m_temperature,lower_mesoscale,0.0912359785628423
graphcast_operational,mag_0.03_layer_all,96.0,2m_temperature,lower_mesoscale,0.14047528113603477
graphcast_operational,mag_0.03_layer_all,120.0,2m_temperature,lower_mesoscale,0.17738875218561403
graphcast_operational,mag_0.03_layer_all,144.0,2m_temperature,lower_mesoscale,0.2098153747900054
graphcast_operational,mag_0.03_layer_all,168.0,2m_temperature,lower_mesoscale,0.2368193249293311
graphcast_operational,mag_0.03_layer_all,192.0,2m_temperature,lower_mesoscale,0.2730848313865826
graphcast_operational,mag_0.03_layer_all,216.0,2m_temperature,lower_mesoscale,0.2976115410655452
graphcast_operational,mag_0.03_layer_all,240.0,2m_temperature,lower_mesoscale,0.3194164306013328
graphcast_operational,mag_0.1_layer_all,0.0,2m_temperature,planetary,1.7936783000053142e-07
graphcast_operational,mag_0.1_layer_all,24.0,2m_temperature,planetary,0.027460817540199363
graphcast_operational,mag_0.1_layer_all,48.0,2m_temperature,planetary,0.09211651328123226
graphcast_operational,mag_0.1_layer_all,72.0,2m_temperature,planetary,0.1351202742754577
graphcast_operational,mag_0.1_layer_all,96.0,2m_temperature,planetary,0.1743487919219413
graphcast_operational,mag_0.1_layer_all,120.0,2m_temperature,planetary,0.19724357964691058
graphcast_operational,mag_0.1_layer_all,144.0,2m_temperature,planetary,0.21737128956420906
graphcast_operational,mag_0.1_layer_all,168.0,2m_temperature,planetary,0.22503812403385753
graphcast_operational,mag_0.1_layer_all,192.0,2m_temperature,planetary,0.22309419462809466
graphcast_operational,mag_0.1_layer_all,216.0,2m_temperature,planetary,0.24424143549538319
graphcast_operational,mag_0.1_layer_all,240.0,2m_temperature,planetary,0.2578771990773728
graphcast_operational,mag_0.1_layer_all,0.0,2m_temperature,synoptic,5.343814686141823e-07
graphcast_operational,mag_0.1_layer_all,24.0,2m_temperature,synoptic,0.03178029124960384
graphcast_operational,mag_0.1_layer_all,48.0,2m_temperature,synoptic,0.05199202383229908
graphcast_operational,mag_0.1_layer_all,72.0,2m_temperature,synoptic,0.09750543851547133
graphcast_operational,mag_0.1_layer_all,96.0,2m_temperature,synoptic,0.12421411454289664
graphcast_operational,mag_0.1_layer_all,120.0,2m_temperature,synoptic,0.12551402947725568
graphcast_operational,mag_0.1_layer_all,144.0,2m_temperature,synoptic,0.12367020577288318
graphcast_operational,mag_0.1_layer_all,168.0,2m_temperature,synoptic,0.10998228097196579
graphcast_operational,mag_0.1_layer_all,192.0,2m_temperature,synoptic,0.10049706983500369
graphcast_operational,mag_0.1_layer_all,216.0,2m_temperature,synoptic,0.09734211940907249
graphcast_operational,mag_0.1_layer_all,240.0,2m_temperature,synoptic,0.110139656273768
graphcast_operational,mag_0.1_layer_all,0.0,2m_temperature,upper_mesoscale,2.6019300578485056e-06
graphcast_operational,mag_0.1_layer_all,24.0,2m_temperature,upper_mesoscale,0.0617827556936265
graphcast_operational,mag_0.1_layer_all,48.0,2m_temperature,upper_mesoscale,0.030595565080540614
graphcast_operational,mag_0.1_layer_all,72.0,2m_temperature,upper_mesoscale,0.033563435849145444
graphcast_operational,mag_0.1_layer_all,96.0,2m_temperature,upper_mesoscale,0.04968811310755527
graphcast_operational,mag_0.1_layer_all,120.0,2m_temperature,upper_mesoscale,0.059152148538202894
graphcast_operational,mag_0.1_layer_all,144.0,2m_temperature,upper_mesoscale,0.06462555156411985
graphcast_operational,mag_0.1_layer_all,168.0,2m_temperature,upper_mesoscale,0.06659671294743932
graphcast_operational,mag_0.1_layer_all,192.0,2m_temperature,upper_mesoscale,0.07457920922253872
graphcast_operational,mag_0.1_layer_all,216.0,2m_temperature,upper_mesoscale,0.08089038679339626
graphcast_operational,mag_0.1_layer_all,240.0,2m_temperature,upper_mesoscale,0.08205255514640157
graphcast_operational,mag_0.1_layer_all,0.0,2m_temperature,lower_mesoscale,2.060639519942131e-05
graphcast_operational,mag_0.1_layer_all,24.0,2m_temperature,lower_mesoscale,0.047216774857501365
graphcast_operational,mag_0.1_layer_all,48.0,2m_temperature,lower_mesoscale,0.07079950890277895
graphcast_operational,mag_0.1_layer_all,72.0,2m_temperature,lower_mesoscale,0.15081842476211807
graphcast_operational,mag_0.1_layer_all,96.0,2m_temperature,lower_mesoscale,0.1966355585339306
graphcast_operational,mag_0.1_layer_all,120.0,2m_temperature,lower_mesoscale,0.22353968562186433
graphcast_operational,mag_0.1_layer_all,144.0,2m_temperature,lower_mesoscale,0.24369657780358256
graphcast_operational,mag_0.1_layer_all,168.0,2m_temperature,lower_mesoscale,0.2628151842319651
graphcast_operational,mag_0.1_layer_all,192.0,2m_temperature,lower_mesoscale,0.29328336685707795
graphcast_operational,mag_0.1_layer_all,216.0,2m_temperature,lower_mesoscale,0.3130857372752463
graphcast_operational,mag_0.1_layer_all,240.0,2m_temperature,lower_mesoscale,0.3324515467123631
sfno,mag_0_layer_all,0.0,2m_temperature,planetary,1.7936782994817417e-07
sfno,mag_0_layer_all,24.0,2m_temperature,planetary,0.015165891129777677
sfno,mag_0_layer_all,48.0,2m_temperature,planetary,0.021401640636449507
sfno,mag_0_layer_all,72.0,2m_temperature,planetary,0.035296578957022116
sfno,mag_0_layer_all,96.0,2m_temperature,planetary,0.040729741778771714
sfno,mag_0_layer_all,120.0,2m_temperature,planetary,0.034506643387190554
sfno,mag_0_layer_all,144.0,2m_temperature,planetary,0.04043956664912071
sfno,mag_0_layer_all,168.0,2m_temperature,planetary,0.06234691045220775
sfno,mag_0_layer_all,192.0,2m_temperature,planetary,0.047066056367989696
sfno,mag_0_layer_all,216.0,2m_temperature,planetary,0.05288248846314425
sfno,mag_0_layer_all,240.0,2m_temperature,planetary,0.0622274522291124
sfno,mag_0_layer_all,0.0,2m_temperature,synoptic,5.343814685965516e-07
sfno,mag_0_layer_all,24.0,2m_temperature,synoptic,0.030606628680043553
sfno,mag_0_layer_all,48.0,2m_temperature,synoptic,0.02709363705212548
sfno,mag_0_layer_all,72.0,2m_temperature,synoptic,0.023649580110417654
sfno,mag_0_layer_all,96.0,2m_temperature,synoptic,0.0189800560908666
sfno,mag_0_layer_all,120.0,2m_temperature,synoptic,0.03059557695065056
sfno,mag_0_layer_all,144.0,2m_temperature,synoptic,0.03276561365580649
sfno,mag_0_layer_all,168.0,2m_temperature,synoptic,0.03080395925370592
sfno,mag_0_layer_all,192.0,2m_temperature,synoptic,0.034712140698233945
sfno,mag_0_layer_all,216.0,2m_temperature,synoptic,0.04239510862552242
sfno,mag_0_layer_all,240.0,2m_temperature,synoptic,0.038857258386700816
sfno,mag_0_layer_all,0.0,2m_temperature,upper_mesoscale,2.601930057844916e-06
sfno,mag_0_layer_all,24.0,2m_temperature,upper_mesoscale,0.07611527351976216
sfno,mag_0_layer_all,48.0,2m_temperature,upper_mesoscale,0.07262396879688429
sfno,mag_0_layer_all,72.0,2m_temperature,upper_mesoscale,0.06712184685604634
sfno,mag_0_layer_all,96.0,2m_temperature,upper_mesoscale,0.06660117787890757
sfno,mag_0_layer_all,120.0,2m_temperature,upper_mesoscale,0.06746687886225533
sfno,mag_0_layer_all,144.0,2m_temperature,upper_mesoscale,0.06739294260165972
sfno,mag_0_layer_all,168.0,2m_temperature,upper_mesoscale,0.06968692852503286
sfno,mag_0_layer_all,192.0,2m_temperature,upper_mesoscale,0.06266349448654684
sfno,mag_0_layer_all,216.0,2m_temperature,upper_mesoscale,0.06141021951529701
sfno,mag_0_layer_all,240.0,2m_temperature,upper_mesoscale,0.06348100933217607
sfno,mag_0_layer_all,0.0,2m_temperature,lower_mesoscale,2.0606395199417305e-05
sfno,mag_0_layer_all,24.0,2m_temperature,lower_mesoscale,0.313883276850047
sfno,mag_0_layer_all,48.0,2m_temperature,lower_mesoscale,0.3158809365739834
sfno,mag_0_layer_all,72.0,2m_temperature,lower_mesoscale,0.3093997585748143
sfno,mag_0_layer_all,96.0,2m_temperature,lower_mesoscale,0.3131481574904107
sfno,mag_0_layer_all,120.0,2m_temperature,lower_mesoscale,0.3160498093642209
sfno,mag_0_layer_all,144.0,2m_temperature,lower_mesoscale,0.3213059172860722
sfno,mag_0_layer_all,168.0,2m_temperature,lower_mesoscale,0.3267006511968455
sfno,mag_0_layer_all,192.0,2m_temperature,lower_mesoscale,0.31475047457459887
sfno,mag_0_layer_all,216.0,2m_temperature,lower_mesoscale,0.3098959628975694
sfno,mag_0_layer_all,240.0,2m_temperature,lower_mesoscale,0.30324459616542554
sfno,mag_0.001_layer_all,0.0,2m_temperature,planetary,1.7936783000053142e-07
sfno,mag_0.001_layer_all,24.0,2m_temperature,planetary,0.015359253233679837
sfno,mag_0.001_layer_all,48.0,2m_temperature,planetary,0.02172541732443123
sfno,mag_0.001_layer_all,72.0,2m_temperature,planetary,0.03551929338981837
sfno,mag_0.001_layer_all,96.0,2m_temperature,planetary,0.04104195557591527
sfno,mag_0.001_layer_all,120.0,2m_temperature,planetary,0.034767384235140836
sfno,mag_0.001_layer_all,144.0,2m_temperature,planetary,0.03988667134195053
sfno,mag_0.001_layer_all,168.0,2m_temperature,planetary,0.062387407523036134
sfno,mag_0.001_layer_all,192.0,2m_temperature,planetary,0.047862356165443556
sfno,mag_0.001_layer_all,216.0,2m_temperature,planetary,0.050971143355578896
sfno,mag_0.001_layer_all,240.0,2m_temperature,planetary,0.058356909443200794
sfno,mag_0.001_layer_all,0.0,2m_temperature,synoptic,5.343814686141823e-07
sfno,mag_0.001_layer_all,24.0,2m_temperature,synoptic,0.030358583801265018
sfno,mag_0.001_layer_all,48.0,2m_temperature,synoptic,0.026877919507727277
sfno,mag_0.001_layer_all,72.0,2m_temperature,synoptic,0.023393969864244597
sfno,mag_0.001_layer_all,96.0,2m_temperature,synoptic,0.01882275276283844
sfno,mag_0.001_layer_all,120.0,2m_temperature,synoptic,0.030456270697714307
sfno,mag_0.001_layer_all,144.0,2m_temperature,synoptic,0.032492245459362565
sfno,mag_0.001_layer_all,168.0,2m_temperature,synoptic,0.030663501231922987
sfno,mag_0.001_layer_all,192.0,2m_temperature,synoptic,0.034191987124179486
sfno,mag_0.001_layer_all,216.0,2m_temperature,synoptic,0.039824572921446665
sfno,mag_0.001_layer_all,240.0,2m_temperature,synoptic,0.03796190071634066
sfno,mag_0.001_layer_all,0.0,2m_temperature,upper_mesoscale,2.6019300578485056e-06
sfno,mag_0.001_layer_all,24.0,2m_temperature,upper_mesoscale,0.07575543621741058
sfno,mag_0.001_layer_all,48.0,2m_temperature,upper_mesoscale,0.07224052799005785
sfno,mag_0.001_layer_all,72.0,2m_temperature,upper_mesoscale,0.06673185372086289
sfno,mag_0.001_layer_all,96.0,2m_temperature,upper_mesoscale,0.06610037113404181
sfno,mag_0.001_layer_all,120.0,2m_temperature,upper_mesoscale,0.06696760341845481
sfno,mag_0.001_layer_all,144.0,2m_temperature,upper_mesoscale,0.06687455630417743
sfno,mag_0.001_layer_all,168.0,2m_temperature,upper_mesoscale,0.06902515570765498
sfno,mag_0.001_layer_all,192.0,2m_temperature,upper_mesoscale,0.06197345538607378
sfno,mag_0.001_layer_all,216.0,2m_temperature,upper_mesoscale,0.0604906272079192
sfno,mag_0.001_layer_all,240.0,2m_temperature,upper_mesoscale,0.06256384855234615
sfno,mag_0.001_layer_all,0.0,2m_temperature,lower_mesoscale,2.060639519942131e-05
sfno,mag_0.001_layer_all,24.0,2m_temperature,lower_mesoscale,0.31338867651470637
sfno,mag_0.001_layer_all,48.0,2m_temperature,lower_mesoscale,0.31532008718055116
sfno,mag_0.001_layer_all,72.0,2m_temperature,lower_mesoscale,0.30875661735462523
sfno,mag_0.001_layer_all,96.0,2m_temperature,lower_mesoscale,0.3125298108183219
sfno,mag_0.001_layer_all,120.0,2m_temperature,lower_mesoscale,0.31531726261392096
sfno,mag_0.001_layer_all,144.0,2m_temperature,lower_mesoscale,0.3205632937560741
sfno,mag_0.001_layer_all,168.0,2m_temperature,lower_mesoscale,0.32582846322089026
sfno,mag_0.001_layer_all,192.0,2m_temperature,lower_mesoscale,0.3140331476266389
sfno,mag_0.001_layer_all,216.0,2m_temperature,lower_mesoscale,0.3090811454610792
sfno,mag_0.001_layer_all,240.0,2m_temperature,lower_mesoscale,0.30252154720559005
sfno,mag_0.003_layer_all,0.0,2m_temperature,planetary,1.7936783000053142e-07
sfno,mag_0.003_layer_all,24.0,2m_temperature,planetary,0.015409908952823804
sfno,mag_0.003_layer_all,48.0,2m_temperature,planetary,0.021742139293616777
sfno,mag_0.003_layer_all,72.0,2m_temperature,planetary,0.03541269744704737
sfno,mag_0.003_layer_all,96.0,2m_temperature,planetary,0.04114155605946979
sfno,mag_0.003_layer_all,120.0,2m_temperature,planetary,0.03451199981958075
sfno,mag_0.003_layer_all,144.0,2m_temperature,planetary,0.038728662568176
sfno,mag_0.003_layer_all,168.0,2m_temperature,planetary,0.06183240413140878
sfno,mag_0.003_layer_all,192.0,2m_temperature,planetary,0.04797501413410562
sfno,mag_0.003_layer_all,216.0,2m_temperature,planetary,0.047788691516563196
sfno,mag_0.003_layer_all,240.0,2m_temperature,planetary,0.05163314888270672
sfno,mag_0.003_layer_all,0.0,2m_temperature,synoptic,5.343814686141823e-07
sfno,mag_0.003_layer_all,24.0,2m_temperature,synoptic,0.030302385126403538
sfno,mag_0.003_layer_all,48.0,2m_temperature,synoptic,0.026747264850912778
sfno,mag_0.003_layer_all,72.0,2m_temperature,synoptic,0.023199342919767045
sfno,mag_0.003_layer_all,96.0,2m_temperature,synoptic,0.018678707780343178
sfno,mag_0.003_layer_all,120.0,2m_temperature,synoptic,0.030192764928018246
sfno,mag_0.003_layer_all,144.0,2m_temperature,synoptic,0.03175211317845446
sfno,mag_0.003_layer_all,168.0,2m_temperature,synoptic,0.030213782868876823
sfno,mag_0.003_layer_all,192.0,2m_temperature,synoptic,0.03268302867025163
sfno,mag_0.003_layer_all,216.0,2m_temperature,synoptic,0.03951280119841946
sfno,mag_0.003_layer_all,240.0,2m_temperature,synoptic,0.03694131966645586
sfno,mag_0.003_layer_all,0.0,2m_temperature,upper_mesoscale,2.6019300578485056e-06
sfno,mag_0.003_layer_all,24.0,2m_temperature,upper_mesoscale,0.07546131348175213
sfno,mag_0.003_layer_all,48.0,2m_temperature,upper_mesoscale,0.07185174498603356
sfno,mag_0.003_layer_all,72.0,2m_temperature,upper_mesoscale,0.0663787548643809
sfno,mag_0.003_layer_all,96.0,2m_temperature,upper_mesoscale,0.06545914598839513
sfno,mag_0.003_layer_all,120.0,2m_temperature,upper_mesoscale,0.06646369690759515
sfno,mag_0.003_layer_all,144.0,2m_temperature,upper_mesoscale,0.06624758491800947
sfno,mag_0.003_layer_all,168.0,2m_temperature,upper_mesoscale,0.06816124248940109
sfno,mag_0.003_layer_all,192.0,2m_temperature,upper_mesoscale,0.0614243366376587
sfno,mag_0.003_layer_all,216.0,2m_temperature,upper_mesoscale,0.05908687532611268
sfno,mag_0.003_layer_all,240.0,2m_temperature,upper_mesoscale,0.060786627970632445
sfno,mag_0.003_layer_all,0.0,2m_temperature,lower_mesoscale,2.060639519942131e-05
sfno,mag_0.003_layer_all,24.0,2m_temperature,lower_mesoscale,0.3129635630354571
sfno,mag_0.003_layer_all,48.0,2m_temperature,lower_mesoscale,0.31473925350718274
sfno,mag_0.003_layer_all,72.0,2m_temperature,lower_mesoscale,0.30818619534801067
sfno,mag_0.003_layer_all,96.0,2m_temperature,lower_mesoscale,0.31189732782292756
sfno,mag_0.003_layer_all,120.0,2m_temperature,lower_mesoscale,0.31473361998652416
sfno,mag_0.003_layer_all,144.0,2m_temperature,lower_mesoscale,0.31995572085021246
sfno,mag_0.003_layer_all,168.0,2m_temperature,lower_mesoscale,0.3250160046548231
sfno,mag_0.003_layer_all,192.0,2m_temperature,lower_mesoscale,0.3134354421229216
sfno,mag_0.003_layer_all,216.0,2m_temperature,lower_mesoscale,0.30817748071669154
sfno,mag_0.003_layer_all,240.0,2m_temperature,lower_mesoscale,0.3017686561457775
sfno,mag_0.01_layer_all,0.0,2m_temperature,planetary,1.7936783000053142e-07
sfno,mag_0.01_layer_all,24.0,2m_temperature,planetary,0.015908563547697853
sfno,mag_0.01_layer_all,48.0,2m_temperature,planetary,0.022362890987807065
sfno,mag_0.01_layer_all,72.0,2m_temperature,planetary,0.03567932535700091
sfno,mag_0.01_layer_all,96.0,2m_temperature,planetary,0.04250517972960453
sfno,mag_0.01_layer_all,120.0,2m_temperature,planetary,0.0350162035730708
sfno,mag_0.01_layer_all,144.0,2m_temperature,planetary,0.03762967378279974
sfno,mag_0.01_layer_all,168.0,2m_temperature,planetary,0.05879871407441464
sfno,mag_0.01_layer_all,192.0,2m_temperature,planetary,0.04611217634332032
sfno,mag_0.01_layer_all,216.0,2m_temperature,planetary,0.046647412748722826
sfno,mag_0.01_layer_all,240.0,2m_temperature,planetary,0.0575914963121724
sfno,mag_0.01_layer_all,0.0,2m_temperature,synoptic,5.343814686141823e-07
sfno,mag_0.01_layer_all,24.0,2m_temperature,synoptic,0.029533482358556983
sfno,mag_0.01_layer_all,48.0,2m_temperature,synoptic,0.02558967357565761
sfno,mag_0.01_layer_all,72.0,2m_temperature,synoptic,0.021621467314190117
sfno,mag_0.01_layer_all,96.0,2m_temperature,synoptic,0.017972571334969458
sfno,mag_0.01_layer_all,120.0,2m_temperature,synoptic,0.027606465225842505
sfno,mag_0.01_layer_all,144.0,2m_temperature,synoptic,0.026717822628353052
sfno,mag_0.01_layer_all,168.0,2m_temperature,synoptic,0.027830221474541537
sfno,mag_0.01_layer_all,192.0,2m_temperature,synoptic,0.02663665602013158
sfno,mag_0.01_layer_all,216.0,2m_temperature,synoptic,0.031539576117288894
sfno,mag_0.01_layer_all,240.0,2m_temperature,synoptic,0.03024607428528007
sfno,mag_0.01_layer_all,0.0,2m_temperature,upper_mesoscale,2.6019300578485056e-06
sfno,mag_0.01_layer_all,24.0,2m_temperature,upper_mesoscale,0.07371162327218668
sfno,mag_0.01_layer_all,48.0,2m_temperature,upper_mesoscale,0.06945782638277036
sfno,mag_0.01_layer_all,72.0,2m_temperature,upper_mesoscale,0.06390032479563097
sfno,mag_0.01_layer_all,96.0,2m_temperature,upper_mesoscale,0.061771058249577265
sfno,mag_0.01_layer_all,120.0,2m_temperature,upper_mesoscale,0.06305349831200491
sfno,mag_0.01_layer_all,144.0,2m_temperature,upper_mesoscale,0.06207929169375162
sfno,mag_0.01_layer_all,168.0,2m_temperature,upper_mesoscale,0.06381808890521007
sfno,mag_0.01_layer_all,192.0,2m_temperature,upper_mesoscale,0.05737243426806601
sfno,mag_0.01_layer_all,216.0,2m_temperature,upper_mesoscale,0.05532701535777643
sfno,mag_0.01_layer_all,240.0,2m_temperature,upper_mesoscale,0.057911353859671756
sfno,mag_0.01_layer_all,0.0,2m_temperature,lower_mesoscale,2.060639519942131e-05
sfno,mag_0.01_layer_all,24.0,2m_temperature,lower_mesoscale,0.3108926027092314
sfno,mag_0.01_layer_all,48.0,2m_temperature,lower_mesoscale,0.3117990641276496
sfno,mag_0.01_layer_all,72.0,2m_temperature,lower_mesoscale,0.304759709229887
sfno,mag_0.01_layer_all,96.0,2m_temperature,lower_mesoscale,0.3082526068066608
sfno,mag_0.01_layer_all,120.0,2m_temperature,lower_mesoscale,0.311308798362534
sfno,mag_0.01_layer_all,144.0,2m_temperature,lower_mesoscale,0.316064160544173
sfno,mag_0.01_layer_all,168.0,2m_temperature,lower_mesoscale,0.32046738438727257
sfno,mag_0.01_layer_all,192.0,2m_temperature,lower_mesoscale,0.3083325220587327
sfno,mag_0.01_layer_all,216.0,2m_temperature,lower_mesoscale,0.30511472655240457
sfno,mag_0.01_layer_all,240.0,2m_temperature,lower_mesoscale,0.3003296490236498
sfno,mag_0.03_layer_all,0.0,2m_temperature,planetary,1.7936783000053142e-07
sfno,mag_0.03_layer_all,24.0,2m_temperature,planetary,0.01723664459057514
sfno,mag_0.03_layer_all,48.0,2m_temperature,planetary,0.026148689725993712
sfno,mag_0.03_layer_all,72.0,2m_temperature,planetary,0.042335121544085
sfno,mag_0.03_layer_all,96.0,2m_temperature,planetary,0.051482534459808216
sfno,mag_0.03_layer_all,120.0,2m_temperature,planetary,0.04155390684658089
sfno,mag_0.03_layer_all,144.0,2m_temperature,planetary,0.05151771431291719
sfno,mag_0.03_layer_all,168.0,2m_temperature,planetary,0.0634781607513605
sfno,mag_0.03_layer_all,192.0,2m_temperature,planetary,0.05727380656134455
sfno,mag_0.03_layer_all,216.0,2m_temperature,planetary,0.07206065404921143
sfno,mag_0.03_layer_all,240.0,2m_temperature,planetary,0.08496141343734975
sfno,mag_0.03_layer_all,0.0,2m_temperature,synoptic,5.343814686141823e-07
sfno,mag_0.03_layer_all,24.0,2m_temperature,synoptic,0.026975109022964478
sfno,mag_0.03_layer_all,48.0,2m_temperature,synoptic,0.022004983436048498
sfno,mag_0.03_layer_all,72.0,2m_temperature,synoptic,0.019368383747434232
sfno,mag_0.03_layer_all,96.0,2m_temperature,synoptic,0.026710044556155745
sfno,mag_0.03_layer_all,120.0,2m_temperature,synoptic,0.024618980513548383
sfno,mag_0.03_layer_all,144.0,2m_temperature,synoptic,0.028433892344346835
sfno,mag_0.03_layer_all,168.0,2m_temperature,synoptic,0.026414091608408904
sfno,mag_0.03_layer_all,192.0,2m_temperature,synoptic,0.024858026005009404
sfno,mag_0.03_layer_all,216.0,2m_temperature,synoptic,0.020161555634973485
sfno,mag_0.03_layer_all,240.0,2m_temperature,synoptic,0.03377073285019553
sfno,mag_0.03_layer_all,0.0,2m_temperature,upper_mesoscale,2.6019300578485056e-06
sfno,mag_0.03_layer_all,24.0,2m_temperature,upper_mesoscale,0.0674590717720519
sfno,mag_0.03_layer_all,48.0,2m_temperature,upper_mesoscale,0.06054377887497369
sfno,mag_0.03_layer_all,72.0,2m_temperature,upper_mesoscale,0.05359092035257574
sfno,mag_0.03_layer_all,96.0,2m_temperature,upper_mesoscale,0.047875824678550054
sfno,mag_0.03_layer_all,120.0,2m_temperature,upper_mesoscale,0.04728387357062965
sfno,mag_0.03_layer_all,144.0,2m_temperature,upper_mesoscale,0.044436001768100926
sfno,mag_0.03_layer_all,168.0,2m_temperature,upper_mesoscale,0.04432644670108616
sfno,mag_0.03_layer_all,192.0,2m_temperature,upper_mesoscale,0.040792206916370255
sfno,mag_0.03_layer_all,216.0,2m_temperature,upper_mesoscale,0.037923688025486624
sfno,mag_0.03_layer_all,240.0,2m_temperature,upper_mesoscale,0.0418470667537418
sfno,mag_0.03_layer_all,0.0,2m_temperature,lower_mesoscale,2.060639519942131e-05
sfno,mag_0.03_layer_all,24.0,2m_temperature,lower_mesoscale,0.3038235387129828
sfno,mag_0.03_layer_all,48.0,2m_temperature,lower_mesoscale,0.30114147670278285
sfno,mag_0.03_layer_all,72.0,2m_temperature,lower_mesoscale,0.29138156245638885
sfno,mag_0.03_layer_all,96.0,2m_temperature,lower_mesoscale,0.29335131059244135
sfno,mag_0.03_layer_all,120.0,2m_temperature,lower_mesoscale,0.29720580991266266
sfno,mag_0.03_layer_all,144.0,2m_temperature,lower_mesoscale,0.3011949835832942
sfno,mag_0.03_layer_all,168.0,2m_temperature,lower_mesoscale,0.3040350289652338
sfno,mag_0.03_layer_all,192.0,2m_temperature,lower_mesoscale,0.29294862998998195
sfno,mag_0.03_layer_all,216.0,2m_temperature,lower_mesoscale,0.2904523881408433
sfno,mag_0.03_layer_all,240.0,2m_temperature,lower_mesoscale,0.288018571336095
sfno,mag_0.1_layer_all,0.0,2m_temperature,planetary,1.7936783000053142e-07
sfno,mag_0.1_layer_all,24.0,2m_temperature,planetary,0.035884913763690074
sfno,mag_0.1_layer_all,48.0,2m_temperature,planetary,0.11926675608147219
sfno,mag_0.1_layer_all,72.0,2m_temperature,planetary,0.2050137383565828
sfno,mag_0.1_layer_all,96.0,2m_temperature,planetary,0.31089909893922335
sfno,mag_0.1_layer_all,120.0,2m_temperature,planetary,0.4730791014049735
sfno,mag_0.1_layer_all,144.0,2m_temperature,planetary,0.688203512712858
sfno,mag_0.1_layer_all,168.0,2m_temperature,planetary,0.894018180418399
sfno,mag_0.1_layer_all,192.0,2m_temperature,planetary,1.071074630848479
sfno,mag_0.1_layer_all,216.0,2m_temperature,planetary,1.2814510530669139
sfno,mag_0.1_layer_all,240.0,2m_temperature,planetary,1.5534563820059841
sfno,mag_0.1_layer_all,0.0,2m_temperature,synoptic,5.343814686141823e-07
sfno,mag_0.1_layer_all,24.0,2m_temperature,synoptic,0.026816795212734244
sfno,mag_0.1_layer_all,48.0,2m_temperature,synoptic,0.0955803953884029
sfno,mag_0.1_layer_all,72.0,2m_temperature,synoptic,0.22521771021491982
sfno,mag_0.1_layer_all,96.0,2m_temperature,synoptic,0.39015634133231414
sfno,mag_0.1_layer_all,120.0,2m_temperature,synoptic,0.5983581595183627
sfno,mag_0.1_layer_all,144.0,2m_temperature,synoptic,0.825124875752908
sfno,mag_0.1_layer_all,168.0,2m_temperature,synoptic,1.0011056759015635
sfno,mag_0.1_layer_all,192.0,2m_temperature,synoptic,1.1626474779280422
sfno,mag_0.1_layer_all,216.0,2m_temperature,synoptic,1.31127879793148
sfno,mag_0.1_layer_all,240.0,2m_temperature,synoptic,1.478516447077533
sfno,mag_0.1_layer_all,0.0,2m_temperature,upper_mesoscale,2.6019300578485056e-06
sfno,mag_0.1_layer_all,24.0,2m_temperature,upper_mesoscale,0.03205020375051766
sfno,mag_0.1_layer_all,48.0,2m_temperature,upper_mesoscale,0.0472312125183521
sfno,mag_0.1_layer_all,72.0,2m_temperature,upper_mesoscale,0.15560369352001954
sfno,mag_0.1_layer_all,96.0,2m_temperature,upper_mesoscale,0.31619199442902507
sfno,mag_0.1_layer_all,120.0,2m_temperature,upper_mesoscale,0.5633106344111712
sfno,mag_0.1_layer_all,144.0,2m_temperature,upper_mesoscale,0.7113227617380949
sfno,mag_0.1_layer_all,168.0,2m_temperature,upper_mesoscale,0.8428284589821072
sfno,mag_0.1_layer_all,192.0,2m_temperature,upper_mesoscale,1.0043938568837931
sfno,mag_0.1_layer_all,216.0,2m_temperature,upper_mesoscale,1.1328397361765525
sfno,mag_0.1_layer_all,240.0,2m_temperature,upper_mesoscale,1.259439360472356
sfno,mag_0.1_layer_all,0.0,2m_temperature,lower_mesoscale,2.060639519942131e-05
sfno,mag_0.1_layer_all,24.0,2m_temperature,lower_mesoscale,0.26295970737035335
sfno,mag_0.1_layer_all,48.0,2m_temperature,lower_mesoscale,0.22249692671974966
sfno,mag_0.1_layer_all,72.0,2m_temperature,lower_mesoscale,0.1729791468314478
sfno,mag_0.1_layer_all,96.0,2m_temperature,lower_mesoscale,0.16430543706525041
sfno,mag_0.1_layer_all,120.0,2m_temperature,lower_mesoscale,0.25114083949190286
sfno,mag_0.1_layer_all,144.0,2m_temperature,lower_mesoscale,0.31754005699336657
sfno,mag_0.1_layer_all,168.0,2m_temperature,lower_mesoscale,0.43255606920385636
sfno,mag_0.1_layer_all,192.0,2m_temperature,lower_mesoscale,0.5943085975273109
sfno,mag_0.1_layer_all,216.0,2m_temperature,lower_mesoscale,0.7209486400482535
sfno,mag_0.1_layer_all,240.0,2m_temperature,lower_mesoscale,0.9049366726135875
aifs,mag_0_layer_all,0.0,2m_temperature,planetary,7.706212851166152e-08
aifs,mag_0_layer_all,24.0,2m_temperature,planetary,0.011817148336325446
aifs,mag_0_layer_all,48.0,2m_temperature,planetary,0.01492870152507128
aifs,mag_0_layer_all,72.0,2m_temperature,planetary,0.023119729856098566
aifs,mag_0_layer_all,96.0,2m_temperature,planetary,0.022126151204666114
aifs,mag_0_layer_all,120.0,2m_temperature,planetary,0.02463109757751685
aifs,mag_0_layer_all,144.0,2m_temperature,planetary,0.03030567286507146
aifs,mag_0_layer_all,168.0,2m_temperature,planetary,0.032574895991688654
aifs,mag_0_layer_all,192.0,2m_temperature,planetary,0.0408700943553206
aifs,mag_0_layer_all,216.0,2m_temperature,planetary,0.037401240311581326
aifs,mag_0_layer_all,240.0,2m_temperature,planetary,0.044626506973724465
aifs,mag_0_layer_all,0.0,2m_temperature,synoptic,5.532529042952154e-07
aifs,mag_0_layer_all,24.0,2m_temperature,synoptic,0.04793616792169764
aifs,mag_0_layer_all,48.0,2m_temperature,synoptic,0.05123754433750904
aifs,mag_0_layer_all,72.0,2m_temperature,synoptic,0.054232628931507584
aifs,mag_0_layer_all,96.0,2m_temperature,synoptic,0.04860121896893108
aifs,mag_0_layer_all,120.0,2m_temperature,synoptic,0.04909407973452426
aifs,mag_0_layer_all,144.0,2m_temperature,synoptic,0.05730975433856934
aifs,mag_0_layer_all,168.0,2m_temperature,synoptic,0.06147709525260887
aifs,mag_0_layer_all,192.0,2m_temperature,synoptic,0.06772283414113332
aifs,mag_0_layer_all,216.0,2m_temperature,synoptic,0.0691648674870374
aifs,mag_0_layer_all,240.0,2m_temperature,synoptic,0.0697235184251519
aifs,mag_0_layer_all,0.0,2m_temperature,upper_mesoscale,2.8352763928108546e-06
aifs,mag_0_layer_all,24.0,2m_temperature,upper_mesoscale,0.12285532795235254
aifs,mag_0_layer_all,48.0,2m_temperature,upper_mesoscale,0.1371087124005143
aifs,mag_0_layer_all,72.0,2m_temperature,upper_mesoscale,0.13892165565338915
aifs,mag_0_layer_all,96.0,2m_temperature,upper_mesoscale,0.1382055286349716
aifs,mag_0_layer_all,120.0,2m_temperature,upper_mesoscale,0.1394986419917916
aifs,mag_0_layer_all,144.0,2m_temperature,upper_mesoscale,0.13485364782387932
aifs,mag_0_layer_all,168.0,2m_temperature,upper_mesoscale,0.13574874305577492
aifs,mag_0_layer_all,192.0,2m_temperature,upper_mesoscale,0.13822554272649257
aifs,mag_0_layer_all,216.0,2m_temperature,upper_mesoscale,0.13637312086327524
aifs,mag_0_layer_all,240.0,2m_temperature,upper_mesoscale,0.14172311208382296
aifs,mag_0_layer_all,0.0,2m_temperature,lower_mesoscale,2.5216423857378602e-05
aifs,mag_0_layer_all,24.0,2m_temperature,lower_mesoscale,0.36321033542917425
aifs,mag_0_layer_all,48.0,2m_temperature,lower_mesoscale,0.36834206054421825
aifs,mag_0_layer_all,72.0,2m_temperature,lower_mesoscale,0.35960413560064663
aifs,mag_0_layer_all,96.0,2m_temperature,lower_mesoscale,0.3574321464992988
aifs,mag_0_layer_all,120.0,2m_temperature,lower_mesoscale,0.35794374184126115
aifs,mag_0_layer_all,144.0,2m_temperature,lower_mesoscale,0.3603011703214335
aifs,mag_0_layer_all,168.0,2m_temperature,lower_mesoscale,0.3587335301564959
aifs,mag_0_layer_all,192.0,2m_temperature,lower_mesoscale,0.348502529603433
aifs,mag_0_layer_all,216.0,2m_temperature,lower_mesoscale,0.3434680032100914
aifs,mag_0_layer_all,240.0,2m_temperature,lower_mesoscale,0.33860448313951025
aifs,mag_0.003_layer_all,0.0,2m_temperature,planetary,7.706212833975515e-08
aifs,mag_0.003_layer_all,24.0,2m_temperature,planetary,0.011561533866117447
aifs,mag_0.003_layer_all,48.0,2m_temperature,planetary,0.014791473956733725
aifs,mag_0.003_layer_all,72.0,2m_temperature,planetary,0.023227362135173204
aifs,mag_0.003_layer_all,96.0,2m_temperature,planetary,0.022553026272266866
aifs,mag_0.003_layer_all,120.0,2m_temperature,planetary,0.025437529345623128
aifs,mag_0.003_layer_all,144.0,2m_temperature,planetary,0.031473722424583225
aifs,mag_0.003_layer_all,168.0,2m_temperature,planetary,0.03247460902588101
aifs,mag_0.003_layer_all,192.0,2m_temperature,planetary,0.03747257704290931
aifs,mag_0.003_layer_all,216.0,2m_temperature,planetary,0.033508280386523516
aifs,mag_0.003_layer_all,240.0,2m_temperature,planetary,0.045431284378841814
aifs,mag_0.003_layer_all,0.0,2m_temperature,synoptic,5.532529042474652e-07
aifs,mag_0.003_layer_all,24.0,2m_temperature,synoptic,0.04801543689898425
aifs,mag_0.003_layer_all,48.0,2m_temperature,synoptic,0.051365084654418545
aifs,mag_0.003_layer_all,72.0,2m_temperature,synoptic,0.05437725230081046
aifs,mag_0.003_layer_all,96.0,2m_temperature,synoptic,0.04887605906129742
aifs,mag_0.003_layer_all,120.0,2m_temperature,synoptic,0.04962488557862453
aifs,mag_0.003_layer_all,144.0,2m_temperature,synoptic,0.05724145169418414
aifs,mag_0.003_layer_all,168.0,2m_temperature,synoptic,0.062272443514142975
aifs,mag_0.003_layer_all,192.0,2m_temperature,synoptic,0.06724736780964512
aifs,mag_0.003_layer_all,216.0,2m_temperature,synoptic,0.06847818277929314
aifs,mag_0.003_layer_all,240.0,2m_temperature,synoptic,0.06748593586109508
aifs,mag_0.003_layer_all,0.0,2m_temperature,upper_mesoscale,2.835276392809037e-06
aifs,mag_0.003_layer_all,24.0,2m_temperature,upper_mesoscale,0.12263415862957001
aifs,mag_0.003_layer_all,48.0,2m_temperature,upper_mesoscale,0.13647968369249103
aifs,mag_0.003_layer_all,72.0,2m_temperature,upper_mesoscale,0.13826503862398837
aifs,mag_0.003_layer_all,96.0,2m_temperature,upper_mesoscale,0.13738289100371046
aifs,mag_0.003_layer_all,120.0,2m_temperature,upper_mesoscale,0.13893705054610092
aifs,mag_0.003_layer_all,144.0,2m_temperature,upper_mesoscale,0.13463305864971026
aifs,mag_0.003_layer_all,168.0,2m_temperature,upper_mesoscale,0.13524799847827756
aifs,mag_0.003_layer_all,192.0,2m_temperature,upper_mesoscale,0.13706800694930008
aifs,mag_0.003_layer_all,216.0,2m_temperature,upper_mesoscale,0.13468259291704715
aifs,mag_0.003_layer_all,240.0,2m_temperature,upper_mesoscale,0.1419008932947217
aifs,mag_0.003_layer_all,0.0,2m_temperature,lower_mesoscale,2.521642385737831e-05
aifs,mag_0.003_layer_all,24.0,2m_temperature,lower_mesoscale,0.36330832016097475
aifs,mag_0.003_layer_all,48.0,2m_temperature,lower_mesoscale,0.3681413133048744
aifs,mag_0.003_layer_all,72.0,2m_temperature,lower_mesoscale,0.35935539587680526
aifs,mag_0.003_layer_all,96.0,2m_temperature,lower_mesoscale,0.357242839344711
aifs,mag_0.003_layer_all,120.0,2m_temperature,lower_mesoscale,0.35777845301605005
aifs,mag_0.003_layer_all,144.0,2m_temperature,lower_mesoscale,0.3602451269203121
aifs,mag_0.003_layer_all,168.0,2m_temperature,lower_mesoscale,0.3585034077301693
aifs,mag_0.003_layer_all,192.0,2m_temperature,lower_mesoscale,0.34826724782160884
aifs,mag_0.003_layer_all,216.0,2m_temperature,lower_mesoscale,0.3431017904983745
aifs,mag_0.003_layer_all,240.0,2m_temperature,lower_mesoscale,0.33899643260008366
aifs,mag_0.01_layer_all,0.0,2m_temperature,planetary,7.706212833975515e-08
aifs,mag_0.01_layer_all,24.0,2m_temperature,planetary,0.010954731764298306
aifs,mag_0.01_layer_all,48.0,2m_temperature,planetary,0.013887087843476484
aifs,mag_0.01_layer_all,72.0,2m_temperature,planetary,0.02276173247403195
aifs,mag_0.01_layer_all,96.0,2m_temperature,planetary,0.02248794478385209
aifs,mag_0.01_layer_all,120.0,2m_temperature,planetary,0.025975473426789696
aifs,mag_0.01_layer_all,144.0,2m_temperature,planetary,0.030844059116828478
aifs,mag_0.01_layer_all,168.0,2m_temperature,planetary,0.02974282593473269
aifs,mag_0.01_layer_all,192.0,2m_temperature,planetary,0.03136218489960052
aifs,mag_0.01_layer_all,216.0,2m_temperature,planetary,0.02442815792642589
aifs,mag_0.01_layer_all,240.0,2m_temperature,planetary,0.04203812591133141
aifs,mag_0.01_layer_all,0.0,2m_temperature,synoptic,5.532529042474652e-07
aifs,mag_0.01_layer_all,24.0,2m_temperature,synoptic,0.04769628081026659
aifs,mag_0.01_layer_all,48.0,2m_temperature,synoptic,0.05055663321564897
aifs,mag_0.01_layer_all,72.0,2m_temperature,synoptic,0.05234837842857385
aifs,mag_0.01_layer_all,96.0,2m_temperature,synoptic,0.046864545811601904
aifs,mag_0.01_layer_all,120.0,2m_temperature,synoptic,0.04749211980640894
aifs,mag_0.01_layer_all,144.0,2m_temperature,synoptic,0.05305292317491191
aifs,mag_0.01_layer_all,168.0,2m_temperature,synoptic,0.060530412509849134
aifs,mag_0.01_layer_all,192.0,2m_temperature,synoptic,0.06559405290610741
aifs,mag_0.01_layer_all,216.0,2m_temperature,synoptic,0.06704093975889534
aifs,mag_0.01_layer_all,240.0,2m_temperature,synoptic,0.0636618789333577
aifs,mag_0.01_layer_all,0.0,2m_temperature,upper_mesoscale,2.835276392809037e-06
aifs,mag_0.01_layer_all,24.0,2m_temperature,upper_mesoscale,0.11908123689756635
aifs,mag_0.01_layer_all,48.0,2m_temperature,upper_mesoscale,0.12909577697627383
aifs,mag_0.01_layer_all,72.0,2m_temperature,upper_mesoscale,0.128976040908046
aifs,mag_0.01_layer_all,96.0,2m_temperature,upper_mesoscale,0.12646353449906692
aifs,mag_0.01_layer_all,120.0,2m_temperature,upper_mesoscale,0.12810104755885127
aifs,mag_0.01_layer_all,144.0,2m_temperature,upper_mesoscale,0.12430339805977787
aifs,mag_0.01_layer_all,168.0,2m_temperature,upper_mesoscale,0.1255519264752895
aifs,mag_0.01_layer_all,192.0,2m_temperature,upper_mesoscale,0.12642347715037208
aifs,mag_0.01_layer_all,216.0,2m_temperature,upper_mesoscale,0.12402489788960687
aifs,mag_0.01_layer_all,240.0,2m_temperature,upper_mesoscale,0.13066730768237386
aifs,mag_0.01_layer_all,0.0,2m_temperature,lower_mesoscale,2.521642385737831e-05
aifs,mag_0.01_layer_all,24.0,2m_temperature,lower_mesoscale,0.36143040362984813
aifs,mag_0.01_layer_all,48.0,2m_temperature,lower_mesoscale,0.36307206370022505
aifs,mag_0.01_layer_all,72.0,2m_temperature,lower_mesoscale,0.35310079213986334
aifs,mag_0.01_layer_all,96.0,2m_temperature,lower_mesoscale,0.3497144295175308
aifs,mag_0.01_layer_all,120.0,2m_temperature,lower_mesoscale,0.3499096049521427
aifs,mag_0.01_layer_all,144.0,2m_temperature,lower_mesoscale,0.3515610395207729
aifs,mag_0.01_layer_all,168.0,2m_temperature,lower_mesoscale,0.34997026467835246
aifs,mag_0.01_layer_all,192.0,2m_temperature,lower_mesoscale,0.3395906749026397
aifs,mag_0.01_layer_all,216.0,2m_temperature,lower_mesoscale,0.33458491477055424
aifs,mag_0.01_layer_all,240.0,2m_temperature,lower_mesoscale,0.3301754833405004
aifs,mag_0.03_layer_all,0.0,2m_temperature,planetary,7.706212833975515e-08
aifs,mag_0.03_layer_all,24.0,2m_temperature,planetary,0.008657168862928253
aifs,mag_0.03_layer_all,48.0,2m_temperature,planetary,0.009523332654166806
aifs,mag_0.03_layer_all,72.0,2m_temperature,planetary,0.016089809368444178
aifs,mag_0.03_layer_all,96.0,2m_temperature,planetary,0.022310565267529642
aifs,mag_0.03_layer_all,120.0,2m_temperature,planetary,0.03710221903635348
aifs,mag_0.03_layer_all,144.0,2m_temperature,planetary,0.03631248868482291
aifs,mag_0.03_layer_all,168.0,2m_temperature,planetary,0.03864630548522501
aifs,mag_0.03_layer_all,192.0,2m_temperature,planetary,0.038391607721435024
aifs,mag_0.03_layer_all,216.0,2m_temperature,planetary,0.04564811798804219
aifs,mag_0.03_layer_all,240.0,2m_temperature,planetary,0.05350963987798985
aifs,mag_0.03_layer_all,0.0,2m_temperature,synoptic,5.532529042474652e-07
aifs,mag_0.03_layer_all,24.0,2m_temperature,synoptic,0.04393575186746702
aifs,mag_0.03_layer_all,48.0,2m_temperature,synoptic,0.04095336801539472
aifs,mag_0.03_layer_all,72.0,2m_temperature,synoptic,0.035850783309274936
aifs,mag_0.03_layer_all,96.0,2m_temperature,synoptic,0.03164192463757257
aifs,mag_0.03_layer_all,120.0,2m_temperature,synoptic,0.033777688566680744
aifs,mag_0.03_layer_all,144.0,2m_temperature,synoptic,0.03216482568993982
aifs,mag_0.03_layer_all,168.0,2m_temperature,synoptic,0.044065228815541556
aifs,mag_0.03_layer_all,192.0,2m_temperature,synoptic,0.048846321333834875
aifs,mag_0.03_layer_all,216.0,2m_temperature,synoptic,0.049348410561559926
aifs,mag_0.03_layer_all,240.0,2m_temperature,synoptic,0.04779838335786321
aifs,mag_0.03_layer_all,0.0,2m_temperature,upper_mesoscale,2.835276392809037e-06
aifs,mag_0.03_layer_all,24.0,2m_temperature,upper_mesoscale,0.09498055802722788
aifs,mag_0.03_layer_all,48.0,2m_temperature,upper_mesoscale,0.07674051042131984
aifs,mag_0.03_layer_all,72.0,2m_temperature,upper_mesoscale,0.059811409908513295
aifs,mag_0.03_layer_all,96.0,2m_temperature,upper_mesoscale,0.04766868669112864
aifs,mag_0.03_layer_all,120.0,2m_temperature,upper_mesoscale,0.0419144390784277
aifs,mag_0.03_layer_all,144.0,2m_temperature,upper_mesoscale,0.0375037367295758
aifs,mag_0.03_layer_all,168.0,2m_temperature,upper_mesoscale,0.03974185559841718
aifs,mag_0.03_layer_all,192.0,2m_temperature,upper_mesoscale,0.03962249697022081
aifs,mag_0.03_layer_all,216.0,2m_temperature,upper_mesoscale,0.03406477845020628
aifs,mag_0.03_layer_all,240.0,2m_temperature,upper_mesoscale,0.036764422472904505
aifs,mag_0.03_layer_all,0.0,2m_temperature,lower_mesoscale,2.521642385737831e-05
aifs,mag_0.03_layer_all,24.0,2m_temperature,lower_mesoscale,0.3451923022510839
aifs,mag_0.03_layer_all,48.0,2m_temperature,lower_mesoscale,0.32321169479759415
aifs,mag_0.03_layer_all,72.0,2m_temperature,lower_mesoscale,0.29728458798330704
aifs,mag_0.03_layer_all,96.0,2m_temperature,lower_mesoscale,0.28349796490049023
aifs,mag_0.03_layer_all,120.0,2m_temperature,lower_mesoscale,0.27639431485455124
aifs,mag_0.03_layer_all,144.0,2m_temperature,lower_mesoscale,0.27134239392803
aifs,mag_0.03_layer_all,168.0,2m_temperature,lower_mesoscale,0.2672698442198787
aifs,mag_0.03_layer_all,192.0,2m_temperature,lower_mesoscale,0.25152111175101816
aifs,mag_0.03_layer_all,216.0,2m_temperature,lower_mesoscale,0.2447031698318761
aifs,mag_0.03_layer_all,240.0,2m_temperature,lower_mesoscale,0.23988103248923603
