backbone,model,lead_time_hours,variable,band,LSD
aurora,mag_0_layer_all,0.0,u_component_of_wind@500hPa,planetary,1.0860815077094242e-07
aurora,mag_0_layer_all,24.0,u_component_of_wind@500hPa,planetary,0.015012036755115197
aurora,mag_0_layer_all,48.0,u_component_of_wind@500hPa,planetary,0.020103509071983508
aurora,mag_0_layer_all,72.0,u_component_of_wind@500hPa,planetary,0.02717906056837778
aurora,mag_0_layer_all,96.0,u_component_of_wind@500hPa,planetary,0.044091085209999895
aurora,mag_0_layer_all,120.0,u_component_of_wind@500hPa,planetary,0.04384355915642867
aurora,mag_0_layer_all,144.0,u_component_of_wind@500hPa,planetary,0.03670181925764898
aurora,mag_0_layer_all,168.0,u_component_of_wind@500hPa,planetary,0.046149148785288675
aurora,mag_0_layer_all,192.0,u_component_of_wind@500hPa,planetary,0.06388097854947114
aurora,mag_0_layer_all,216.0,u_component_of_wind@500hPa,planetary,0.07459550705530602
aurora,mag_0_layer_all,240.0,u_component_of_wind@500hPa,planetary,0.09014592315404878
aurora,mag_0_layer_all,0.0,u_component_of_wind@500hPa,synoptic,5.888470384765441e-07
aurora,mag_0_layer_all,24.0,u_component_of_wind@500hPa,synoptic,0.10082414724710716
aurora,mag_0_layer_all,48.0,u_component_of_wind@500hPa,synoptic,0.12405327912987552
aurora,mag_0_layer_all,72.0,u_component_of_wind@500hPa,synoptic,0.132632823024735
aurora,mag_0_layer_all,96.0,u_component_of_wind@500hPa,synoptic,0.1473346286001755
aurora,mag_0_layer_all,120.0,u_component_of_wind@500hPa,synoptic,0.1429548924135137
aurora,mag_0_layer_all,144.0,u_component_of_wind@500hPa,synoptic,0.1428312413440294
aurora,mag_0_layer_all,168.0,u_component_of_wind@500hPa,synoptic,0.13714586070529614
aurora,mag_0_layer_all,192.0,u_component_of_wind@500hPa,synoptic,0.13447645704569883
aurora,mag_0_layer_all,216.0,u_component_of_wind@500hPa,synoptic,0.11906723690527155
aurora,mag_0_layer_all,240.0,u_component_of_wind@500hPa,synoptic,0.13464712290814598
aurora,mag_0_layer_all,0.0,u_component_of_wind@500hPa,upper_mesoscale,3.149813019746916e-06
aurora,mag_0_layer_all,24.0,u_component_of_wind@500hPa,upper_mesoscale,0.4819389135808746
aurora,mag_0_layer_all,48.0,u_component_of_wind@500hPa,upper_mesoscale,0.4691191450235812
aurora,mag_0_layer_all,72.0,u_component_of_wind@500hPa,upper_mesoscale,0.4793150534538108
aurora,mag_0_layer_all,96.0,u_component_of_wind@500hPa,upper_mesoscale,0.501144926149445
aurora,mag_0_layer_all,120.0,u_component_of_wind@500hPa,upper_mesoscale,0.4886228945763136
aurora,mag_0_layer_all,144.0,u_component_of_wind@500hPa,upper_mesoscale,0.48873879967350553
aurora,mag_0_layer_all,168.0,u_component_of_wind@500hPa,upper_mesoscale,0.4945128964622604
aurora,mag_0_layer_all,192.0,u_component_of_wind@500hPa,upper_mesoscale,0.5013590549314978
aurora,mag_0_layer_all,216.0,u_component_of_wind@500hPa,upper_mesoscale,0.4817917417215869
aurora,mag_0_layer_all,240.0,u_component_of_wind@500hPa,upper_mesoscale,0.5032541877426006
aurora,mag_0_layer_all,0.0,u_component_of_wind@500hPa,lower_mesoscale,0.03340038136104941
aurora,mag_0_layer_all,24.0,u_component_of_wind@500hPa,lower_mesoscale,1.5487147822468545
aurora,mag_0_layer_all,48.0,u_component_of_wind@500hPa,lower_mesoscale,1.5512590144065126
aurora,mag_0_layer_all,72.0,u_component_of_wind@500hPa,lower_mesoscale,1.5504981265399675
aurora,mag_0_layer_all,96.0,u_component_of_wind@500hPa,lower_mesoscale,1.5367724171422232
aurora,mag_0_layer_all,120.0,u_component_of_wind@500hPa,lower_mesoscale,1.5423806033041818
aurora,mag_0_layer_all,144.0,u_component_of_wind@500hPa,lower_mesoscale,1.5318798890897378
aurora,mag_0_layer_all,168.0,u_component_of_wind@500hPa,lower_mesoscale,1.5469441358030993
aurora,mag_0_layer_all,192.0,u_component_of_wind@500hPa,lower_mesoscale,1.5478798436199144
aurora,mag_0_layer_all,216.0,u_component_of_wind@500hPa,lower_mesoscale,1.5349924231580014
aurora,mag_0_layer_all,240.0,u_component_of_wind@500hPa,lower_mesoscale,1.5320365442096768
aurora,mag_0.001_layer_all,0.0,u_component_of_wind@500hPa,planetary,1.0860815068300439e-07
aurora,mag_0.001_layer_all,24.0,u_component_of_wind@500hPa,planetary,0.015054922731103147
aurora,mag_0.001_layer_all,48.0,u_component_of_wind@500hPa,planetary,0.0201651327038608
aurora,mag_0.001_layer_all,72.0,u_component_of_wind@500hPa,planetary,0.02710363454171881
aurora,mag_0.001_layer_all,96.0,u_component_of_wind@500hPa,planetary,0.04405808919504467
aurora,mag_0.001_layer_all,120.0,u_component_of_wind@500hPa,planetary,0.04392588281609548
aurora,mag_0.001_layer_all,144.0,u_component_of_wind@500hPa,planetary,0.03679593697145814
aurora,mag_0.001_layer_all,168.0,u_component_of_wind@500hPa,planetary,0.0468270760921646
aurora,mag_0.001_layer_all,192.0,u_component_of_wind@500hPa,planetary,0.06361954867279336
aurora,mag_0.001_layer_all,216.0,u_component_of_wind@500hPa,planetary,0.07746806331949964
aurora,mag_0.001_layer_all,240.0,u_component_of_wind@500hPa,planetary,0.09183196560260219
aurora,mag_0.001_layer_all,0.0,u_component_of_wind@500hPa,synoptic,5.888470384765441e-07
aurora,mag_0.001_layer_all,24.0,u_component_of_wind@500hPa,synoptic,0.10060739011779084
aurora,mag_0.001_layer_all,48.0,u_component_of_wind@500hPa,synoptic,0.12391043204426984
aurora,mag_0.001_layer_all,72.0,u_component_of_wind@500hPa,synoptic,0.13236585081981075
aurora,mag_0.001_layer_all,96.0,u_component_of_wind@500hPa,synoptic,0.1466536806046646
aurora,mag_0.001_layer_all,120.0,u_component_of_wind@500hPa,synoptic,0.14286536016681003
aurora,mag_0.001_layer_all,144.0,u_component_of_wind@500hPa,synoptic,0.1411551951452021
aurora,mag_0.001_layer_all,168.0,u_component_of_wind@500hPa,synoptic,0.13851946638793056
aurora,mag_0.001_layer_all,192.0,u_component_of_wind@500hPa,synoptic,0.1315190530534776
aurora,mag_0.001_layer_all,216.0,u_component_of_wind@500hPa,synoptic,0.1188725842654835
aurora,mag_0.001_layer_all,240.0,u_component_of_wind@500hPa,synoptic,0.13470153480723684
aurora,mag_0.001_layer_all,0.0,u_component_of_wind@500hPa,upper_mesoscale,3.1498130197373246e-06
aurora,mag_0.001_layer_all,24.0,u_component_of_wind@500hPa,upper_mesoscale,0.48180898329455807
aurora,mag_0.001_layer_all,48.0,u_component_of_wind@500hPa,upper_mesoscale,0.4686623350319172
aurora,mag_0.001_layer_all,72.0,u_component_of_wind@500hPa,upper_mesoscale,0.47847932056943393
aurora,mag_0.001_layer_all,96.0,u_component_of_wind@500hPa,upper_mesoscale,0.5006868392381182
aurora,mag_0.001_layer_all,120.0,u_component_of_wind@500hPa,upper_mesoscale,0.4875990805089554
aurora,mag_0.001_layer_all,144.0,u_component_of_wind@500hPa,upper_mesoscale,0.48961638857442596
aurora,mag_0.001_layer_all,168.0,u_component_of_wind@500hPa,upper_mesoscale,0.49325253155227256
aurora,mag_0.001_layer_all,192.0,u_component_of_wind@500hPa,upper_mesoscale,0.49799812537634514
aurora,mag_0.001_layer_all,216.0,u_component_of_wind@500hPa,upper_mesoscale,0.47477277706042853
aurora,mag_0.001_layer_all,240.0,u_component_of_wind@500hPa,upper_mesoscale,0.49935675656790973
aurora,mag_0.001_layer_all,0.0,u_component_of_wind@500hPa,lower_mesoscale,0.03340038136104941
aurora,mag_0.001_layer_all,24.0,u_component_of_wind@500hPa,lower_mesoscale,1.5504579285131967
aurora,mag_0.001_layer_all,48.0,u_component_of_wind@500hPa,lower_mesoscale,1.5530264597214445
aurora,mag_0.001_layer_all,72.0,u_component_of_wind@500hPa,lower_mesoscale,1.5522095119261274
aurora,mag_0.001_layer_all,96.0,u_component_of_wind@500hPa,lower_mesoscale,1.5386031945385994
aurora,mag_0.001_layer_all,120.0,u_component_of_wind@500hPa,lower_mesoscale,1.5439734531791118
aurora,mag_0.001_layer_all,144.0,u_component_of_wind@500hPa,lower_mesoscale,1.5350090836851236
aurora,mag_0.001_layer_all,168.0,u_component_of_wind@500hPa,lower_mesoscale,1.548060670689247
aurora,mag_0.001_layer_all,192.0,u_component_of_wind@500hPa,lower_mesoscale,1.5493698088569787
aurora,mag_0.001_layer_all,216.0,u_component_of_wind@500hPa,lower_mesoscale,1.5358947913047036
aurora,mag_0.001_layer_all,240.0,u_component_of_wind@500hPa,lower_mesoscale,1.531166585324506
aurora,mag_0.003_layer_all,0.0,u_component_of_wind@500hPa,planetary,1.0860815068300439e-07
aurora,mag_0.003_layer_all,24.0,u_component_of_wind@500hPa,planetary,0.015194667432586914
aurora,mag_0.003_layer_all,48.0,u_component_of_wind@500hPa,planetary,0.020422685943284977
aurora,mag_0.003_layer_all,72.0,u_component_of_wind@500hPa,planetary,0.02731259978783231
aurora,mag_0.003_layer_all,96.0,u_component_of_wind@500hPa,planetary,0.04416895247921659
aurora,mag_0.003_layer_all,120.0,u_component_of_wind@500hPa,planetary,0.04467217973619524
aurora,mag_0.003_layer_all,144.0,u_component_of_wind@500hPa,planetary,0.03806482133145995
aurora,mag_0.003_layer_all,168.0,u_component_of_wind@500hPa,planetary,0.04784098663700604
aurora,mag_0.003_layer_all,192.0,u_component_of_wind@500hPa,planetary,0.06189858614750977
aurora,mag_0.003_layer_all,216.0,u_component_of_wind@500hPa,planetary,0.08101474726158192
aurora,mag_0.003_layer_all,240.0,u_component_of_wind@500hPa,planetary,0.08905790452784526
aurora,mag_0.003_layer_all,0.0,u_component_of_wind@500hPa,synoptic,5.888470384765441e-07
aurora,mag_0.003_layer_all,24.0,u_component_of_wind@500hPa,synoptic,0.10013096136907536
aurora,mag_0.003_layer_all,48.0,u_component_of_wind@500hPa,synoptic,0.1234485556008482
aurora,mag_0.003_layer_all,72.0,u_component_of_wind@500hPa,synoptic,0.1316925570422888
aurora,mag_0.003_layer_all,96.0,u_component_of_wind@500hPa,synoptic,0.1460363978037597
aurora,mag_0.003_layer_all,120.0,u_component_of_wind@500hPa,synoptic,0.1426675646651689
aurora,mag_0.003_layer_all,144.0,u_component_of_wind@500hPa,synoptic,0.1371277584059503
aurora,mag_0.003_layer_all,168.0,u_component_of_wind@500hPa,synoptic,0.14016038290374622
aurora,mag_0.003_layer_all,192.0,u_component_of_wind@500hPa,synoptic,0.13287443030094387
aurora,mag_0.003_layer_all,216.0,u_component_of_wind@500hPa,synoptic,0.11270919279885051
aurora,mag_0.003_layer_all,240.0,u_component_of_wind@500hPa,synoptic,0.12943140753272964
aurora,mag_0.003_layer_all,0.0,u_component_of_wind@500hPa,upper_mesoscale,3.1498130197373246e-06
aurora,mag_0.003_layer_all,24.0,u_component_of_wind@500hPa,upper_mesoscale,0.4813549971575548
aurora,mag_0.003_layer_all,48.0,u_component_of_wind@500hPa,upper_mesoscale,0.4681968588530777
aurora,mag_0.003_layer_all,72.0,u_component_of_wind@500hPa,upper_mesoscale,0.4755568368263445
aurora,mag_0.003_layer_all,96.0,u_component_of_wind@500hPa,upper_mesoscale,0.5015558265156529
aurora,mag_0.003_layer_all,120.0,u_component_of_wind@500hPa,upper_mesoscale,0.48651399434800785
aurora,mag_0.003_layer_all,144.0,u_component_of_wind@500hPa,upper_mesoscale,0.49005716846513375
aurora,mag_0.003_layer_all,168.0,u_component_of_wind@500hPa,upper_mesoscale,0.49738818339113183
aurora,mag_0.003_layer_all,192.0,u_component_of_wind@500hPa,upper_mesoscale,0.49230650409254517
aurora,mag_0.003_layer_all,216.0,u_component_of_wind@500hPa,upper_mesoscale,0.4726809817478676
aurora,mag_0.003_layer_all,240.0,u_component_of_wind@500hPa,upper_mesoscale,0.49111412075181404
aurora,mag_0.003_layer_all,0.0,u_component_of_wind@500hPa,lower_mesoscale,0.03340038136104941
aurora,mag_0.003_layer_all,24.0,u_component_of_wind@500hPa,lower_mesoscale,1.559852829906922
aurora,mag_0.003_layer_all,48.0,u_component_of_wind@500hPa,lower_mesoscale,1.5624365788276213
aurora,mag_0.003_layer_all,72.0,u_component_of_wind@500hPa,lower_mesoscale,1.5618143663179997
aurora,mag_0.003_layer_all,96.0,u_component_of_wind@500hPa,lower_mesoscale,1.5483859393453636
aurora,mag_0.003_layer_all,120.0,u_component_of_wind@500hPa,lower_mesoscale,1.5530938486146295
aurora,mag_0.003_layer_all,144.0,u_component_of_wind@500hPa,lower_mesoscale,1.5454461921120441
aurora,mag_0.003_layer_all,168.0,u_component_of_wind@500hPa,lower_mesoscale,1.557454056033514
aurora,mag_0.003_layer_all,192.0,u_component_of_wind@500hPa,lower_mesoscale,1.5585003102695398
aurora,mag_0.003_layer_all,216.0,u_component_of_wind@500hPa,lower_mesoscale,1.5458280587193547
aurora,mag_0.003_layer_all,240.0,u_component_of_wind@500hPa,lower_mesoscale,1.5405095493139414
aurora,mag_0.01_layer_all,0.0,u_component_of_wind@500hPa,planetary,1.0860815068300439e-07
aurora,mag_0.01_layer_all,24.0,u_component_of_wind@500hPa,planetary,0.015904640474506654
aurora,mag_0.01_layer_all,48.0,u_component_of_wind@500hPa,planetary,0.021862785468992483
aurora,mag_0.01_layer_all,72.0,u_component_of_wind@500hPa,planetary,0.02905593089811544
aurora,mag_0.01_layer_all,96.0,u_component_of_wind@500hPa,planetary,0.04620636132090406
aurora,mag_0.01_layer_all,120.0,u_component_of_wind@500hPa,planetary,0.04867711944578608
aurora,mag_0.01_layer_all,144.0,u_component_of_wind@500hPa,planetary,0.04142128726551376
aurora,mag_0.01_layer_all,168.0,u_component_of_wind@500hPa,planetary,0.04956911412168667
aurora,mag_0.01_layer_all,192.0,u_component_of_wind@500hPa,planetary,0.059792050055447174
aurora,mag_0.01_layer_all,216.0,u_component_of_wind@500hPa,planetary,0.05331161098964006
aurora,mag_0.01_layer_all,240.0,u_component_of_wind@500hPa,planetary,0.072428873106892
aurora,mag_0.01_layer_all,0.0,u_component_of_wind@500hPa,synoptic,5.888470384765441e-07
aurora,mag_0.01_layer_all,24.0,u_component_of_wind@500hPa,synoptic,0.09891412397396547
aurora,mag_0.01_layer_all,48.0,u_component_of_wind@500hPa,synoptic,0.1218388689681287
aurora,mag_0.01_layer_all,72.0,u_component_of_wind@500hPa,synoptic,0.12911120658210234
aurora,mag_0.01_layer_all,96.0,u_component_of_wind@500hPa,synoptic,0.14705222213717903
aurora,mag_0.01_layer_all,120.0,u_component_of_wind@500hPa,synoptic,0.13978192869063735
aurora,mag_0.01_layer_all,144.0,u_component_of_wind@500hPa,synoptic,0.13839269419770842
aurora,mag_0.01_layer_all,168.0,u_component_of_wind@500hPa,synoptic,0.14170263522790838
aurora,mag_0.01_layer_all,192.0,u_component_of_wind@500hPa,synoptic,0.1319838907528118
aurora,mag_0.01_layer_all,216.0,u_component_of_wind@500hPa,synoptic,0.1267041366270888
aurora,mag_0.01_layer_all,240.0,u_component_of_wind@500hPa,synoptic,0.13094460204395517
aurora,mag_0.01_layer_all,0.0,u_component_of_wind@500hPa,upper_mesoscale,3.1498130197373246e-06
aurora,mag_0.01_layer_all,24.0,u_component_of_wind@500hPa,upper_mesoscale,0.4803085637810758
aurora,mag_0.01_layer_all,48.0,u_component_of_wind@500hPa,upper_mesoscale,0.47007516133825783
aurora,mag_0.01_layer_all,72.0,u_component_of_wind@500hPa,upper_mesoscale,0.4750172625537752
aurora,mag_0.01_layer_all,96.0,u_component_of_wind@500hPa,upper_mesoscale,0.4939792839833163
aurora,mag_0.01_layer_all,120.0,u_component_of_wind@500hPa,upper_mesoscale,0.48798140705086485
aurora,mag_0.01_layer_all,144.0,u_component_of_wind@500hPa,upper_mesoscale,0.49849929013124716
aurora,mag_0.01_layer_all,168.0,u_component_of_wind@500hPa,upper_mesoscale,0.49458800936181185
aurora,mag_0.01_layer_all,192.0,u_component_of_wind@500hPa,upper_mesoscale,0.5058402462192685
aurora,mag_0.01_layer_all,216.0,u_component_of_wind@500hPa,upper_mesoscale,0.4849969302005696
aurora,mag_0.01_layer_all,240.0,u_component_of_wind@500hPa,upper_mesoscale,0.48298073468040714
aurora,mag_0.01_layer_all,0.0,u_component_of_wind@500hPa,lower_mesoscale,0.03340038136104941
aurora,mag_0.01_layer_all,24.0,u_component_of_wind@500hPa,lower_mesoscale,1.6129986759372057
aurora,mag_0.01_layer_all,48.0,u_component_of_wind@500hPa,lower_mesoscale,1.614833766817928
aurora,mag_0.01_layer_all,72.0,u_component_of_wind@500hPa,lower_mesoscale,1.6163975964222523
aurora,mag_0.01_layer_all,96.0,u_component_of_wind@500hPa,lower_mesoscale,1.5997857891015204
aurora,mag_0.01_layer_all,120.0,u_component_of_wind@500hPa,lower_mesoscale,1.6049922833348071
aurora,mag_0.01_layer_all,144.0,u_component_of_wind@500hPa,lower_mesoscale,1.5986871754837084
aurora,mag_0.01_layer_all,168.0,u_component_of_wind@500hPa,lower_mesoscale,1.607506344361901
aurora,mag_0.01_layer_all,192.0,u_component_of_wind@500hPa,lower_mesoscale,1.6093071598169275
aurora,mag_0.01_layer_all,216.0,u_component_of_wind@500hPa,lower_mesoscale,1.5961544359583166
aurora,mag_0.01_layer_all,240.0,u_component_of_wind@500hPa,lower_mesoscale,1.5921771721408995
aurora,mag_0.03_layer_all,0.0,u_component_of_wind@500hPa,planetary,1.0860815068300439e-07
aurora,mag_0.03_layer_all,24.0,u_component_of_wind@500hPa,planetary,0.02052029832974477
aurora,mag_0.03_layer_all,48.0,u_component_of_wind@500hPa,planetary,0.03095475594062922
aurora,mag_0.03_layer_all,72.0,u_component_of_wind@500hPa,planetary,0.041472455101373845
aurora,mag_0.03_layer_all,96.0,u_component_of_wind@500hPa,planetary,0.05787618707386088
aurora,mag_0.03_layer_all,120.0,u_component_of_wind@500hPa,planetary,0.0659838394984607
aurora,mag_0.03_layer_all,144.0,u_component_of_wind@500hPa,planetary,0.0637826824379354
aurora,mag_0.03_layer_all,168.0,u_component_of_wind@500hPa,planetary,0.06548735252518341
aurora,mag_0.03_layer_all,192.0,u_component_of_wind@500hPa,planetary,0.06841452893814184
aurora,mag_0.03_layer_all,216.0,u_component_of_wind@500hPa,planetary,0.07235122629460031
aurora,mag_0.03_layer_all,240.0,u_component_of_wind@500hPa,planetary,0.10366117790828414
aurora,mag_0.03_layer_all,0.0,u_component_of_wind@500hPa,synoptic,5.888470384765441e-07
aurora,mag_0.03_layer_all,24.0,u_component_of_wind@500hPa,synoptic,0.09925983064168029
aurora,mag_0.03_layer_all,48.0,u_component_of_wind@500hPa,synoptic,0.12077755188632425
aurora,mag_0.03_layer_all,72.0,u_component_of_wind@500hPa,synoptic,0.12853463730686576
aurora,mag_0.03_layer_all,96.0,u_component_of_wind@500hPa,synoptic,0.14846301439756354
aurora,mag_0.03_layer_all,120.0,u_component_of_wind@500hPa,synoptic,0.14810551315475265
aurora,mag_0.03_layer_all,144.0,u_component_of_wind@500hPa,synoptic,0.15095236547562033
aurora,mag_0.03_layer_all,168.0,u_component_of_wind@500hPa,synoptic,0.15013494635393032
aurora,mag_0.03_layer_all,192.0,u_component_of_wind@500hPa,synoptic,0.1624774738676283
aurora,mag_0.03_layer_all,216.0,u_component_of_wind@500hPa,synoptic,0.1666478303333394
aurora,mag_0.03_layer_all,240.0,u_component_of_wind@500hPa,synoptic,0.17611260628490497
aurora,mag_0.03_layer_all,0.0,u_component_of_wind@500hPa,upper_mesoscale,3.1498130197373246e-06
aurora,mag_0.03_layer_all,24.0,u_component_of_wind@500hPa,upper_mesoscale,0.4813485808148923
aurora,mag_0.03_layer_all,48.0,u_component_of_wind@500hPa,upper_mesoscale,0.4766611213906009
aurora,mag_0.03_layer_all,72.0,u_component_of_wind@500hPa,upper_mesoscale,0.4815916757541913
aurora,mag_0.03_layer_all,96.0,u_component_of_wind@500hPa,upper_mesoscale,0.49163016973785256
aurora,mag_0.03_layer_all,120.0,u_component_of_wind@500hPa,upper_mesoscale,0.5116294651158055
aurora,mag_0.03_layer_all,144.0,u_component_of_wind@500hPa,upper_mesoscale,0.5155619855107094
aurora,mag_0.03_layer_all,168.0,u_component_of_wind@500hPa,upper_mesoscale,0.508790978347901
aurora,mag_0.03_layer_all,192.0,u_component_of_wind@500hPa,upper_mesoscale,0.5298181654464019
aurora,mag_0.03_layer_all,216.0,u_component_of_wind@500hPa,upper_mesoscale,0.5187826029348087
aurora,mag_0.03_layer_all,240.0,u_component_of_wind@500hPa,upper_mesoscale,0.5405037373134072
aurora,mag_0.03_layer_all,0.0,u_component_of_wind@500hPa,lower_mesoscale,0.03340038136104941
aurora,mag_0.03_layer_all,24.0,u_component_of_wind@500hPa,lower_mesoscale,1.761429577693915
aurora,mag_0.03_layer_all,48.0,u_component_of_wind@500hPa,lower_mesoscale,1.7596246797961985
aurora,mag_0.03_layer_all,72.0,u_component_of_wind@500hPa,lower_mesoscale,1.7630683155995779
aurora,mag_0.03_layer_all,96.0,u_component_of_wind@500hPa,lower_mesoscale,1.7426646630863667
aurora,mag_0.03_layer_all,120.0,u_component_of_wind@500hPa,lower_mesoscale,1.7477175653703925
aurora,mag_0.03_layer_all,144.0,u_component_of_wind@500hPa,lower_mesoscale,1.7414071832588194
aurora,mag_0.03_layer_all,168.0,u_component_of_wind@500hPa,lower_mesoscale,1.744997312979102
aurora,mag_0.03_layer_all,192.0,u_component_of_wind@500hPa,lower_mesoscale,1.7409345221505552
aurora,mag_0.03_layer_all,216.0,u_component_of_wind@500hPa,lower_mesoscale,1.730124717301172
aurora,mag_0.03_layer_all,240.0,u_component_of_wind@500hPa,lower_mesoscale,1.725001137452324
aurora,mag_0.1_layer_all,0.0,u_component_of_wind@500hPa,planetary,1.0860815068300439e-07
aurora,mag_0.1_layer_all,24.0,u_component_of_wind@500hPa,planetary,0.0629470465655596
aurora,mag_0.1_layer_all,48.0,u_component_of_wind@500hPa,planetary,0.09729542417400334
aurora,mag_0.1_layer_all,72.0,u_component_of_wind@500hPa,planetary,0.1276371937094017
aurora,mag_0.1_layer_all,96.0,u_component_of_wind@500hPa,planetary,0.13278880869991344
aurora,mag_0.1_layer_all,120.0,u_component_of_wind@500hPa,planetary,0.15432764637683752
aurora,mag_0.1_layer_all,144.0,u_component_of_wind@500hPa,planetary,0.17659812877768474
aurora,mag_0.1_layer_all,168.0,u_component_of_wind@500hPa,planetary,0.1654883207794255
aurora,mag_0.1_layer_all,192.0,u_component_of_wind@500hPa,planetary,0.1674945407026562
aurora,mag_0.1_layer_all,216.0,u_component_of_wind@500hPa,planetary,0.18292454567948943
aurora,mag_0.1_layer_all,240.0,u_component_of_wind@500hPa,planetary,0.21919761697685955
aurora,mag_0.1_layer_all,0.0,u_component_of_wind@500hPa,synoptic,5.888470384765441e-07
aurora,mag_0.1_layer_all,24.0,u_component_of_wind@500hPa,synoptic,0.1222296274973186
aurora,mag_0.1_layer_all,48.0,u_component_of_wind@500hPa,synoptic,0.13037064688409813
aurora,mag_0.1_layer_all,72.0,u_component_of_wind@500hPa,synoptic,0.15318571610950532
aurora,mag_0.1_layer_all,96.0,u_component_of_wind@500hPa,synoptic,0.16696039808625524
aurora,mag_0.1_layer_all,120.0,u_component_of_wind@500hPa,synoptic,0.16014537621298042
aurora,mag_0.1_layer_all,144.0,u_component_of_wind@500hPa,synoptic,0.1666527520859878
aurora,mag_0.1_layer_all,168.0,u_component_of_wind@500hPa,synoptic,0.16000910287323084
aurora,mag_0.1_layer_all,192.0,u_component_of_wind@500hPa,synoptic,0.1758394326263905
aurora,mag_0.1_layer_all,216.0,u_component_of_wind@500hPa,synoptic,0.18604330012645715
aurora,mag_0.1_layer_all,240.0,u_component_of_wind@500hPa,synoptic,0.1982718743128978
aurora,mag_0.1_layer_all,0.0,u_component_of_wind@500hPa,upper_mesoscale,3.1498130197373246e-06
aurora,mag_0.1_layer_all,24.0,u_component_of_wind@500hPa,upper_mesoscale,0.40722468262962014
aurora,mag_0.1_layer_all,48.0,u_component_of_wind@500hPa,upper_mesoscale,0.40351113086755946
aurora,mag_0.1_layer_all,72.0,u_component_of_wind@500hPa,upper_mesoscale,0.3996913385940038
aurora,mag_0.1_layer_all,96.0,u_component_of_wind@500hPa,upper_mesoscale,0.39518649533254463
aurora,mag_0.1_layer_all,120.0,u_component_of_wind@500hPa,upper_mesoscale,0.40467522456491695
aurora,mag_0.1_layer_all,144.0,u_component_of_wind@500hPa,upper_mesoscale,0.3969805118334668
aurora,mag_0.1_layer_all,168.0,u_component_of_wind@500hPa,upper_mesoscale,0.3785379808983416
aurora,mag_0.1_layer_all,192.0,u_component_of_wind@500hPa,upper_mesoscale,0.39183046933000615
aurora,mag_0.1_layer_all,216.0,u_component_of_wind@500hPa,upper_mesoscale,0.392864661074432
aurora,mag_0.1_layer_all,240.0,u_component_of_wind@500hPa,upper_mesoscale,0.40236044253100023
aurora,mag_0.1_layer_all,0.0,u_component_of_wind@500hPa,lower_mesoscale,0.03340038136104941
aurora,mag_0.1_layer_all,24.0,u_component_of_wind@500hPa,lower_mesoscale,2.153307162996153
aurora,mag_0.1_layer_all,48.0,u_component_of_wind@500hPa,lower_mesoscale,2.1693450579298177
aurora,mag_0.1_layer_all,72.0,u_component_of_wind@500hPa,lower_mesoscale,2.188727953585001
aurora,mag_0.1_layer_all,96.0,u_component_of_wind@500hPa,lower_mesoscale,2.1770751811335414
aurora,mag_0.1_layer_all,120.0,u_component_of_wind@500hPa,lower_mesoscale,2.185222042065022
aurora,mag_0.1_layer_all,144.0,u_component_of_wind@500hPa,lower_mesoscale,2.184089896173117
aurora,mag_0.1_layer_all,168.0,u_component_of_wind@500hPa,lower_mesoscale,2.1919285146109226
aurora,mag_0.1_layer_all,192.0,u_component_of_wind@500hPa,lower_mesoscale,2.1784490624310084
aurora,mag_0.1_layer_all,216.0,u_component_of_wind@500hPa,lower_mesoscale,2.182211722616093
aurora,mag_0.1_layer_all,240.0,u_component_of_wind@500hPa,lower_mesoscale,2.1706868666794863
graphcast_operational,mag_0_layer_all,0.0,u_component_of_wind@500hPa,planetary,1.0860815077094242e-07
graphcast_operational,mag_0_layer_all,24.0,u_component_of_wind@500hPa,planetary,0.010522376420486108
graphcast_operational,mag_0_layer_all,48.0,u_component_of_wind@500hPa,planetary,0.023352053446236972
graphcast_operational,mag_0_layer_all,72.0,u_component_of_wind@500hPa,planetary,0.027689569396082598
graphcast_operational,mag_0_layer_all,96.0,u_component_of_wind@500hPa,planetary,0.055726227242297484
graphcast_operational,mag_0_layer_all,120.0,u_component_of_wind@500hPa,planetary,0.0663873266713934
graphcast_operational,mag_0_layer_all,144.0,u_component_of_wind@500hPa,planetary,0.044896540174005295
graphcast_operational,mag_0_layer_all,168.0,u_component_of_wind@500hPa,planetary,0.07399143003902052
graphcast_operational,mag_0_layer_all,192.0,u_component_of_wind@500hPa,planetary,0.07466304150529851
graphcast_operational,mag_0_layer_all,216.0,u_component_of_wind@500hPa,planetary,0.08300437875316369
graphcast_operational,mag_0_layer_all,240.0,u_component_of_wind@500hPa,planetary,0.12311591922941824
graphcast_operational,mag_0_layer_all,0.0,u_component_of_wind@500hPa,synoptic,5.888470384765441e-07
graphcast_operational,mag_0_layer_all,24.0,u_component_of_wind@500hPa,synoptic,0.17821959531822715
graphcast_operational,mag_0_layer_all,48.0,u_component_of_wind@500hPa,synoptic,0.26233727523969835
graphcast_operational,mag_0_layer_all,72.0,u_component_of_wind@500hPa,synoptic,0.29831151727171945
graphcast_operational,mag_0_layer_all,96.0,u_component_of_wind@500hPa,synoptic,0.33418768357841794
graphcast_operational,mag_0_layer_all,120.0,u_component_of_wind@500hPa,synoptic,0.345004676621855
graphcast_operational,mag_0_layer_all,144.0,u_component_of_wind@500hPa,synoptic,0.3543233918072187
graphcast_operational,mag_0_layer_all,168.0,u_component_of_wind@500hPa,synoptic,0.34759098291021684
graphcast_operational,mag_0_layer_all,192.0,u_component_of_wind@500hPa,synoptic,0.3611864224984971
graphcast_operational,mag_0_layer_all,216.0,u_component_of_wind@500hPa,synoptic,0.37188607235533827
graphcast_operational,mag_0_layer_all,240.0,u_component_of_wind@500hPa,synoptic,0.3946390644340307
graphcast_operational,mag_0_layer_all,0.0,u_component_of_wind@500hPa,upper_mesoscale,3.149813019746916e-06
graphcast_operational,mag_0_layer_all,24.0,u_component_of_wind@500hPa,upper_mesoscale,0.7095243804048824
graphcast_operational,mag_0_layer_all,48.0,u_component_of_wind@500hPa,upper_mesoscale,0.8070631681548719
graphcast_operational,mag_0_layer_all,72.0,u_component_of_wind@500hPa,upper_mesoscale,0.881112693123093
graphcast_operational,mag_0_layer_all,96.0,u_component_of_wind@500hPa,upper_mesoscale,0.9224005397032032
graphcast_operational,mag_0_layer_all,120.0,u_component_of_wind@500hPa,upper_mesoscale,0.9348969621159522
graphcast_operational,mag_0_layer_all,144.0,u_component_of_wind@500hPa,upper_mesoscale,0.8989475508563097
graphcast_operational,mag_0_layer_all,168.0,u_component_of_wind@500hPa,upper_mesoscale,0.9072155328224143
graphcast_operational,mag_0_layer_all,192.0,u_component_of_wind@500hPa,upper_mesoscale,0.8778227766418601
graphcast_operational,mag_0_layer_all,216.0,u_component_of_wind@500hPa,upper_mesoscale,0.8858951342482674
graphcast_operational,mag_0_layer_all,240.0,u_component_of_wind@500hPa,upper_mesoscale,0.9067523399919849
graphcast_operational,mag_0_layer_all,0.0,u_component_of_wind@500hPa,lower_mesoscale,0.03340038136104941
graphcast_operational,mag_0_layer_all,24.0,u_component_of_wind@500hPa,lower_mesoscale,1.5457251035917365
graphcast_operational,mag_0_layer_all,48.0,u_component_of_wind@500hPa,lower_mesoscale,1.5392143689703914
graphcast_operational,mag_0_layer_all,72.0,u_component_of_wind@500hPa,lower_mesoscale,1.5432485689706632
graphcast_operational,mag_0_layer_all,96.0,u_component_of_wind@500hPa,lower_mesoscale,1.5230881700622938
graphcast_operational,mag_0_layer_all,120.0,u_component_of_wind@500hPa,lower_mesoscale,1.5382140355920713
graphcast_operational,mag_0_layer_all,144.0,u_component_of_wind@500hPa,lower_mesoscale,1.5366943070359085
graphcast_operational,mag_0_layer_all,168.0,u_component_of_wind@500hPa,lower_mesoscale,1.5432215699117902
graphcast_operational,mag_0_layer_all,192.0,u_component_of_wind@500hPa,lower_mesoscale,1.5273521182436625
graphcast_operational,mag_0_layer_all,216.0,u_component_of_wind@500hPa,lower_mesoscale,1.524071293959566
graphcast_operational,mag_0_layer_all,240.0,u_component_of_wind@500hPa,lower_mesoscale,1.5259577966874474
graphcast_operational,mag_0.001_layer_all,0.0,u_component_of_wind@500hPa,planetary,1.0860815068300439e-07
graphcast_operational,mag_0.001_layer_all,24.0,u_component_of_wind@500hPa,planetary,0.008907899739476382
graphcast_operational,mag_0.001_layer_all,48.0,u_component_of_wind@500hPa,planetary,0.0202119283344817
graphcast_operational,mag_0.001_layer_all,72.0,u_component_of_wind@500hPa,planetary,0.02338170287860335
graphcast_operational,mag_0.001_layer_all,96.0,u_component_of_wind@500hPa,planetary,0.049259204098356484
graphcast_operational,mag_0.001_layer_all,120.0,u_component_of_wind@500hPa,planetary,0.06085117938637454
graphcast_operational,mag_0.001_layer_all,144.0,u_component_of_wind@500hPa,planetary,0.037303347081830855
graphcast_operational,mag_0.001_layer_all,168.0,u_component_of_wind@500hPa,planetary,0.06726442331008187
graphcast_operational,mag_0.001_layer_all,192.0,u_component_of_wind@500hPa,planetary,0.0625536243063085
graphcast_operational,mag_0.001_layer_all,216.0,u_component_of_wind@500hPa,planetary,0.073002514521366
graphcast_operational,mag_0.001_layer_all,240.0,u_component_of_wind@500hPa,planetary,0.10521188205113892
graphcast_operational,mag_0.001_layer_all,0.0,u_component_of_wind@500hPa,synoptic,5.888470384765441e-07
graphcast_operational,mag_0.001_layer_all,24.0,u_component_of_wind@500hPa,synoptic,0.17672194569167185
graphcast_operational,mag_0.001_layer_all,48.0,u_component_of_wind@500hPa,synoptic,0.2588076751223716
graphcast_operational,mag_0.001_layer_all,72.0,u_component_of_wind@500hPa,synoptic,0.29232125300366113
graphcast_operational,mag_0.001_layer_all,96.0,u_component_of_wind@500hPa,synoptic,0.3268147055546389
graphcast_operational,mag_0.001_layer_all,120.0,u_component_of_wind@500hPa,synoptic,0.33507408983241554
graphcast_operational,mag_0.001_layer_all,144.0,u_component_of_wind@500hPa,synoptic,0.33797504268458123
graphcast_operational,mag_0.001_layer_all,168.0,u_component_of_wind@500hPa,synoptic,0.33289894136813597
graphcast_operational,mag_0.001_layer_all,192.0,u_component_of_wind@500hPa,synoptic,0.3372405759422995
graphcast_operational,mag_0.001_layer_all,216.0,u_component_of_wind@500hPa,synoptic,0.3499227976880611
graphcast_operational,mag_0.001_layer_all,240.0,u_component_of_wind@500hPa,synoptic,0.3580644265534113
graphcast_operational,mag_0.001_layer_all,0.0,u_component_of_wind@500hPa,upper_mesoscale,3.1498130197373246e-06
graphcast_operational,mag_0.001_layer_all,24.0,u_component_of_wind@500hPa,upper_mesoscale,0.707344716468395
graphcast_operational,mag_0.001_layer_all,48.0,u_component_of_wind@500hPa,upper_mesoscale,0.8029658803591793
graphcast_operational,mag_0.001_layer_all,72.0,u_component_of_wind@500hPa,upper_mesoscale,0.8724819787272159
graphcast_operational,mag_0.001_layer_all,96.0,u_component_of_wind@500hPa,upper_mesoscale,0.9094904055399138
graphcast_operational,mag_0.001_layer_all,120.0,u_component_of_wind@500hPa,upper_mesoscale,0.9256698071780942
graphcast_operational,mag_0.001_layer_all,144.0,u_component_of_wind@500hPa,upper_mesoscale,0.8904465951966264
graphcast_operational,mag_0.001_layer_all,168.0,u_component_of_wind@500hPa,upper_mesoscale,0.8879050404290554
graphcast_operational,mag_0.001_layer_all,192.0,u_component_of_wind@500hPa,upper_mesoscale,0.8723401605654125
graphcast_operational,mag_0.001_layer_all,216.0,u_component_of_wind@500hPa,upper_mesoscale,0.8691285878693235
graphcast_operational,mag_0.001_layer_all,240.0,u_component_of_wind@500hPa,upper_mesoscale,0.8753947793212493
graphcast_operational,mag_0.001_layer_all,0.0,u_component_of_wind@500hPa,lower_mesoscale,0.03340038136104941
graphcast_operational,mag_0.001_layer_all,24.0,u_component_of_wind@500hPa,lower_mesoscale,1.545391497113475
graphcast_operational,mag_0.001_layer_all,48.0,u_component_of_wind@500hPa,lower_mesoscale,1.540435851013197
graphcast_operational,mag_0.001_layer_all,72.0,u_component_of_wind@500hPa,lower_mesoscale,1.5446067836612987
graphcast_operational,mag_0.001_layer_all,96.0,u_component_of_wind@500hPa,lower_mesoscale,1.5257893535847415
graphcast_operational,mag_0.001_layer_all,120.0,u_component_of_wind@500hPa,lower_mesoscale,1.5412203045988087
graphcast_operational,mag_0.001_layer_all,144.0,u_component_of_wind@500hPa,lower_mesoscale,1.5401536301509913
graphcast_operational,mag_0.001_layer_all,168.0,u_component_of_wind@500hPa,lower_mesoscale,1.5466460255229195
graphcast_operational,mag_0.001_layer_all,192.0,u_component_of_wind@500hPa,lower_mesoscale,1.5341399564761196
graphcast_operational,mag_0.001_layer_all,216.0,u_component_of_wind@500hPa,lower_mesoscale,1.52894818090017
graphcast_operational,mag_0.001_layer_all,240.0,u_component_of_wind@500hPa,lower_mesoscale,1.531683174616021
graphcast_operational,mag_0.003_layer_all,0.0,u_component_of_wind@500hPa,planetary,1.0860815068300439e-07
graphcast_operational,mag_0.003_layer_all,24.0,u_component_of_wind@500hPa,planetary,0.007600991893751336
graphcast_operational,mag_0.003_layer_all,48.0,u_component_of_wind@500hPa,planetary,0.01860878720898203
graphcast_operational,mag_0.003_layer_all,72.0,u_component_of_wind@500hPa,planetary,0.020456070534141987
graphcast_operational,mag_0.003_layer_all,96.0,u_component_of_wind@500hPa,planetary,0.046168184294170515
graphcast_operational,mag_0.003_layer_all,120.0,u_component_of_wind@500hPa,planetary,0.05851346885848168
graphcast_operational,mag_0.003_layer_all,144.0,u_component_of_wind@500hPa,planetary,0.03565429987411845
graphcast_operational,mag_0.003_layer_all,168.0,u_component_of_wind@500hPa,planetary,0.06372977860094266
graphcast_operational,mag_0.003_layer_all,192.0,u_component_of_wind@500hPa,planetary,0.06327784197591164
graphcast_operational,mag_0.003_layer_all,216.0,u_component_of_wind@500hPa,planetary,0.06375798824605594
graphcast_operational,mag_0.003_layer_all,240.0,u_component_of_wind@500hPa,planetary,0.09545115763907505
graphcast_operational,mag_0.003_layer_all,0.0,u_component_of_wind@500hPa,synoptic,5.888470384765441e-07
graphcast_operational,mag_0.003_layer_all,24.0,u_component_of_wind@500hPa,synoptic,0.17345734624363185
graphcast_operational,mag_0.003_layer_all,48.0,u_component_of_wind@500hPa,synoptic,0.252844854848784
graphcast_operational,mag_0.003_layer_all,72.0,u_component_of_wind@500hPa,synoptic,0.28547413729947557
graphcast_operational,mag_0.003_layer_all,96.0,u_component_of_wind@500hPa,synoptic,0.3196853912353276
graphcast_operational,mag_0.003_layer_all,120.0,u_component_of_wind@500hPa,synoptic,0.32657369694684985
graphcast_operational,mag_0.003_layer_all,144.0,u_component_of_wind@500hPa,synoptic,0.3298245936517796
graphcast_operational,mag_0.003_layer_all,168.0,u_component_of_wind@500hPa,synoptic,0.3289145993946951
graphcast_operational,mag_0.003_layer_all,192.0,u_component_of_wind@500hPa,synoptic,0.331789104132755
graphcast_operational,mag_0.003_layer_all,216.0,u_component_of_wind@500hPa,synoptic,0.34158378621613733
graphcast_operational,mag_0.003_layer_all,240.0,u_component_of_wind@500hPa,synoptic,0.3476186320426728
graphcast_operational,mag_0.003_layer_all,0.0,u_component_of_wind@500hPa,upper_mesoscale,3.1498130197373246e-06
graphcast_operational,mag_0.003_layer_all,24.0,u_component_of_wind@500hPa,upper_mesoscale,0.7031202052461227
graphcast_operational,mag_0.003_layer_all,48.0,u_component_of_wind@500hPa,upper_mesoscale,0.7945904623427086
graphcast_operational,mag_0.003_layer_all,72.0,u_component_of_wind@500hPa,upper_mesoscale,0.8613330973019651
graphcast_operational,mag_0.003_layer_all,96.0,u_component_of_wind@500hPa,upper_mesoscale,0.9001841056404075
graphcast_operational,mag_0.003_layer_all,120.0,u_component_of_wind@500hPa,upper_mesoscale,0.9128011760849739
graphcast_operational,mag_0.003_layer_all,144.0,u_component_of_wind@500hPa,upper_mesoscale,0.8820844926373829
graphcast_operational,mag_0.003_layer_all,168.0,u_component_of_wind@500hPa,upper_mesoscale,0.8693917126823216
graphcast_operational,mag_0.003_layer_all,192.0,u_component_of_wind@500hPa,upper_mesoscale,0.86988084179569
graphcast_operational,mag_0.003_layer_all,216.0,u_component_of_wind@500hPa,upper_mesoscale,0.8556837021294506
graphcast_operational,mag_0.003_layer_all,240.0,u_component_of_wind@500hPa,upper_mesoscale,0.8640348555850901
graphcast_operational,mag_0.003_layer_all,0.0,u_component_of_wind@500hPa,lower_mesoscale,0.03340038136104941
graphcast_operational,mag_0.003_layer_all,24.0,u_component_of_wind@500hPa,lower_mesoscale,1.5458191673595751
graphcast_operational,mag_0.003_layer_all,48.0,u_component_of_wind@500hPa,lower_mesoscale,1.5401487752226217
graphcast_operational,mag_0.003_layer_all,72.0,u_component_of_wind@500hPa,lower_mesoscale,1.5452451222427437
graphcast_operational,mag_0.003_layer_all,96.0,u_component_of_wind@500hPa,lower_mesoscale,1.5267881208617058
graphcast_operational,mag_0.003_layer_all,120.0,u_component_of_wind@500hPa,lower_mesoscale,1.5414673151431566
graphcast_operational,mag_0.003_layer_all,144.0,u_component_of_wind@500hPa,lower_mesoscale,1.5402171326614478
graphcast_operational,mag_0.003_layer_all,168.0,u_component_of_wind@500hPa,lower_mesoscale,1.548067413696381
graphcast_operational,mag_0.003_layer_all,192.0,u_component_of_wind@500hPa,lower_mesoscale,1.5361854203508845
graphcast_operational,mag_0.003_layer_all,216.0,u_component_of_wind@500hPa,lower_mesoscale,1.5294688306820392
graphcast_operational,mag_0.003_layer_all,240.0,u_component_of_wind@500hPa,lower_mesoscale,1.529192354761068
graphcast_operational,mag_0.01_layer_all,0.0,u_component_of_wind@500hPa,planetary,1.0860815068300439e-07
graphcast_operational,mag_0.01_layer_all,24.0,u_component_of_wind@500hPa,planetary,0.006325114368835756
graphcast_operational,mag_0.01_layer_all,48.0,u_component_of_wind@500hPa,planetary,0.01585617428471409
graphcast_operational,mag_0.01_layer_all,72.0,u_component_of_wind@500hPa,planetary,0.016711219469787687
graphcast_operational,mag_0.01_layer_all,96.0,u_component_of_wind@500hPa,planetary,0.03696790489708958
graphcast_operational,mag_0.01_layer_all,120.0,u_component_of_wind@500hPa,planetary,0.062024569438340914
graphcast_operational,mag_0.01_layer_all,144.0,u_component_of_wind@500hPa,planetary,0.041102932224199425
graphcast_operational,mag_0.01_layer_all,168.0,u_component_of_wind@500hPa,planetary,0.043638795643478376
graphcast_operational,mag_0.01_layer_all,192.0,u_component_of_wind@500hPa,planetary,0.05766683515280792
graphcast_operational,mag_0.01_layer_all,216.0,u_component_of_wind@500hPa,planetary,0.04278076995511905
graphcast_operational,mag_0.01_layer_all,240.0,u_component_of_wind@500hPa,planetary,0.061805561000370685
graphcast_operational,mag_0.01_layer_all,0.0,u_component_of_wind@500hPa,synoptic,5.888470384765441e-07
graphcast_operational,mag_0.01_layer_all,24.0,u_component_of_wind@500hPa,synoptic,0.173450800200491
graphcast_operational,mag_0.01_layer_all,48.0,u_component_of_wind@500hPa,synoptic,0.2487187455673432
graphcast_operational,mag_0.01_layer_all,72.0,u_component_of_wind@500hPa,synoptic,0.27828204885576846
graphcast_operational,mag_0.01_layer_all,96.0,u_component_of_wind@500hPa,synoptic,0.3131710828055564
graphcast_operational,mag_0.01_layer_all,120.0,u_component_of_wind@500hPa,synoptic,0.3174897118461209
graphcast_operational,mag_0.01_layer_all,144.0,u_component_of_wind@500hPa,synoptic,0.3131377434948243
graphcast_operational,mag_0.01_layer_all,168.0,u_component_of_wind@500hPa,synoptic,0.312796960015906
graphcast_operational,mag_0.01_layer_all,192.0,u_component_of_wind@500hPa,synoptic,0.3222209298022545
graphcast_operational,mag_0.01_layer_all,216.0,u_component_of_wind@500hPa,synoptic,0.3211876376283101
graphcast_operational,mag_0.01_layer_all,240.0,u_component_of_wind@500hPa,synoptic,0.3290231926190921
graphcast_operational,mag_0.01_layer_all,0.0,u_component_of_wind@500hPa,upper_mesoscale,3.1498130197373246e-06
graphcast_operational,mag_0.01_layer_all,24.0,u_component_of_wind@500hPa,upper_mesoscale,0.6997312692601118
graphcast_operational,mag_0.01_layer_all,48.0,u_component_of_wind@500hPa,upper_mesoscale,0.7881944713256983
graphcast_operational,mag_0.01_layer_all,72.0,u_component_of_wind@500hPa,upper_mesoscale,0.8477011722039904
graphcast_operational,mag_0.01_layer_all,96.0,u_component_of_wind@500hPa,upper_mesoscale,0.8829220855934792
graphcast_operational,mag_0.01_layer_all,120.0,u_component_of_wind@500hPa,upper_mesoscale,0.9000794255162073
graphcast_operational,mag_0.01_layer_all,144.0,u_component_of_wind@500hPa,upper_mesoscale,0.8695463385610885
graphcast_operational,mag_0.01_layer_all,168.0,u_component_of_wind@500hPa,upper_mesoscale,0.8424391446972519
graphcast_operational,mag_0.01_layer_all,192.0,u_component_of_wind@500hPa,upper_mesoscale,0.8546662608206639
graphcast_operational,mag_0.01_layer_all,216.0,u_component_of_wind@500hPa,upper_mesoscale,0.8437972059689561
graphcast_operational,mag_0.01_layer_all,240.0,u_component_of_wind@500hPa,upper_mesoscale,0.8473005586048535
graphcast_operational,mag_0.01_layer_all,0.0,u_component_of_wind@500hPa,lower_mesoscale,0.03340038136104941
graphcast_operational,mag_0.01_layer_all,24.0,u_component_of_wind@500hPa,lower_mesoscale,1.5449914444203887
graphcast_operational,mag_0.01_layer_all,48.0,u_component_of_wind@500hPa,lower_mesoscale,1.5401286167377999
graphcast_operational,mag_0.01_layer_all,72.0,u_component_of_wind@500hPa,lower_mesoscale,1.5454754563001116
graphcast_operational,mag_0.01_layer_all,96.0,u_component_of_wind@500hPa,lower_mesoscale,1.5280031229483149
graphcast_operational,mag_0.01_layer_all,120.0,u_component_of_wind@500hPa,lower_mesoscale,1.5435672614954419
graphcast_operational,mag_0.01_layer_all,144.0,u_component_of_wind@500hPa,lower_mesoscale,1.5441836410754108
graphcast_operational,mag_0.01_layer_all,168.0,u_component_of_wind@500hPa,lower_mesoscale,1.5525521378541096
graphcast_operational,mag_0.01_layer_all,192.0,u_component_of_wind@500hPa,lower_mesoscale,1.5428706553605187
graphcast_operational,mag_0.01_layer_all,216.0,u_component_of_wind@500hPa,lower_mesoscale,1.5350769757155176
graphcast_operational,mag_0.01_layer_all,240.0,u_component_of_wind@500hPa,lower_mesoscale,1.533170113755641
graphcast_operational,mag_0.03_layer_all,0.0,u_component_of_wind@500hPa,planetary,1.0860815068300439e-07
graphcast_operational,mag_0.03_layer_all,24.0,u_component_of_wind@500hPa,planetary,0.00611110232886854
graphcast_operational,mag_0.03_layer_all,48.0,u_component_of_wind@500hPa,planetary,0.015844959811646527
graphcast_operational,mag_0.03_layer_all,72.0,u_component_of_wind@500hPa,planetary,0.02368185609698217
graphcast_operational,mag_0.03_layer_all,96.0,u_component_of_wind@500hPa,planetary,0.03321729705866509
graphcast_operational,mag_0.03_layer_all,120.0,u_component_of_wind@500hPa,planetary,0.06688900489098532
graphcast_operational,mag_0.03_layer_all,144.0,u_component_of_wind@500hPa,planetary,0.05614118879180345
graphcast_operational,mag_0.03_layer_all,168.0,u_component_of_wind@500hPa,planetary,0.059901419636964416
graphcast_operational,mag_0.03_layer_all,192.0,u_component_of_wind@500hPa,planetary,0.06687417334236974
graphcast_operational,mag_0.03_layer_all,216.0,u_component_of_wind@500hPa,planetary,0.06507996027774261
graphcast_operational,mag_0.03_layer_all,240.0,u_component_of_wind@500hPa,planetary,0.04803152881434285
graphcast_operational,mag_0.03_layer_all,0.0,u_component_of_wind@500hPa,synoptic,5.888470384765441e-07
graphcast_operational,mag_0.03_layer_all,24.0,u_component_of_wind@500hPa,synoptic,0.1599658724694327
graphcast_operational,mag_0.03_layer_all,48.0,u_component_of_wind@500hPa,synoptic,0.20808371494197697
graphcast_operational,mag_0.03_layer_all,72.0,u_component_of_wind@500hPa,synoptic,0.22399529802483995
graphcast_operational,mag_0.03_layer_all,96.0,u_component_of_wind@500hPa,synoptic,0.2424394437272811
graphcast_operational,mag_0.03_layer_all,120.0,u_component_of_wind@500hPa,synoptic,0.2388785601979429
graphcast_operational,mag_0.03_layer_all,144.0,u_component_of_wind@500hPa,synoptic,0.23296497265396365
graphcast_operational,mag_0.03_layer_all,168.0,u_component_of_wind@500hPa,synoptic,0.2541802086522129
graphcast_operational,mag_0.03_layer_all,192.0,u_component_of_wind@500hPa,synoptic,0.25406267407274324
graphcast_operational,mag_0.03_layer_all,216.0,u_component_of_wind@500hPa,synoptic,0.2617125000507811
graphcast_operational,mag_0.03_layer_all,240.0,u_component_of_wind@500hPa,synoptic,0.2798684571371781
graphcast_operational,mag_0.03_layer_all,0.0,u_component_of_wind@500hPa,upper_mesoscale,3.1498130197373246e-06
graphcast_operational,mag_0.03_layer_all,24.0,u_component_of_wind@500hPa,upper_mesoscale,0.6619519903452209
graphcast_operational,mag_0.03_layer_all,48.0,u_component_of_wind@500hPa,upper_mesoscale,0.7296881952305261
graphcast_operational,mag_0.03_layer_all,72.0,u_component_of_wind@500hPa,upper_mesoscale,0.7646557514112678
graphcast_operational,mag_0.03_layer_all,96.0,u_component_of_wind@500hPa,upper_mesoscale,0.7735967586758167
graphcast_operational,mag_0.03_layer_all,120.0,u_component_of_wind@500hPa,upper_mesoscale,0.7928453192656063
graphcast_operational,mag_0.03_layer_all,144.0,u_component_of_wind@500hPa,upper_mesoscale,0.7649434809113713
graphcast_operational,mag_0.03_layer_all,168.0,u_component_of_wind@500hPa,upper_mesoscale,0.7537297821666722
graphcast_operational,mag_0.03_layer_all,192.0,u_component_of_wind@500hPa,upper_mesoscale,0.7698159690225862
graphcast_operational,mag_0.03_layer_all,216.0,u_component_of_wind@500hPa,upper_mesoscale,0.7650484707158446
graphcast_operational,mag_0.03_layer_all,240.0,u_component_of_wind@500hPa,upper_mesoscale,0.775796504200282
graphcast_operational,mag_0.03_layer_all,0.0,u_component_of_wind@500hPa,lower_mesoscale,0.03340038136104941
graphcast_operational,mag_0.03_layer_all,24.0,u_component_of_wind@500hPa,lower_mesoscale,1.5486311807892637
graphcast_operational,mag_0.03_layer_all,48.0,u_component_of_wind@500hPa,lower_mesoscale,1.550873840655976
graphcast_operational,mag_0.03_layer_all,72.0,u_component_of_wind@500hPa,lower_mesoscale,1.56042677041061
graphcast_operational,mag_0.03_layer_all,96.0,u_component_of_wind@500hPa,lower_mesoscale,1.5508988295408783
graphcast_operational,mag_0.03_layer_all,120.0,u_component_of_wind@500hPa,lower_mesoscale,1.5664680787106524
graphcast_operational,mag_0.03_layer_all,144.0,u_component_of_wind@500hPa,lower_mesoscale,1.5709349883524464
graphcast_operational,mag_0.03_layer_all,168.0,u_component_of_wind@500hPa,lower_mesoscale,1.5806822448226745
graphcast_operational,mag_0.03_layer_all,192.0,u_component_of_wind@500hPa,lower_mesoscale,1.58023892027068
graphcast_operational,mag_0.03_layer_all,216.0,u_component_of_wind@500hPa,lower_mesoscale,1.5700553789165768
graphcast_operational,mag_0.03_layer_all,240.0,u_component_of_wind@500hPa,lower_mesoscale,1.5648319617921778
graphcast_operational,mag_0.1_layer_all,0.0,u_component_of_wind@500hPa,planetary,1.0860815068300439e-07
graphcast_operational,mag_0.1_layer_all,24.0,u_component_of_wind@500hPa,planetary,0.03073928640122914
graphcast_operational,mag_0.1_layer_all,48.0,u_component_of_wind@500hPa,planetary,0.022121214243829287
graphcast_operational,mag_0.1_layer_all,72.0,u_component_of_wind@500hPa,planetary,0.07631088856870055
graphcast_operational,mag_0.1_layer_all,96.0,u_component_of_wind@500hPa,planetary,0.061136835958370724
graphcast_operational,mag_0.1_layer_all,120.0,u_component_of_wind@500hPa,planetary,0.04739748224309524
graphcast_operational,mag_0.1_layer_all,144.0,u_component_of_wind@500hPa,planetary,0.04116377676526156
graphcast_operational,mag_0.1_layer_all,168.0,u_component_of_wind@500hPa,planetary,0.07074589772547554
graphcast_operational,mag_0.1_layer_all,192.0,u_component_of_wind@500hPa,planetary,0.06677763385641736
graphcast_operational,mag_0.1_layer_all,216.0,u_component_of_wind@500hPa,planetary,0.07074446044857699
graphcast_operational,mag_0.1_layer_all,240.0,u_component_of_wind@500hPa,planetary,0.08560888985345863
graphcast_operational,mag_0.1_layer_all,0.0,u_component_of_wind@500hPa,synoptic,5.888470384765441e-07
graphcast_operational,mag_0.1_layer_all,24.0,u_component_of_wind@500hPa,synoptic,0.11358063181724831
graphcast_operational,mag_0.1_layer_all,48.0,u_component_of_wind@500hPa,synoptic,0.094555689228574
graphcast_operational,mag_0.1_layer_all,72.0,u_component_of_wind@500hPa,synoptic,0.12421756591119969
graphcast_operational,mag_0.1_layer_all,96.0,u_component_of_wind@500hPa,synoptic,0.15246659176563546
graphcast_operational,mag_0.1_layer_all,120.0,u_component_of_wind@500hPa,synoptic,0.15251817668590406
graphcast_operational,mag_0.1_layer_all,144.0,u_component_of_wind@500hPa,synoptic,0.16183561189807877
graphcast_operational,mag_0.1_layer_all,168.0,u_component_of_wind@500hPa,synoptic,0.16525134087627724
graphcast_operational,mag_0.1_layer_all,192.0,u_component_of_wind@500hPa,synoptic,0.18637269906985238
graphcast_operational,mag_0.1_layer_all,216.0,u_component_of_wind@500hPa,synoptic,0.19324715299127074
graphcast_operational,mag_0.1_layer_all,240.0,u_component_of_wind@500hPa,synoptic,0.20720050506518184
graphcast_operational,mag_0.1_layer_all,0.0,u_component_of_wind@500hPa,upper_mesoscale,3.1498130197373246e-06
graphcast_operational,mag_0.1_layer_all,24.0,u_component_of_wind@500hPa,upper_mesoscale,0.4118351654917255
graphcast_operational,mag_0.1_layer_all,48.0,u_component_of_wind@500hPa,upper_mesoscale,0.4323530861466234
graphcast_operational,mag_0.1_layer_all,72.0,u_component_of_wind@500hPa,upper_mesoscale,0.44563984758746106
graphcast_operational,mag_0.1_layer_all,96.0,u_component_of_wind@500hPa,upper_mesoscale,0.4407050874690047
graphcast_operational,mag_0.1_layer_all,120.0,u_component_of_wind@500hPa,upper_mesoscale,0.4565033919844461
graphcast_operational,mag_0.1_layer_all,144.0,u_component_of_wind@500hPa,upper_mesoscale,0.4409173527360311
graphcast_operational,mag_0.1_layer_all,168.0,u_component_of_wind@500hPa,upper_mesoscale,0.42580746370366773
graphcast_operational,mag_0.1_layer_all,192.0,u_component_of_wind@500hPa,upper_mesoscale,0.44905236445612673
graphcast_operational,mag_0.1_layer_all,216.0,u_component_of_wind@500hPa,upper_mesoscale,0.44922042535587325
graphcast_operational,mag_0.1_layer_all,240.0,u_component_of_wind@500hPa,upper_mesoscale,0.4653469412368781
graphcast_operational,mag_0.1_layer_all,0.0,u_component_of_wind@500hPa,lower_mesoscale,0.03340038136104941
graphcast_operational,mag_0.1_layer_all,24.0,u_component_of_wind@500hPa,lower_mesoscale,1.722770965973603
graphcast_operational,mag_0.1_layer_all,48.0,u_component_of_wind@500hPa,lower_mesoscale,1.7517303573416003
graphcast_operational,mag_0.1_layer_all,72.0,u_component_of_wind@500hPa,lower_mesoscale,1.7788508602308206
graphcast_operational,mag_0.1_layer_all,96.0,u_component_of_wind@500hPa,lower_mesoscale,1.7801773836796473
graphcast_operational,mag_0.1_layer_all,120.0,u_component_of_wind@500hPa,lower_mesoscale,1.8070987562268475
graphcast_operational,mag_0.1_layer_all,144.0,u_component_of_wind@500hPa,lower_mesoscale,1.8300712326712723
graphcast_operational,mag_0.1_layer_all,168.0,u_component_of_wind@500hPa,lower_mesoscale,1.8518071661829185
graphcast_operational,mag_0.1_layer_all,192.0,u_component_of_wind@500hPa,lower_mesoscale,1.8538428349397937
graphcast_operational,mag_0.1_layer_all,216.0,u_component_of_wind@500hPa,lower_mesoscale,1.8737842170087053
graphcast_operational,mag_0.1_layer_all,240.0,u_component_of_wind@500hPa,lower_mesoscale,1.8707437623165148
sfno,mag_0_layer_all,0.0,u_component_of_wind@500hPa,planetary,1.0860815077094242e-07
sfno,mag_0_layer_all,24.0,u_component_of_wind@500hPa,planetary,0.015843204749835395
sfno,mag_0_layer_all,48.0,u_component_of_wind@500hPa,planetary,0.032103147196454386
sfno,mag_0_layer_all,72.0,u_component_of_wind@500hPa,planetary,0.04091837073200575
sfno,mag_0_layer_all,96.0,u_component_of_wind@500hPa,planetary,0.04533617619912566
sfno,mag_0_layer_all,120.0,u_component_of_wind@500hPa,planetary,0.06718119911248
sfno,mag_0_layer_all,144.0,u_component_of_wind@500hPa,planetary,0.08192772827672483
sfno,mag_0_layer_all,168.0,u_component_of_wind@500hPa,planetary,0.060892615954384
sfno,mag_0_layer_all,192.0,u_component_of_wind@500hPa,planetary,0.09297312628445854
sfno,mag_0_layer_all,216.0,u_component_of_wind@500hPa,planetary,0.057780562354392
sfno,mag_0_layer_all,240.0,u_component_of_wind@500hPa,planetary,0.10794739542977248
sfno,mag_0_layer_all,0.0,u_component_of_wind@500hPa,synoptic,5.888470384765441e-07
sfno,mag_0_layer_all,24.0,u_component_of_wind@500hPa,synoptic,0.18098944547761298
sfno,mag_0_layer_all,48.0,u_component_of_wind@500hPa,synoptic,0.19825435837531602
sfno,mag_0_layer_all,72.0,u_component_of_wind@500hPa,synoptic,0.20185893603028254
sfno,mag_0_layer_all,96.0,u_component_of_wind@500hPa,synoptic,0.22987878596434308
sfno,mag_0_layer_all,120.0,u_component_of_wind@500hPa,synoptic,0.24344080080518765
sfno,mag_0_layer_all,144.0,u_component_of_wind@500hPa,synoptic,0.21982425980977677
sfno,mag_0_layer_all,168.0,u_component_of_wind@500hPa,synoptic,0.24761259357055787
sfno,mag_0_layer_all,192.0,u_component_of_wind@500hPa,synoptic,0.258513697317668
sfno,mag_0_layer_all,216.0,u_component_of_wind@500hPa,synoptic,0.2667725518694746
sfno,mag_0_layer_all,240.0,u_component_of_wind@500hPa,synoptic,0.24967825223740114
sfno,mag_0_layer_all,0.0,u_component_of_wind@500hPa,upper_mesoscale,3.149813019746916e-06
sfno,mag_0_layer_all,24.0,u_component_of_wind@500hPa,upper_mesoscale,0.7808777803929623
sfno,mag_0_layer_all,48.0,u_component_of_wind@500hPa,upper_mesoscale,0.7904526455103789
sfno,mag_0_layer_all,72.0,u_component_of_wind@500hPa,upper_mesoscale,0.8048994623446191
sfno,mag_0_layer_all,96.0,u_component_of_wind@500hPa,upper_mesoscale,0.8100675376077262
sfno,mag_0_layer_all,120.0,u_component_of_wind@500hPa,upper_mesoscale,0.8285911726071339
sfno,mag_0_layer_all,144.0,u_component_of_wind@500hPa,upper_mesoscale,0.8553225364205768
sfno,mag_0_layer_all,168.0,u_component_of_wind@500hPa,upper_mesoscale,0.8084335803067713
sfno,mag_0_layer_all,192.0,u_component_of_wind@500hPa,upper_mesoscale,0.8334068079209528
sfno,mag_0_layer_all,216.0,u_component_of_wind@500hPa,upper_mesoscale,0.849283328587663
sfno,mag_0_layer_all,240.0,u_component_of_wind@500hPa,upper_mesoscale,0.8160733619807913
sfno,mag_0_layer_all,0.0,u_component_of_wind@500hPa,lower_mesoscale,0.03340038136104941
sfno,mag_0_layer_all,24.0,u_component_of_wind@500hPa,lower_mesoscale,1.3327108742949123
sfno,mag_0_layer_all,48.0,u_component_of_wind@500hPa,lower_mesoscale,1.366473762048703
sfno,mag_0_layer_all,72.0,u_component_of_wind@500hPa,lower_mesoscale,1.3507814459008065
sfno,mag_0_layer_all,96.0,u_component_of_wind@500hPa,lower_mesoscale,1.3344378669734933
sfno,mag_0_layer_all,120.0,u_component_of_wind@500hPa,lower_mesoscale,1.337081715260328
sfno,mag_0_layer_all,144.0,u_component_of_wind@500hPa,lower_mesoscale,1.3242638379269513
sfno,mag_0_layer_all,168.0,u_component_of_wind@500hPa,lower_mesoscale,1.3266391641980566
sfno,mag_0_layer_all,192.0,u_component_of_wind@500hPa,lower_mesoscale,1.3295471726184294
sfno,mag_0_layer_all,216.0,u_component_of_wind@500hPa,lower_mesoscale,1.3115160628529343
sfno,mag_0_layer_all,240.0,u_component_of_wind@500hPa,lower_mesoscale,1.3115325796886783
sfno,mag_0.001_layer_all,0.0,u_component_of_wind@500hPa,planetary,1.0860815068300439e-07
sfno,mag_0.001_layer_all,24.0,u_component_of_wind@500hPa,planetary,0.015900606384271206
sfno,mag_0.001_layer_all,48.0,u_component_of_wind@500hPa,planetary,0.032077369204016916
sfno,mag_0.001_layer_all,72.0,u_component_of_wind@500hPa,planetary,0.04068674601875888
sfno,mag_0.001_layer_all,96.0,u_component_of_wind@500hPa,planetary,0.04526868696385079
sfno,mag_0.001_layer_all,120.0,u_component_of_wind@500hPa,planetary,0.06719105743745268
sfno,mag_0.001_layer_all,144.0,u_component_of_wind@500hPa,planetary,0.0817817632864503
sfno,mag_0.001_layer_all,168.0,u_component_of_wind@500hPa,planetary,0.0615902650479266
sfno,mag_0.001_layer_all,192.0,u_component_of_wind@500hPa,planetary,0.09096858281264661
sfno,mag_0.001_layer_all,216.0,u_component_of_wind@500hPa,planetary,0.05532564360864499
sfno,mag_0.001_layer_all,240.0,u_component_of_wind@500hPa,planetary,0.10495148690098455
sfno,mag_0.001_layer_all,0.0,u_component_of_wind@500hPa,synoptic,5.888470384765441e-07
sfno,mag_0.001_layer_all,24.0,u_component_of_wind@500hPa,synoptic,0.18079972870523608
sfno,mag_0.001_layer_all,48.0,u_component_of_wind@500hPa,synoptic,0.19770439062904438
sfno,mag_0.001_layer_all,72.0,u_component_of_wind@500hPa,synoptic,0.20117817945234986
sfno,mag_0.001_layer_all,96.0,u_component_of_wind@500hPa,synoptic,0.22885220799052683
sfno,mag_0.001_layer_all,120.0,u_component_of_wind@500hPa,synoptic,0.2418993187193322
sfno,mag_0.001_layer_all,144.0,u_component_of_wind@500hPa,synoptic,0.21903312636624164
sfno,mag_0.001_layer_all,168.0,u_component_of_wind@500hPa,synoptic,0.2443435406419135
sfno,mag_0.001_layer_all,192.0,u_component_of_wind@500hPa,synoptic,0.25592970045953045
sfno,mag_0.001_layer_all,216.0,u_component_of_wind@500hPa,synoptic,0.25864035604414426
sfno,mag_0.001_layer_all,240.0,u_component_of_wind@500hPa,synoptic,0.24273844317992666
sfno,mag_0.001_layer_all,0.0,u_component_of_wind@500hPa,upper_mesoscale,3.1498130197373246e-06
sfno,mag_0.001_layer_all,24.0,u_component_of_wind@500hPa,upper_mesoscale,0.7806113245751936
sfno,mag_0.001_layer_all,48.0,u_component_of_wind@500hPa,upper_mesoscale,0.790266682834569
sfno,mag_0.001_layer_all,72.0,u_component_of_wind@500hPa,upper_mesoscale,0.8047130325588665
sfno,mag_0.001_layer_all,96.0,u_component_of_wind@500hPa,upper_mesoscale,0.808320070724628
sfno,mag_0.001_layer_all,120.0,u_component_of_wind@500hPa,upper_mesoscale,0.8275537724271325
sfno,mag_0.001_layer_all,144.0,u_component_of_wind@500hPa,upper_mesoscale,0.8545736040452605
sfno,mag_0.001_layer_all,168.0,u_component_of_wind@500hPa,upper_mesoscale,0.8096120286781435
sfno,mag_0.001_layer_all,192.0,u_component_of_wind@500hPa,upper_mesoscale,0.8306691227318969
sfno,mag_0.001_layer_all,216.0,u_component_of_wind@500hPa,upper_mesoscale,0.8409962250404037
sfno,mag_0.001_layer_all,240.0,u_component_of_wind@500hPa,upper_mesoscale,0.8245490409052
sfno,mag_0.001_layer_all,0.0,u_component_of_wind@500hPa,lower_mesoscale,0.03340038136104941
sfno,mag_0.001_layer_all,24.0,u_component_of_wind@500hPa,lower_mesoscale,1.3329136392884786
sfno,mag_0.001_layer_all,48.0,u_component_of_wind@500hPa,lower_mesoscale,1.3664655605307694
sfno,mag_0.001_layer_all,72.0,u_component_of_wind@500hPa,lower_mesoscale,1.3505746309473097
sfno,mag_0.001_layer_all,96.0,u_component_of_wind@500hPa,lower_mesoscale,1.3340444688931141
sfno,mag_0.001_layer_all,120.0,u_component_of_wind@500hPa,lower_mesoscale,1.3373557184295757
sfno,mag_0.001_layer_all,144.0,u_component_of_wind@500hPa,lower_mesoscale,1.3240376611585958
sfno,mag_0.001_layer_all,168.0,u_component_of_wind@500hPa,lower_mesoscale,1.32639465676601
sfno,mag_0.001_layer_all,192.0,u_component_of_wind@500hPa,lower_mesoscale,1.3291932377302798
sfno,mag_0.001_layer_all,216.0,u_component_of_wind@500hPa,lower_mesoscale,1.3099487380348407
sfno,mag_0.001_layer_all,240.0,u_component_of_wind@500hPa,lower_mesoscale,1.3121779268978901
sfno,mag_0.003_layer_all,0.0,u_component_of_wind@500hPa,planetary,1.0860815068300439e-07
sfno,mag_0.003_layer_all,24.0,u_component_of_wind@500hPa,planetary,0.01572334806189417
sfno,mag_0.003_layer_all,48.0,u_component_of_wind@500hPa,planetary,0.031790377922903526
sfno,mag_0.003_layer_all,72.0,u_component_of_wind@500hPa,planetary,0.040070247746258635
sfno,mag_0.003_layer_all,96.0,u_component_of_wind@500hPa,planetary,0.044683347151088834
sfno,mag_0.003_layer_all,120.0,u_component_of_wind@500hPa,planetary,0.06631108922526596
sfno,mag_0.003_layer_all,144.0,u_component_of_wind@500hPa,planetary,0.07947702814654964
sfno,mag_0.003_layer_all,168.0,u_component_of_wind@500hPa,planetary,0.06362594760582069
sfno,mag_0.003_layer_all,192.0,u_component_of_wind@500hPa,planetary,0.08315681796051003
sfno,mag_0.003_layer_all,216.0,u_component_of_wind@500hPa,planetary,0.05030270370696096
sfno,mag_0.003_layer_all,240.0,u_component_of_wind@500hPa,planetary,0.08590864825502739
sfno,mag_0.003_layer_all,0.0,u_component_of_wind@500hPa,synoptic,5.888470384765441e-07
sfno,mag_0.003_layer_all,24.0,u_component_of_wind@500hPa,synoptic,0.17996194280418223
sfno,mag_0.003_layer_all,48.0,u_component_of_wind@500hPa,synoptic,0.19631053433306445
sfno,mag_0.003_layer_all,72.0,u_component_of_wind@500hPa,synoptic,0.1993652957250251
sfno,mag_0.003_layer_all,96.0,u_component_of_wind@500hPa,synoptic,0.22591891199259276
sfno,mag_0.003_layer_all,120.0,u_component_of_wind@500hPa,synoptic,0.23838565691530864
sfno,mag_0.003_layer_all,144.0,u_component_of_wind@500hPa,synoptic,0.21671526082881215
sfno,mag_0.003_layer_all,168.0,u_component_of_wind@500hPa,synoptic,0.23974827937409676
sfno,mag_0.003_layer_all,192.0,u_component_of_wind@500hPa,synoptic,0.248400489425223
sfno,mag_0.003_layer_all,216.0,u_component_of_wind@500hPa,synoptic,0.23466433342238552
sfno,mag_0.003_layer_all,240.0,u_component_of_wind@500hPa,synoptic,0.23667549258311676
sfno,mag_0.003_layer_all,0.0,u_component_of_wind@500hPa,upper_mesoscale,3.1498130197373246e-06
sfno,mag_0.003_layer_all,24.0,u_component_of_wind@500hPa,upper_mesoscale,0.7796784942091411
sfno,mag_0.003_layer_all,48.0,u_component_of_wind@500hPa,upper_mesoscale,0.7891252247940069
sfno,mag_0.003_layer_all,72.0,u_component_of_wind@500hPa,upper_mesoscale,0.8029708647076738
sfno,mag_0.003_layer_all,96.0,u_component_of_wind@500hPa,upper_mesoscale,0.8036734178173193
sfno,mag_0.003_layer_all,120.0,u_component_of_wind@500hPa,upper_mesoscale,0.8245388994542627
sfno,mag_0.003_layer_all,144.0,u_component_of_wind@500hPa,upper_mesoscale,0.8506022827876581
sfno,mag_0.003_layer_all,168.0,u_component_of_wind@500hPa,upper_mesoscale,0.8100761613197698
sfno,mag_0.003_layer_all,192.0,u_component_of_wind@500hPa,upper_mesoscale,0.8281629938229135
sfno,mag_0.003_layer_all,216.0,u_component_of_wind@500hPa,upper_mesoscale,0.8315246577430078
sfno,mag_0.003_layer_all,240.0,u_component_of_wind@500hPa,upper_mesoscale,0.8115172644062257
sfno,mag_0.003_layer_all,0.0,u_component_of_wind@500hPa,lower_mesoscale,0.03340038136104941
sfno,mag_0.003_layer_all,24.0,u_component_of_wind@500hPa,lower_mesoscale,1.3327039757233983
sfno,mag_0.003_layer_all,48.0,u_component_of_wind@500hPa,lower_mesoscale,1.3661577362547492
sfno,mag_0.003_layer_all,72.0,u_component_of_wind@500hPa,lower_mesoscale,1.3495722020829473
sfno,mag_0.003_layer_all,96.0,u_component_of_wind@500hPa,lower_mesoscale,1.332992047068902
sfno,mag_0.003_layer_all,120.0,u_component_of_wind@500hPa,lower_mesoscale,1.3366564010163229
sfno,mag_0.003_layer_all,144.0,u_component_of_wind@500hPa,lower_mesoscale,1.3231707618039694
sfno,mag_0.003_layer_all,168.0,u_component_of_wind@500hPa,lower_mesoscale,1.3258269890046948
sfno,mag_0.003_layer_all,192.0,u_component_of_wind@500hPa,lower_mesoscale,1.3276484090563645
sfno,mag_0.003_layer_all,216.0,u_component_of_wind@500hPa,lower_mesoscale,1.3069917077894249
sfno,mag_0.003_layer_all,240.0,u_component_of_wind@500hPa,lower_mesoscale,1.3120294307534732
sfno,mag_0.01_layer_all,0.0,u_component_of_wind@500hPa,planetary,1.0860815068300439e-07
sfno,mag_0.01_layer_all,24.0,u_component_of_wind@500hPa,planetary,0.015171134636488517
sfno,mag_0.01_layer_all,48.0,u_component_of_wind@500hPa,planetary,0.030774599207804225
sfno,mag_0.01_layer_all,72.0,u_component_of_wind@500hPa,planetary,0.03778310104062379
sfno,mag_0.01_layer_all,96.0,u_component_of_wind@500hPa,planetary,0.042233956277435925
sfno,mag_0.01_layer_all,120.0,u_component_of_wind@500hPa,planetary,0.05676017100546235
sfno,mag_0.01_layer_all,144.0,u_component_of_wind@500hPa,planetary,0.06759634203976667
sfno,mag_0.01_layer_all,168.0,u_component_of_wind@500hPa,planetary,0.06622436364607939
sfno,mag_0.01_layer_all,192.0,u_component_of_wind@500hPa,planetary,0.06061236291093271
sfno,mag_0.01_layer_all,216.0,u_component_of_wind@500hPa,planetary,0.038512225037356664
sfno,mag_0.01_layer_all,240.0,u_component_of_wind@500hPa,planetary,0.06769082234869198
sfno,mag_0.01_layer_all,0.0,u_component_of_wind@500hPa,synoptic,5.888470384765441e-07
sfno,mag_0.01_layer_all,24.0,u_component_of_wind@500hPa,synoptic,0.17557276189129892
sfno,mag_0.01_layer_all,48.0,u_component_of_wind@500hPa,synoptic,0.18862103492471405
sfno,mag_0.01_layer_all,72.0,u_component_of_wind@500hPa,synoptic,0.1893662433069014
sfno,mag_0.01_layer_all,96.0,u_component_of_wind@500hPa,synoptic,0.21068654587343663
sfno,mag_0.01_layer_all,120.0,u_component_of_wind@500hPa,synoptic,0.21779199342017705
sfno,mag_0.01_layer_all,144.0,u_component_of_wind@500hPa,synoptic,0.20350368374424774
sfno,mag_0.01_layer_all,168.0,u_component_of_wind@500hPa,synoptic,0.2162974858669833
sfno,mag_0.01_layer_all,192.0,u_component_of_wind@500hPa,synoptic,0.22173524653489643
sfno,mag_0.01_layer_all,216.0,u_component_of_wind@500hPa,synoptic,0.20135998293807653
sfno,mag_0.01_layer_all,240.0,u_component_of_wind@500hPa,synoptic,0.1991889199303155
sfno,mag_0.01_layer_all,0.0,u_component_of_wind@500hPa,upper_mesoscale,3.1498130197373246e-06
sfno,mag_0.01_layer_all,24.0,u_component_of_wind@500hPa,upper_mesoscale,0.7739182355533335
sfno,mag_0.01_layer_all,48.0,u_component_of_wind@500hPa,upper_mesoscale,0.7810856797303126
sfno,mag_0.01_layer_all,72.0,u_component_of_wind@500hPa,upper_mesoscale,0.7896047161256717
sfno,mag_0.01_layer_all,96.0,u_component_of_wind@500hPa,upper_mesoscale,0.7892601394529123
sfno,mag_0.01_layer_all,120.0,u_component_of_wind@500hPa,upper_mesoscale,0.8148554705341128
sfno,mag_0.01_layer_all,144.0,u_component_of_wind@500hPa,upper_mesoscale,0.835855583159753
sfno,mag_0.01_layer_all,168.0,u_component_of_wind@500hPa,upper_mesoscale,0.796524678164532
sfno,mag_0.01_layer_all,192.0,u_component_of_wind@500hPa,upper_mesoscale,0.8050514212751625
sfno,mag_0.01_layer_all,216.0,u_component_of_wind@500hPa,upper_mesoscale,0.8160071903557478
sfno,mag_0.01_layer_all,240.0,u_component_of_wind@500hPa,upper_mesoscale,0.7905920285685607
sfno,mag_0.01_layer_all,0.0,u_component_of_wind@500hPa,lower_mesoscale,0.03340038136104941
sfno,mag_0.01_layer_all,24.0,u_component_of_wind@500hPa,lower_mesoscale,1.3301388682322615
sfno,mag_0.01_layer_all,48.0,u_component_of_wind@500hPa,lower_mesoscale,1.3611456117859198
sfno,mag_0.01_layer_all,72.0,u_component_of_wind@500hPa,lower_mesoscale,1.34195144200853
sfno,mag_0.01_layer_all,96.0,u_component_of_wind@500hPa,lower_mesoscale,1.325530485440516
sfno,mag_0.01_layer_all,120.0,u_component_of_wind@500hPa,lower_mesoscale,1.327473834274031
sfno,mag_0.01_layer_all,144.0,u_component_of_wind@500hPa,lower_mesoscale,1.3147611355820055
sfno,mag_0.01_layer_all,168.0,u_component_of_wind@500hPa,lower_mesoscale,1.3186509948735046
sfno,mag_0.01_layer_all,192.0,u_component_of_wind@500hPa,lower_mesoscale,1.3193828493029325
sfno,mag_0.01_layer_all,216.0,u_component_of_wind@500hPa,lower_mesoscale,1.2953287902770303
sfno,mag_0.01_layer_all,240.0,u_component_of_wind@500hPa,lower_mesoscale,1.3004383487794322
sfno,mag_0.03_layer_all,0.0,u_component_of_wind@500hPa,planetary,1.0860815068300439e-07
sfno,mag_0.03_layer_all,24.0,u_component_of_wind@500hPa,planetary,0.012744962641764956
sfno,mag_0.03_layer_all,48.0,u_component_of_wind@500hPa,planetary,0.024581867983432676
sfno,mag_0.03_layer_all,72.0,u_component_of_wind@500hPa,planetary,0.029895960727541266
sfno,mag_0.03_layer_all,96.0,u_component_of_wind@500hPa,planetary,0.030628699452498378
sfno,mag_0.03_layer_all,120.0,u_component_of_wind@500hPa,planetary,0.033651000785542694
sfno,mag_0.03_layer_all,144.0,u_component_of_wind@500hPa,planetary,0.031237313445574722
sfno,mag_0.03_layer_all,168.0,u_component_of_wind@500hPa,planetary,0.05659165811752064
sfno,mag_0.03_layer_all,192.0,u_component_of_wind@500hPa,planetary,0.0640178009984743
sfno,mag_0.03_layer_all,216.0,u_component_of_wind@500hPa,planetary,0.03800552501336408
sfno,mag_0.03_layer_all,240.0,u_component_of_wind@500hPa,planetary,0.04120706319077907
sfno,mag_0.03_layer_all,0.0,u_component_of_wind@500hPa,synoptic,5.888470384765441e-07
sfno,mag_0.03_layer_all,24.0,u_component_of_wind@500hPa,synoptic,0.14962822870293854
sfno,mag_0.03_layer_all,48.0,u_component_of_wind@500hPa,synoptic,0.1429707552723213
sfno,mag_0.03_layer_all,72.0,u_component_of_wind@500hPa,synoptic,0.1319905043140815
sfno,mag_0.03_layer_all,96.0,u_component_of_wind@500hPa,synoptic,0.13323355741376885
sfno,mag_0.03_layer_all,120.0,u_component_of_wind@500hPa,synoptic,0.1250057970871529
sfno,mag_0.03_layer_all,144.0,u_component_of_wind@500hPa,synoptic,0.11040740297243877
sfno,mag_0.03_layer_all,168.0,u_component_of_wind@500hPa,synoptic,0.10230825068451445
sfno,mag_0.03_layer_all,192.0,u_component_of_wind@500hPa,synoptic,0.10473433677686801
sfno,mag_0.03_layer_all,216.0,u_component_of_wind@500hPa,synoptic,0.10263183506172696
sfno,mag_0.03_layer_all,240.0,u_component_of_wind@500hPa,synoptic,0.09407184703499318
sfno,mag_0.03_layer_all,0.0,u_component_of_wind@500hPa,upper_mesoscale,3.1498130197373246e-06
sfno,mag_0.03_layer_all,24.0,u_component_of_wind@500hPa,upper_mesoscale,0.7358604016656379
sfno,mag_0.03_layer_all,48.0,u_component_of_wind@500hPa,upper_mesoscale,0.7334697924494085
sfno,mag_0.03_layer_all,72.0,u_component_of_wind@500hPa,upper_mesoscale,0.7201494534135289
sfno,mag_0.03_layer_all,96.0,u_component_of_wind@500hPa,upper_mesoscale,0.7141621750359523
sfno,mag_0.03_layer_all,120.0,u_component_of_wind@500hPa,upper_mesoscale,0.7252728819059182
sfno,mag_0.03_layer_all,144.0,u_component_of_wind@500hPa,upper_mesoscale,0.6873366385056856
sfno,mag_0.03_layer_all,168.0,u_component_of_wind@500hPa,upper_mesoscale,0.6547313323394448
sfno,mag_0.03_layer_all,192.0,u_component_of_wind@500hPa,upper_mesoscale,0.6411785993399073
sfno,mag_0.03_layer_all,216.0,u_component_of_wind@500hPa,upper_mesoscale,0.6080406388589931
sfno,mag_0.03_layer_all,240.0,u_component_of_wind@500hPa,upper_mesoscale,0.6059212968940724
sfno,mag_0.03_layer_all,0.0,u_component_of_wind@500hPa,lower_mesoscale,0.03340038136104941
sfno,mag_0.03_layer_all,24.0,u_component_of_wind@500hPa,lower_mesoscale,1.3122410809887037
sfno,mag_0.03_layer_all,48.0,u_component_of_wind@500hPa,lower_mesoscale,1.3259304563254057
sfno,mag_0.03_layer_all,72.0,u_component_of_wind@500hPa,lower_mesoscale,1.2986239443594618
sfno,mag_0.03_layer_all,96.0,u_component_of_wind@500hPa,lower_mesoscale,1.2831411725913917
sfno,mag_0.03_layer_all,120.0,u_component_of_wind@500hPa,lower_mesoscale,1.2793207086471279
sfno,mag_0.03_layer_all,144.0,u_component_of_wind@500hPa,lower_mesoscale,1.2590586591317556
sfno,mag_0.03_layer_all,168.0,u_component_of_wind@500hPa,lower_mesoscale,1.2540906688196274
sfno,mag_0.03_layer_all,192.0,u_component_of_wind@500hPa,lower_mesoscale,1.2529331068783465
sfno,mag_0.03_layer_all,216.0,u_component_of_wind@500hPa,lower_mesoscale,1.2245949886360876
sfno,mag_0.03_layer_all,240.0,u_component_of_wind@500hPa,lower_mesoscale,1.2258769393510445
sfno,mag_0.1_layer_all,0.0,u_component_of_wind@500hPa,planetary,1.0860815068300439e-07
sfno,mag_0.1_layer_all,24.0,u_component_of_wind@500hPa,planetary,0.0421095645111001
sfno,mag_0.1_layer_all,48.0,u_component_of_wind@500hPa,planetary,0.09540547070962276
sfno,mag_0.1_layer_all,72.0,u_component_of_wind@500hPa,planetary,0.15241182876708004
sfno,mag_0.1_layer_all,96.0,u_component_of_wind@500hPa,planetary,0.21161979463194608
sfno,mag_0.1_layer_all,120.0,u_component_of_wind@500hPa,planetary,0.3176219954353163
sfno,mag_0.1_layer_all,144.0,u_component_of_wind@500hPa,planetary,0.4638442448355576
sfno,mag_0.1_layer_all,168.0,u_component_of_wind@500hPa,planetary,0.6596286144527238
sfno,mag_0.1_layer_all,192.0,u_component_of_wind@500hPa,planetary,0.8287797827860135
sfno,mag_0.1_layer_all,216.0,u_component_of_wind@500hPa,planetary,0.9558828067755027
sfno,mag_0.1_layer_all,240.0,u_component_of_wind@500hPa,planetary,1.071549368883664
sfno,mag_0.1_layer_all,0.0,u_component_of_wind@500hPa,synoptic,5.888470384765441e-07
sfno,mag_0.1_layer_all,24.0,u_component_of_wind@500hPa,synoptic,0.09950975485874314
sfno,mag_0.1_layer_all,48.0,u_component_of_wind@500hPa,synoptic,0.3130195045334134
sfno,mag_0.1_layer_all,72.0,u_component_of_wind@500hPa,synoptic,0.44615182286474886
sfno,mag_0.1_layer_all,96.0,u_component_of_wind@500hPa,synoptic,0.5809407700511577
sfno,mag_0.1_layer_all,120.0,u_component_of_wind@500hPa,synoptic,0.8169714903756484
sfno,mag_0.1_layer_all,144.0,u_component_of_wind@500hPa,synoptic,0.9760337916453562
sfno,mag_0.1_layer_all,168.0,u_component_of_wind@500hPa,synoptic,1.1145331824931046
sfno,mag_0.1_layer_all,192.0,u_component_of_wind@500hPa,synoptic,1.2419316662081925
sfno,mag_0.1_layer_all,216.0,u_component_of_wind@500hPa,synoptic,1.3646393660208822
sfno,mag_0.1_layer_all,240.0,u_component_of_wind@500hPa,synoptic,1.4830928107968164
sfno,mag_0.1_layer_all,0.0,u_component_of_wind@500hPa,upper_mesoscale,3.1498130197373246e-06
sfno,mag_0.1_layer_all,24.0,u_component_of_wind@500hPa,upper_mesoscale,0.34920792231443654
sfno,mag_0.1_layer_all,48.0,u_component_of_wind@500hPa,upper_mesoscale,0.15227578347875848
sfno,mag_0.1_layer_all,72.0,u_component_of_wind@500hPa,upper_mesoscale,0.2999315464577873
sfno,mag_0.1_layer_all,96.0,u_component_of_wind@500hPa,upper_mesoscale,0.5657400095565024
sfno,mag_0.1_layer_all,120.0,u_component_of_wind@500hPa,upper_mesoscale,0.9048177168168976
sfno,mag_0.1_layer_all,144.0,u_component_of_wind@500hPa,upper_mesoscale,1.0189286577333534
sfno,mag_0.1_layer_all,168.0,u_component_of_wind@500hPa,upper_mesoscale,1.200606236690522
sfno,mag_0.1_layer_all,192.0,u_component_of_wind@500hPa,upper_mesoscale,1.3270468624842129
sfno,mag_0.1_layer_all,216.0,u_component_of_wind@500hPa,upper_mesoscale,1.3923996511704708
sfno,mag_0.1_layer_all,240.0,u_component_of_wind@500hPa,upper_mesoscale,1.481255706373096
sfno,mag_0.1_layer_all,0.0,u_component_of_wind@500hPa,lower_mesoscale,0.03340038136104941
sfno,mag_0.1_layer_all,24.0,u_component_of_wind@500hPa,lower_mesoscale,1.177269669435439
sfno,mag_0.1_layer_all,48.0,u_component_of_wind@500hPa,lower_mesoscale,1.1487123342165222
sfno,mag_0.1_layer_all,72.0,u_component_of_wind@500hPa,lower_mesoscale,1.1897898596023648
sfno,mag_0.1_layer_all,96.0,u_component_of_wind@500hPa,lower_mesoscale,1.2978089492958857
sfno,mag_0.1_layer_all,120.0,u_component_of_wind@500hPa,lower_mesoscale,1.5151196317044546
sfno,mag_0.1_layer_all,144.0,u_component_of_wind@500hPa,lower_mesoscale,1.6437852744465578
sfno,mag_0.1_layer_all,168.0,u_component_of_wind@500hPa,lower_mesoscale,1.871411631384761
sfno,mag_0.1_layer_all,192.0,u_component_of_wind@500hPa,lower_mesoscale,2.060084875721432
sfno,mag_0.1_layer_all,216.0,u_component_of_wind@500hPa,lower_mesoscale,2.2496579760060897
sfno,mag_0.1_layer_all,240.0,u_component_of_wind@500hPa,lower_mesoscale,2.4564466443067974
aifs,mag_0_layer_all,0.0,u_component_of_wind@500hPa,planetary,9.718577922090043e-07
aifs,mag_0_layer_all,24.0,u_component_of_wind@500hPa,planetary,0.010103075674258003
aifs,mag_0_layer_all,48.0,u_component_of_wind@500hPa,planetary,0.02223684112088457
aifs,mag_0_layer_all,72.0,u_component_of_wind@500hPa,planetary,0.029563253458803913
aifs,mag_0_layer_all,96.0,u_component_of_wind@500hPa,planetary,0.047294686480927536
aifs,mag_0_layer_all,120.0,u_component_of_wind@500hPa,planetary,0.061667484945178305
aifs,mag_0_layer_all,144.0,u_component_of_wind@500hPa,planetary,0.05877377291367966
aifs,mag_0_layer_all,168.0,u_component_of_wind@500hPa,planetary,0.05743118991300288
aifs,mag_0_layer_all,192.0,u_component_of_wind@500hPa,planetary,0.08717208439672214
aifs,mag_0_layer_all,216.0,u_component_of_wind@500hPa,planetary,0.11822511936106107
aifs,mag_0_layer_all,240.0,u_component_of_wind@500hPa,planetary,0.12164895122156595
aifs,mag_0_layer_all,0.0,u_component_of_wind@500hPa,synoptic,2.4022664564444955e-06
aifs,mag_0_layer_all,24.0,u_component_of_wind@500hPa,synoptic,0.14347636310438902
aifs,mag_0_layer_all,48.0,u_component_of_wind@500hPa,synoptic,0.2421608569125161
aifs,mag_0_layer_all,72.0,u_component_of_wind@500hPa,synoptic,0.2997862402676143
aifs,mag_0_layer_all,96.0,u_component_of_wind@500hPa,synoptic,0.35461681615720053
aifs,mag_0_layer_all,120.0,u_component_of_wind@500hPa,synoptic,0.3892819066792664
aifs,mag_0_layer_all,144.0,u_component_of_wind@500hPa,synoptic,0.40113101338144835
aifs,mag_0_layer_all,168.0,u_component_of_wind@500hPa,synoptic,0.39769845740217274
aifs,mag_0_layer_all,192.0,u_component_of_wind@500hPa,synoptic,0.43501728992161376
aifs,mag_0_layer_all,216.0,u_component_of_wind@500hPa,synoptic,0.4377614932689405
aifs,mag_0_layer_all,240.0,u_component_of_wind@500hPa,synoptic,0.4649930520097277
aifs,mag_0_layer_all,0.0,u_component_of_wind@500hPa,upper_mesoscale,7.235960369565147e-06
aifs,mag_0_layer_all,24.0,u_component_of_wind@500hPa,upper_mesoscale,0.6788031372071741
aifs,mag_0_layer_all,48.0,u_component_of_wind@500hPa,upper_mesoscale,0.8238881651020528
aifs,mag_0_layer_all,72.0,u_component_of_wind@500hPa,upper_mesoscale,0.922539545664803
aifs,mag_0_layer_all,96.0,u_component_of_wind@500hPa,upper_mesoscale,0.9888407296114858
aifs,mag_0_layer_all,120.0,u_component_of_wind@500hPa,upper_mesoscale,1.0247267062590983
aifs,mag_0_layer_all,144.0,u_component_of_wind@500hPa,upper_mesoscale,1.016290109073285
aifs,mag_0_layer_all,168.0,u_component_of_wind@500hPa,upper_mesoscale,1.0106168783862297
aifs,mag_0_layer_all,192.0,u_component_of_wind@500hPa,upper_mesoscale,1.0363359713328875
aifs,mag_0_layer_all,216.0,u_component_of_wind@500hPa,upper_mesoscale,1.0402629634562277
aifs,mag_0_layer_all,240.0,u_component_of_wind@500hPa,upper_mesoscale,1.0083515034610646
aifs,mag_0_layer_all,0.0,u_component_of_wind@500hPa,lower_mesoscale,0.0728325290898444
aifs,mag_0_layer_all,24.0,u_component_of_wind@500hPa,lower_mesoscale,1.3885001622926787
aifs,mag_0_layer_all,48.0,u_component_of_wind@500hPa,lower_mesoscale,1.4110144111604557
aifs,mag_0_layer_all,72.0,u_component_of_wind@500hPa,lower_mesoscale,1.4298494632941932
aifs,mag_0_layer_all,96.0,u_component_of_wind@500hPa,lower_mesoscale,1.4307022308253878
aifs,mag_0_layer_all,120.0,u_component_of_wind@500hPa,lower_mesoscale,1.4351948477255023
aifs,mag_0_layer_all,144.0,u_component_of_wind@500hPa,lower_mesoscale,1.4195373722760782
aifs,mag_0_layer_all,168.0,u_component_of_wind@500hPa,lower_mesoscale,1.4337413557256935
aifs,mag_0_layer_all,192.0,u_component_of_wind@500hPa,lower_mesoscale,1.4375680826851687
aifs,mag_0_layer_all,216.0,u_component_of_wind@500hPa,lower_mesoscale,1.4123241268033775
aifs,mag_0_layer_all,240.0,u_component_of_wind@500hPa,lower_mesoscale,1.417676636441287
aifs,mag_0.003_layer_all,0.0,u_component_of_wind@500hPa,planetary,9.718577922050465e-07
aifs,mag_0.003_layer_all,24.0,u_component_of_wind@500hPa,planetary,0.010515444255431685
aifs,mag_0.003_layer_all,48.0,u_component_of_wind@500hPa,planetary,0.022409759461150106
aifs,mag_0.003_layer_all,72.0,u_component_of_wind@500hPa,planetary,0.029717159480311263
aifs,mag_0.003_layer_all,96.0,u_component_of_wind@500hPa,planetary,0.04603999950556664
aifs,mag_0.003_layer_all,120.0,u_component_of_wind@500hPa,planetary,0.06052903971557507
aifs,mag_0.003_layer_all,144.0,u_component_of_wind@500hPa,planetary,0.056611293184996185
aifs,mag_0.003_layer_all,168.0,u_component_of_wind@500hPa,planetary,0.053492966946297224
aifs,mag_0.003_layer_all,192.0,u_component_of_wind@500hPa,planetary,0.08290803107698384
aifs,mag_0.003_layer_all,216.0,u_component_of_wind@500hPa,planetary,0.1057015987035723
aifs,mag_0.003_layer_all,240.0,u_component_of_wind@500hPa,planetary,0.11081731668974226
aifs,mag_0.003_layer_all,0.0,u_component_of_wind@500hPa,synoptic,2.4022664564444955e-06
aifs,mag_0.003_layer_all,24.0,u_component_of_wind@500hPa,synoptic,0.1454280266568218
aifs,mag_0.003_layer_all,48.0,u_component_of_wind@500hPa,synoptic,0.24204373866620585
aifs,mag_0.003_layer_all,72.0,u_component_of_wind@500hPa,synoptic,0.29756035345527293
aifs,mag_0.003_layer_all,96.0,u_component_of_wind@500hPa,synoptic,0.3497883999561563
aifs,mag_0.003_layer_all,120.0,u_component_of_wind@500hPa,synoptic,0.38159950649025
aifs,mag_0.003_layer_all,144.0,u_component_of_wind@500hPa,synoptic,0.3943546930474045
aifs,mag_0.003_layer_all,168.0,u_component_of_wind@500hPa,synoptic,0.3867384479944521
aifs,mag_0.003_layer_all,192.0,u_component_of_wind@500hPa,synoptic,0.42619931113996634
aifs,mag_0.003_layer_all,216.0,u_component_of_wind@500hPa,synoptic,0.4343749473302055
aifs,mag_0.003_layer_all,240.0,u_component_of_wind@500hPa,synoptic,0.45309489928483465
aifs,mag_0.003_layer_all,0.0,u_component_of_wind@500hPa,upper_mesoscale,7.2359603695644115e-06
aifs,mag_0.003_layer_all,24.0,u_component_of_wind@500hPa,upper_mesoscale,0.6643828553577966
aifs,mag_0.003_layer_all,48.0,u_component_of_wind@500hPa,upper_mesoscale,0.8002526814692003
aifs,mag_0.003_layer_all,72.0,u_component_of_wind@500hPa,upper_mesoscale,0.892220408882251
aifs,mag_0.003_layer_all,96.0,u_component_of_wind@500hPa,upper_mesoscale,0.9514703648467564
aifs,mag_0.003_layer_all,120.0,u_component_of_wind@500hPa,upper_mesoscale,0.9867162198033269
aifs,mag_0.003_layer_all,144.0,u_component_of_wind@500hPa,upper_mesoscale,0.975943309946584
aifs,mag_0.003_layer_all,168.0,u_component_of_wind@500hPa,upper_mesoscale,0.9692484298943286
aifs,mag_0.003_layer_all,192.0,u_component_of_wind@500hPa,upper_mesoscale,0.9964559086622561
aifs,mag_0.003_layer_all,216.0,u_component_of_wind@500hPa,upper_mesoscale,0.9989292468954423
aifs,mag_0.003_layer_all,240.0,u_component_of_wind@500hPa,upper_mesoscale,0.9683166630624421
aifs,mag_0.003_layer_all,0.0,u_component_of_wind@500hPa,lower_mesoscale,0.07283252908984439
aifs,mag_0.003_layer_all,24.0,u_component_of_wind@500hPa,lower_mesoscale,1.3854468479090298
aifs,mag_0.003_layer_all,48.0,u_component_of_wind@500hPa,lower_mesoscale,1.404984768556508
aifs,mag_0.003_layer_all,72.0,u_component_of_wind@500hPa,lower_mesoscale,1.4209394645603568
aifs,mag_0.003_layer_all,96.0,u_component_of_wind@500hPa,lower_mesoscale,1.4205034944984212
aifs,mag_0.003_layer_all,120.0,u_component_of_wind@500hPa,lower_mesoscale,1.424097144712239
aifs,mag_0.003_layer_all,144.0,u_component_of_wind@500hPa,lower_mesoscale,1.4102287686581334
aifs,mag_0.003_layer_all,168.0,u_component_of_wind@500hPa,lower_mesoscale,1.4239033815771582
aifs,mag_0.003_layer_all,192.0,u_component_of_wind@500hPa,lower_mesoscale,1.427467224632067
aifs,mag_0.003_layer_all,216.0,u_component_of_wind@500hPa,lower_mesoscale,1.4016443479451348
aifs,mag_0.003_layer_all,240.0,u_component_of_wind@500hPa,lower_mesoscale,1.4059976235343374
aifs,mag_0.01_layer_all,0.0,u_component_of_wind@500hPa,planetary,9.718577922050465e-07
aifs,mag_0.01_layer_all,24.0,u_component_of_wind@500hPa,planetary,0.017283341204150374
aifs,mag_0.01_layer_all,48.0,u_component_of_wind@500hPa,planetary,0.02967332320324223
aifs,mag_0.01_layer_all,72.0,u_component_of_wind@500hPa,planetary,0.03753417817943104
aifs,mag_0.01_layer_all,96.0,u_component_of_wind@500hPa,planetary,0.05060737057155439
aifs,mag_0.01_layer_all,120.0,u_component_of_wind@500hPa,planetary,0.06837591855844714
aifs,mag_0.01_layer_all,144.0,u_component_of_wind@500hPa,planetary,0.052820152086286064
aifs,mag_0.01_layer_all,168.0,u_component_of_wind@500hPa,planetary,0.0491960582569563
aifs,mag_0.01_layer_all,192.0,u_component_of_wind@500hPa,planetary,0.08433797544189929
aifs,mag_0.01_layer_all,216.0,u_component_of_wind@500hPa,planetary,0.09277896670718969
aifs,mag_0.01_layer_all,240.0,u_component_of_wind@500hPa,planetary,0.09863437792010142
aifs,mag_0.01_layer_all,0.0,u_component_of_wind@500hPa,synoptic,2.4022664564444955e-06
aifs,mag_0.01_layer_all,24.0,u_component_of_wind@500hPa,synoptic,0.1626334539205622
aifs,mag_0.01_layer_all,48.0,u_component_of_wind@500hPa,synoptic,0.25509507997161296
aifs,mag_0.01_layer_all,72.0,u_component_of_wind@500hPa,synoptic,0.307960613152037
aifs,mag_0.01_layer_all,96.0,u_component_of_wind@500hPa,synoptic,0.3494073130351919
aifs,mag_0.01_layer_all,120.0,u_component_of_wind@500hPa,synoptic,0.3649991951349836
aifs,mag_0.01_layer_all,144.0,u_component_of_wind@500hPa,synoptic,0.37526013109791984
aifs,mag_0.01_layer_all,168.0,u_component_of_wind@500hPa,synoptic,0.369103816032361
aifs,mag_0.01_layer_all,192.0,u_component_of_wind@500hPa,synoptic,0.4078088039160633
aifs,mag_0.01_layer_all,216.0,u_component_of_wind@500hPa,synoptic,0.41532797111594505
aifs,mag_0.01_layer_all,240.0,u_component_of_wind@500hPa,synoptic,0.4242135383335092
aifs,mag_0.01_layer_all,0.0,u_component_of_wind@500hPa,upper_mesoscale,7.2359603695644115e-06
aifs,mag_0.01_layer_all,24.0,u_component_of_wind@500hPa,upper_mesoscale,0.5910484730589557
aifs,mag_0.01_layer_all,48.0,u_component_of_wind@500hPa,upper_mesoscale,0.6829138020327897
aifs,mag_0.01_layer_all,72.0,u_component_of_wind@500hPa,upper_mesoscale,0.7485736506439657
aifs,mag_0.01_layer_all,96.0,u_component_of_wind@500hPa,upper_mesoscale,0.779701147445861
aifs,mag_0.01_layer_all,120.0,u_component_of_wind@500hPa,upper_mesoscale,0.8031302719687431
aifs,mag_0.01_layer_all,144.0,u_component_of_wind@500hPa,upper_mesoscale,0.7834429440078936
aifs,mag_0.01_layer_all,168.0,u_component_of_wind@500hPa,upper_mesoscale,0.7754158647686151
aifs,mag_0.01_layer_all,192.0,u_component_of_wind@500hPa,upper_mesoscale,0.8042216651772686
aifs,mag_0.01_layer_all,216.0,u_component_of_wind@500hPa,upper_mesoscale,0.8040232386411418
aifs,mag_0.01_layer_all,240.0,u_component_of_wind@500hPa,upper_mesoscale,0.7967151354783745
aifs,mag_0.01_layer_all,0.0,u_component_of_wind@500hPa,lower_mesoscale,0.07283252908984439
aifs,mag_0.01_layer_all,24.0,u_component_of_wind@500hPa,lower_mesoscale,1.376422981068431
aifs,mag_0.01_layer_all,48.0,u_component_of_wind@500hPa,lower_mesoscale,1.3874562352171
aifs,mag_0.01_layer_all,72.0,u_component_of_wind@500hPa,lower_mesoscale,1.3955137960543607
aifs,mag_0.01_layer_all,96.0,u_component_of_wind@500hPa,lower_mesoscale,1.3878806366904821
aifs,mag_0.01_layer_all,120.0,u_component_of_wind@500hPa,lower_mesoscale,1.3917092302168346
aifs,mag_0.01_layer_all,144.0,u_component_of_wind@500hPa,lower_mesoscale,1.3838633170353378
aifs,mag_0.01_layer_all,168.0,u_component_of_wind@500hPa,lower_mesoscale,1.3949179272292913
aifs,mag_0.01_layer_all,192.0,u_component_of_wind@500hPa,lower_mesoscale,1.3980606592898734
aifs,mag_0.01_layer_all,216.0,u_component_of_wind@500hPa,lower_mesoscale,1.375821573765745
aifs,mag_0.01_layer_all,240.0,u_component_of_wind@500hPa,lower_mesoscale,1.3778174395644458
aifs,mag_0.03_layer_all,0.0,u_component_of_wind@500hPa,planetary,9.718577922050465e-07
aifs,mag_0.03_layer_all,24.0,u_component_of_wind@500hPa,planetary,0.04461318347539975
aifs,mag_0.03_layer_all,48.0,u_component_of_wind@500hPa,planetary,0.0606170800265324
aifs,mag_0.03_layer_all,72.0,u_component_of_wind@500hPa,planetary,0.07280902845876919
aifs,mag_0.03_layer_all,96.0,u_component_of_wind@500hPa,planetary,0.07560513111463264
aifs,mag_0.03_layer_all,120.0,u_component_of_wind@500hPa,planetary,0.08306959685535464
aifs,mag_0.03_layer_all,144.0,u_component_of_wind@500hPa,planetary,0.07737761140856918
aifs,mag_0.03_layer_all,168.0,u_component_of_wind@500hPa,planetary,0.07475370423530639
aifs,mag_0.03_layer_all,192.0,u_component_of_wind@500hPa,planetary,0.08173600220769472
aifs,mag_0.03_layer_all,216.0,u_component_of_wind@500hPa,planetary,0.0948980900159891
aifs,mag_0.03_layer_all,240.0,u_component_of_wind@500hPa,planetary,0.11694326667214455
aifs,mag_0.03_layer_all,0.0,u_component_of_wind@500hPa,synoptic,2.4022664564444955e-06
aifs,mag_0.03_layer_all,24.0,u_component_of_wind@500hPa,synoptic,0.20616379453241082
aifs,mag_0.03_layer_all,48.0,u_component_of_wind@500hPa,synoptic,0.25766791498014374
aifs,mag_0.03_layer_all,72.0,u_component_of_wind@500hPa,synoptic,0.27717140680305197
aifs,mag_0.03_layer_all,96.0,u_component_of_wind@500hPa,synoptic,0.2938622738559394
aifs,mag_0.03_layer_all,120.0,u_component_of_wind@500hPa,synoptic,0.27709263786060245
aifs,mag_0.03_layer_all,144.0,u_component_of_wind@500hPa,synoptic,0.26518812029128463
aifs,mag_0.03_layer_all,168.0,u_component_of_wind@500hPa,synoptic,0.2603671876010279
aifs,mag_0.03_layer_all,192.0,u_component_of_wind@500hPa,synoptic,0.27429679228056497
aifs,mag_0.03_layer_all,216.0,u_component_of_wind@500hPa,synoptic,0.2850287729101707
aifs,mag_0.03_layer_all,240.0,u_component_of_wind@500hPa,synoptic,0.28487496335932017
aifs,mag_0.03_layer_all,0.0,u_component_of_wind@500hPa,upper_mesoscale,7.2359603695644115e-06
aifs,mag_0.03_layer_all,24.0,u_component_of_wind@500hPa,upper_mesoscale,0.3903100167721441
aifs,mag_0.03_layer_all,48.0,u_component_of_wind@500hPa,upper_mesoscale,0.3596881776678944
aifs,mag_0.03_layer_all,72.0,u_component_of_wind@500hPa,upper_mesoscale,0.34738633140323505
aifs,mag_0.03_layer_all,96.0,u_component_of_wind@500hPa,upper_mesoscale,0.3251286679068762
aifs,mag_0.03_layer_all,120.0,u_component_of_wind@500hPa,upper_mesoscale,0.325402614248519
aifs,mag_0.03_layer_all,144.0,u_component_of_wind@500hPa,upper_mesoscale,0.3066364665637485
aifs,mag_0.03_layer_all,168.0,u_component_of_wind@500hPa,upper_mesoscale,0.28688592518693623
aifs,mag_0.03_layer_all,192.0,u_component_of_wind@500hPa,upper_mesoscale,0.30530079338504174
aifs,mag_0.03_layer_all,216.0,u_component_of_wind@500hPa,upper_mesoscale,0.3102121773715491
aifs,mag_0.03_layer_all,240.0,u_component_of_wind@500hPa,upper_mesoscale,0.3219124926161249
aifs,mag_0.03_layer_all,0.0,u_component_of_wind@500hPa,lower_mesoscale,0.07283252908984439
aifs,mag_0.03_layer_all,24.0,u_component_of_wind@500hPa,lower_mesoscale,1.4042333474926902
aifs,mag_0.03_layer_all,48.0,u_component_of_wind@500hPa,lower_mesoscale,1.444682534872048
aifs,mag_0.03_layer_all,72.0,u_component_of_wind@500hPa,lower_mesoscale,1.4710012978295082
aifs,mag_0.03_layer_all,96.0,u_component_of_wind@500hPa,lower_mesoscale,1.46544735163842
aifs,mag_0.03_layer_all,120.0,u_component_of_wind@500hPa,lower_mesoscale,1.4780928742403028
aifs,mag_0.03_layer_all,144.0,u_component_of_wind@500hPa,lower_mesoscale,1.4828815269003401
aifs,mag_0.03_layer_all,168.0,u_component_of_wind@500hPa,lower_mesoscale,1.4940571255384267
aifs,mag_0.03_layer_all,192.0,u_component_of_wind@500hPa,lower_mesoscale,1.488682864705507
aifs,mag_0.03_layer_all,216.0,u_component_of_wind@500hPa,lower_mesoscale,1.4818346365884167
aifs,mag_0.03_layer_all,240.0,u_component_of_wind@500hPa,lower_mesoscale,1.4745526142720888
aurora,mag_0_layer_all,0.0,u_component_of_wind@850hPa,planetary,7.576853326353188e-08
aurora,mag_0_layer_all,24.0,u_component_of_wind@850hPa,planetary,0.013325138765390463
aurora,mag_0_layer_all,48.0,u_component_of_wind@850hPa,planetary,0.01639205847086257
aurora,mag_0_layer_all,72.0,u_component_of_wind@850hPa,planetary,0.02882153471033282
aurora,mag_0_layer_all,96.0,u_component_of_wind@850hPa,planetary,0.0415651577684303
aurora,mag_0_layer_all,120.0,u_component_of_wind@850hPa,planetary,0.04004766765103307
aurora,mag_0_layer_all,144.0,u_component_of_wind@850hPa,planetary,0.035197562159987185
aurora,mag_0_layer_all,168.0,u_component_of_wind@850hPa,planetary,0.027621070330953647
aurora,mag_0_layer_all,192.0,u_component_of_wind@850hPa,planetary,0.03914403581090375
aurora,mag_0_layer_all,216.0,u_component_of_wind@850hPa,planetary,0.10624548807174104
aurora,mag_0_layer_all,240.0,u_component_of_wind@850hPa,planetary,0.10630315888417617
aurora,mag_0_layer_all,0.0,u_component_of_wind@850hPa,synoptic,4.530970169896186e-07
aurora,mag_0_layer_all,24.0,u_component_of_wind@850hPa,synoptic,0.04791656591053692
aurora,mag_0_layer_all,48.0,u_component_of_wind@850hPa,synoptic,0.05453133420134387
aurora,mag_0_layer_all,72.0,u_component_of_wind@850hPa,synoptic,0.06199230520219356
aurora,mag_0_layer_all,96.0,u_component_of_wind@850hPa,synoptic,0.06324674994448627
aurora,mag_0_layer_all,120.0,u_component_of_wind@850hPa,synoptic,0.06883421948886738
aurora,mag_0_layer_all,144.0,u_component_of_wind@850hPa,synoptic,0.07992747882021929
aurora,mag_0_layer_all,168.0,u_component_of_wind@850hPa,synoptic,0.07656670265585704
aurora,mag_0_layer_all,192.0,u_component_of_wind@850hPa,synoptic,0.0797808957790058
aurora,mag_0_layer_all,216.0,u_component_of_wind@850hPa,synoptic,0.06810552738938462
aurora,mag_0_layer_all,240.0,u_component_of_wind@850hPa,synoptic,0.08062113054378603
aurora,mag_0_layer_all,0.0,u_component_of_wind@850hPa,upper_mesoscale,2.1545222699889144e-06
aurora,mag_0_layer_all,24.0,u_component_of_wind@850hPa,upper_mesoscale,0.20770392691592085
aurora,mag_0_layer_all,48.0,u_component_of_wind@850hPa,upper_mesoscale,0.21660663551038162
aurora,mag_0_layer_all,72.0,u_component_of_wind@850hPa,upper_mesoscale,0.22287934701752637
aurora,mag_0_layer_all,96.0,u_component_of_wind@850hPa,upper_mesoscale,0.21580752688798996
aurora,mag_0_layer_all,120.0,u_component_of_wind@850hPa,upper_mesoscale,0.22268941559814143
aurora,mag_0_layer_all,144.0,u_component_of_wind@850hPa,upper_mesoscale,0.22447495060203865
aurora,mag_0_layer_all,168.0,u_component_of_wind@850hPa,upper_mesoscale,0.22754390732128058
aurora,mag_0_layer_all,192.0,u_component_of_wind@850hPa,upper_mesoscale,0.2220977542003444
aurora,mag_0_layer_all,216.0,u_component_of_wind@850hPa,upper_mesoscale,0.2179948271298844
aurora,mag_0_layer_all,240.0,u_component_of_wind@850hPa,upper_mesoscale,0.22517508049384802
aurora,mag_0_layer_all,0.0,u_component_of_wind@850hPa,lower_mesoscale,0.02448743183391723
aurora,mag_0_layer_all,24.0,u_component_of_wind@850hPa,lower_mesoscale,1.6158935882169583
aurora,mag_0_layer_all,48.0,u_component_of_wind@850hPa,lower_mesoscale,1.6238753000973183
aurora,mag_0_layer_all,72.0,u_component_of_wind@850hPa,lower_mesoscale,1.6222200223389918
aurora,mag_0_layer_all,96.0,u_component_of_wind@850hPa,lower_mesoscale,1.6189491587680247
aurora,mag_0_layer_all,120.0,u_component_of_wind@850hPa,lower_mesoscale,1.6172356813362174
aurora,mag_0_layer_all,144.0,u_component_of_wind@850hPa,lower_mesoscale,1.6143331591482852
aurora,mag_0_layer_all,168.0,u_component_of_wind@850hPa,lower_mesoscale,1.6153727375542897
aurora,mag_0_layer_all,192.0,u_component_of_wind@850hPa,lower_mesoscale,1.642976935349105
aurora,mag_0_layer_all,216.0,u_component_of_wind@850hPa,lower_mesoscale,1.6108500643601158
aurora,mag_0_layer_all,240.0,u_component_of_wind@850hPa,lower_mesoscale,1.6001674514922566
aurora,mag_0.001_layer_all,0.0,u_component_of_wind@850hPa,planetary,7.576853326353188e-08
aurora,mag_0.001_layer_all,24.0,u_component_of_wind@850hPa,planetary,0.01341824538816725
aurora,mag_0.001_layer_all,48.0,u_component_of_wind@850hPa,planetary,0.01636910038343974
aurora,mag_0.001_layer_all,72.0,u_component_of_wind@850hPa,planetary,0.028873894110352363
aurora,mag_0.001_layer_all,96.0,u_component_of_wind@850hPa,planetary,0.04148563409578832
aurora,mag_0.001_layer_all,120.0,u_component_of_wind@850hPa,planetary,0.04016447712086626
aurora,mag_0.001_layer_all,144.0,u_component_of_wind@850hPa,planetary,0.034629341364378605
aurora,mag_0.001_layer_all,168.0,u_component_of_wind@850hPa,planetary,0.02771534016474736
aurora,mag_0.001_layer_all,192.0,u_component_of_wind@850hPa,planetary,0.03798359107450692
aurora,mag_0.001_layer_all,216.0,u_component_of_wind@850hPa,planetary,0.10598363543056664
aurora,mag_0.001_layer_all,240.0,u_component_of_wind@850hPa,planetary,0.1024768517928969
aurora,mag_0.001_layer_all,0.0,u_component_of_wind@850hPa,synoptic,4.530970169896186e-07
aurora,mag_0.001_layer_all,24.0,u_component_of_wind@850hPa,synoptic,0.047922939608997316
aurora,mag_0.001_layer_all,48.0,u_component_of_wind@850hPa,synoptic,0.054469936503640515
aurora,mag_0.001_layer_all,72.0,u_component_of_wind@850hPa,synoptic,0.06178735781913521
aurora,mag_0.001_layer_all,96.0,u_component_of_wind@850hPa,synoptic,0.06312750807771746
aurora,mag_0.001_layer_all,120.0,u_component_of_wind@850hPa,synoptic,0.06879520554434243
aurora,mag_0.001_layer_all,144.0,u_component_of_wind@850hPa,synoptic,0.07910816851733259
aurora,mag_0.001_layer_all,168.0,u_component_of_wind@850hPa,synoptic,0.07576491383185383
aurora,mag_0.001_layer_all,192.0,u_component_of_wind@850hPa,synoptic,0.07893765075229507
aurora,mag_0.001_layer_all,216.0,u_component_of_wind@850hPa,synoptic,0.07006017830697266
aurora,mag_0.001_layer_all,240.0,u_component_of_wind@850hPa,synoptic,0.07846749484239277
aurora,mag_0.001_layer_all,0.0,u_component_of_wind@850hPa,upper_mesoscale,2.1545222699999136e-06
aurora,mag_0.001_layer_all,24.0,u_component_of_wind@850hPa,upper_mesoscale,0.20752711773951857
aurora,mag_0.001_layer_all,48.0,u_component_of_wind@850hPa,upper_mesoscale,0.21633716810689615
aurora,mag_0.001_layer_all,72.0,u_component_of_wind@850hPa,upper_mesoscale,0.22242780054501204
aurora,mag_0.001_layer_all,96.0,u_component_of_wind@850hPa,upper_mesoscale,0.21602968357640598
aurora,mag_0.001_layer_all,120.0,u_component_of_wind@850hPa,upper_mesoscale,0.22244062567783845
aurora,mag_0.001_layer_all,144.0,u_component_of_wind@850hPa,upper_mesoscale,0.22385147134752637
aurora,mag_0.001_layer_all,168.0,u_component_of_wind@850hPa,upper_mesoscale,0.22727174609956266
aurora,mag_0.001_layer_all,192.0,u_component_of_wind@850hPa,upper_mesoscale,0.22158682464344334
aurora,mag_0.001_layer_all,216.0,u_component_of_wind@850hPa,upper_mesoscale,0.2180110501652141
aurora,mag_0.001_layer_all,240.0,u_component_of_wind@850hPa,upper_mesoscale,0.2221458837245475
aurora,mag_0.001_layer_all,0.0,u_component_of_wind@850hPa,lower_mesoscale,0.02448743183391723
aurora,mag_0.001_layer_all,24.0,u_component_of_wind@850hPa,lower_mesoscale,1.6165812407426776
aurora,mag_0.001_layer_all,48.0,u_component_of_wind@850hPa,lower_mesoscale,1.6245569473214583
aurora,mag_0.001_layer_all,72.0,u_component_of_wind@850hPa,lower_mesoscale,1.6229224313771144
aurora,mag_0.001_layer_all,96.0,u_component_of_wind@850hPa,lower_mesoscale,1.6196796617059666
aurora,mag_0.001_layer_all,120.0,u_component_of_wind@850hPa,lower_mesoscale,1.6179916708969049
aurora,mag_0.001_layer_all,144.0,u_component_of_wind@850hPa,lower_mesoscale,1.6148812823374707
aurora,mag_0.001_layer_all,168.0,u_component_of_wind@850hPa,lower_mesoscale,1.616246222421638
aurora,mag_0.001_layer_all,192.0,u_component_of_wind@850hPa,lower_mesoscale,1.6436572567691172
aurora,mag_0.001_layer_all,216.0,u_component_of_wind@850hPa,lower_mesoscale,1.611290647697444
aurora,mag_0.001_layer_all,240.0,u_component_of_wind@850hPa,lower_mesoscale,1.6011067338750324
aurora,mag_0.003_layer_all,0.0,u_component_of_wind@850hPa,planetary,7.576853326353188e-08
aurora,mag_0.003_layer_all,24.0,u_component_of_wind@850hPa,planetary,0.013657797015614617
aurora,mag_0.003_layer_all,48.0,u_component_of_wind@850hPa,planetary,0.016463338966041935
aurora,mag_0.003_layer_all,72.0,u_component_of_wind@850hPa,planetary,0.029083809951669502
aurora,mag_0.003_layer_all,96.0,u_component_of_wind@850hPa,planetary,0.041483912669856286
aurora,mag_0.003_layer_all,120.0,u_component_of_wind@850hPa,planetary,0.0401920969054308
aurora,mag_0.003_layer_all,144.0,u_component_of_wind@850hPa,planetary,0.034296611676214776
aurora,mag_0.003_layer_all,168.0,u_component_of_wind@850hPa,planetary,0.030085922104879332
aurora,mag_0.003_layer_all,192.0,u_component_of_wind@850hPa,planetary,0.0359697963134034
aurora,mag_0.003_layer_all,216.0,u_component_of_wind@850hPa,planetary,0.1102402595350514
aurora,mag_0.003_layer_all,240.0,u_component_of_wind@850hPa,planetary,0.09734349855399377
aurora,mag_0.003_layer_all,0.0,u_component_of_wind@850hPa,synoptic,4.530970169896186e-07
aurora,mag_0.003_layer_all,24.0,u_component_of_wind@850hPa,synoptic,0.047922465228875846
aurora,mag_0.003_layer_all,48.0,u_component_of_wind@850hPa,synoptic,0.054432515079915963
aurora,mag_0.003_layer_all,72.0,u_component_of_wind@850hPa,synoptic,0.06152167100006411
aurora,mag_0.003_layer_all,96.0,u_component_of_wind@850hPa,synoptic,0.06338165225869977
aurora,mag_0.003_layer_all,120.0,u_component_of_wind@850hPa,synoptic,0.0688652131367868
aurora,mag_0.003_layer_all,144.0,u_component_of_wind@850hPa,synoptic,0.07691547609120862
aurora,mag_0.003_layer_all,168.0,u_component_of_wind@850hPa,synoptic,0.07608845448624742
aurora,mag_0.003_layer_all,192.0,u_component_of_wind@850hPa,synoptic,0.08131303552208798
aurora,mag_0.003_layer_all,216.0,u_component_of_wind@850hPa,synoptic,0.06828305210431583
aurora,mag_0.003_layer_all,240.0,u_component_of_wind@850hPa,synoptic,0.07483732465274413
aurora,mag_0.003_layer_all,0.0,u_component_of_wind@850hPa,upper_mesoscale,2.1545222699999136e-06
aurora,mag_0.003_layer_all,24.0,u_component_of_wind@850hPa,upper_mesoscale,0.20728870536675165
aurora,mag_0.003_layer_all,48.0,u_component_of_wind@850hPa,upper_mesoscale,0.21609843964568673
aurora,mag_0.003_layer_all,72.0,u_component_of_wind@850hPa,upper_mesoscale,0.22195057339069105
aurora,mag_0.003_layer_all,96.0,u_component_of_wind@850hPa,upper_mesoscale,0.21639323770107033
aurora,mag_0.003_layer_all,120.0,u_component_of_wind@850hPa,upper_mesoscale,0.22240744690086997
aurora,mag_0.003_layer_all,144.0,u_component_of_wind@850hPa,upper_mesoscale,0.2246895172144143
aurora,mag_0.003_layer_all,168.0,u_component_of_wind@850hPa,upper_mesoscale,0.22717262115038944
aurora,mag_0.003_layer_all,192.0,u_component_of_wind@850hPa,upper_mesoscale,0.222192104346179
aurora,mag_0.003_layer_all,216.0,u_component_of_wind@850hPa,upper_mesoscale,0.21397859559169685
aurora,mag_0.003_layer_all,240.0,u_component_of_wind@850hPa,upper_mesoscale,0.2185674046780251
aurora,mag_0.003_layer_all,0.0,u_component_of_wind@850hPa,lower_mesoscale,0.02448743183391723
aurora,mag_0.003_layer_all,24.0,u_component_of_wind@850hPa,lower_mesoscale,1.6204580058076672
aurora,mag_0.003_layer_all,48.0,u_component_of_wind@850hPa,lower_mesoscale,1.6284661114082652
aurora,mag_0.003_layer_all,72.0,u_component_of_wind@850hPa,lower_mesoscale,1.6269176459253858
aurora,mag_0.003_layer_all,96.0,u_component_of_wind@850hPa,lower_mesoscale,1.6237959988231045
aurora,mag_0.003_layer_all,120.0,u_component_of_wind@850hPa,lower_mesoscale,1.622021237509921
aurora,mag_0.003_layer_all,144.0,u_component_of_wind@850hPa,lower_mesoscale,1.618796897861149
aurora,mag_0.003_layer_all,168.0,u_component_of_wind@850hPa,lower_mesoscale,1.6197720744566444
aurora,mag_0.003_layer_all,192.0,u_component_of_wind@850hPa,lower_mesoscale,1.6470661442551378
aurora,mag_0.003_layer_all,216.0,u_component_of_wind@850hPa,lower_mesoscale,1.6156671455813716
aurora,mag_0.003_layer_all,240.0,u_component_of_wind@850hPa,lower_mesoscale,1.6058283878271364
aurora,mag_0.01_layer_all,0.0,u_component_of_wind@850hPa,planetary,7.576853326353188e-08
aurora,mag_0.01_layer_all,24.0,u_component_of_wind@850hPa,planetary,0.014760044107374568
aurora,mag_0.01_layer_all,48.0,u_component_of_wind@850hPa,planetary,0.017353285975765742
aurora,mag_0.01_layer_all,72.0,u_component_of_wind@850hPa,planetary,0.030592315782110625
aurora,mag_0.01_layer_all,96.0,u_component_of_wind@850hPa,planetary,0.04307652450158284
aurora,mag_0.01_layer_all,120.0,u_component_of_wind@850hPa,planetary,0.040750725414241434
aurora,mag_0.01_layer_all,144.0,u_component_of_wind@850hPa,planetary,0.03410041201928326
aurora,mag_0.01_layer_all,168.0,u_component_of_wind@850hPa,planetary,0.035341563902628596
aurora,mag_0.01_layer_all,192.0,u_component_of_wind@850hPa,planetary,0.038495410670894736
aurora,mag_0.01_layer_all,216.0,u_component_of_wind@850hPa,planetary,0.09558194570404252
aurora,mag_0.01_layer_all,240.0,u_component_of_wind@850hPa,planetary,0.08181038929432997
aurora,mag_0.01_layer_all,0.0,u_component_of_wind@850hPa,synoptic,4.530970169896186e-07
aurora,mag_0.01_layer_all,24.0,u_component_of_wind@850hPa,synoptic,0.048506212485038
aurora,mag_0.01_layer_all,48.0,u_component_of_wind@850hPa,synoptic,0.05493514486156234
aurora,mag_0.01_layer_all,72.0,u_component_of_wind@850hPa,synoptic,0.06128547338345017
aurora,mag_0.01_layer_all,96.0,u_component_of_wind@850hPa,synoptic,0.06588058164454628
aurora,mag_0.01_layer_all,120.0,u_component_of_wind@850hPa,synoptic,0.06941699499969096
aurora,mag_0.01_layer_all,144.0,u_component_of_wind@850hPa,synoptic,0.07613152491682332
aurora,mag_0.01_layer_all,168.0,u_component_of_wind@850hPa,synoptic,0.07819456269526037
aurora,mag_0.01_layer_all,192.0,u_component_of_wind@850hPa,synoptic,0.0902557925262345
aurora,mag_0.01_layer_all,216.0,u_component_of_wind@850hPa,synoptic,0.07361126258076223
aurora,mag_0.01_layer_all,240.0,u_component_of_wind@850hPa,synoptic,0.07380194246380374
aurora,mag_0.01_layer_all,0.0,u_component_of_wind@850hPa,upper_mesoscale,2.1545222699999136e-06
aurora,mag_0.01_layer_all,24.0,u_component_of_wind@850hPa,upper_mesoscale,0.2072065725261251
aurora,mag_0.01_layer_all,48.0,u_component_of_wind@850hPa,upper_mesoscale,0.21621622250005398
aurora,mag_0.01_layer_all,72.0,u_component_of_wind@850hPa,upper_mesoscale,0.22163278293285876
aurora,mag_0.01_layer_all,96.0,u_component_of_wind@850hPa,upper_mesoscale,0.21913223768098536
aurora,mag_0.01_layer_all,120.0,u_component_of_wind@850hPa,upper_mesoscale,0.223795210865994
aurora,mag_0.01_layer_all,144.0,u_component_of_wind@850hPa,upper_mesoscale,0.22610969326946695
aurora,mag_0.01_layer_all,168.0,u_component_of_wind@850hPa,upper_mesoscale,0.22491245783063085
aurora,mag_0.01_layer_all,192.0,u_component_of_wind@850hPa,upper_mesoscale,0.22276784538032032
aurora,mag_0.01_layer_all,216.0,u_component_of_wind@850hPa,upper_mesoscale,0.21732335530686608
aurora,mag_0.01_layer_all,240.0,u_component_of_wind@850hPa,upper_mesoscale,0.2187732259991092
aurora,mag_0.01_layer_all,0.0,u_component_of_wind@850hPa,lower_mesoscale,0.02448743183391723
aurora,mag_0.01_layer_all,24.0,u_component_of_wind@850hPa,lower_mesoscale,1.6461217880154333
aurora,mag_0.01_layer_all,48.0,u_component_of_wind@850hPa,lower_mesoscale,1.6541183341551176
aurora,mag_0.01_layer_all,72.0,u_component_of_wind@850hPa,lower_mesoscale,1.6526391656206532
aurora,mag_0.01_layer_all,96.0,u_component_of_wind@850hPa,lower_mesoscale,1.6497725899799165
aurora,mag_0.01_layer_all,120.0,u_component_of_wind@850hPa,lower_mesoscale,1.6481451772821956
aurora,mag_0.01_layer_all,144.0,u_component_of_wind@850hPa,lower_mesoscale,1.6434569654207685
aurora,mag_0.01_layer_all,168.0,u_component_of_wind@850hPa,lower_mesoscale,1.6450277521757
aurora,mag_0.01_layer_all,192.0,u_component_of_wind@850hPa,lower_mesoscale,1.6720126731675704
aurora,mag_0.01_layer_all,216.0,u_component_of_wind@850hPa,lower_mesoscale,1.6409763969111026
aurora,mag_0.01_layer_all,240.0,u_component_of_wind@850hPa,lower_mesoscale,1.6321355603646353
aurora,mag_0.03_layer_all,0.0,u_component_of_wind@850hPa,planetary,7.576853326353188e-08
aurora,mag_0.03_layer_all,24.0,u_component_of_wind@850hPa,planetary,0.020292323109110975
aurora,mag_0.03_layer_all,48.0,u_component_of_wind@850hPa,planetary,0.024387551200399635
aurora,mag_0.03_layer_all,72.0,u_component_of_wind@850hPa,planetary,0.038374370655508576
aurora,mag_0.03_layer_all,96.0,u_component_of_wind@850hPa,planetary,0.05696329690820256
aurora,mag_0.03_layer_all,120.0,u_component_of_wind@850hPa,planetary,0.05360324235460148
aurora,mag_0.03_layer_all,144.0,u_component_of_wind@850hPa,planetary,0.04553094618720945
aurora,mag_0.03_layer_all,168.0,u_component_of_wind@850hPa,planetary,0.05393027467324051
aurora,mag_0.03_layer_all,192.0,u_component_of_wind@850hPa,planetary,0.04380066714870164
aurora,mag_0.03_layer_all,216.0,u_component_of_wind@850hPa,planetary,0.1055997140895152
aurora,mag_0.03_layer_all,240.0,u_component_of_wind@850hPa,planetary,0.09247895140867139
aurora,mag_0.03_layer_all,0.0,u_component_of_wind@850hPa,synoptic,4.530970169896186e-07
aurora,mag_0.03_layer_all,24.0,u_component_of_wind@850hPa,synoptic,0.05439034931030058
aurora,mag_0.03_layer_all,48.0,u_component_of_wind@850hPa,synoptic,0.062211880469196706
aurora,mag_0.03_layer_all,72.0,u_component_of_wind@850hPa,synoptic,0.06734978491080225
aurora,mag_0.03_layer_all,96.0,u_component_of_wind@850hPa,synoptic,0.07878453469314242
aurora,mag_0.03_layer_all,120.0,u_component_of_wind@850hPa,synoptic,0.08165146830168396
aurora,mag_0.03_layer_all,144.0,u_component_of_wind@850hPa,synoptic,0.09183537119982478
aurora,mag_0.03_layer_all,168.0,u_component_of_wind@850hPa,synoptic,0.09501620642638847
aurora,mag_0.03_layer_all,192.0,u_component_of_wind@850hPa,synoptic,0.11435853150878063
aurora,mag_0.03_layer_all,216.0,u_component_of_wind@850hPa,synoptic,0.09941735612262137
aurora,mag_0.03_layer_all,240.0,u_component_of_wind@850hPa,synoptic,0.09097099976222214
aurora,mag_0.03_layer_all,0.0,u_component_of_wind@850hPa,upper_mesoscale,2.1545222699999136e-06
aurora,mag_0.03_layer_all,24.0,u_component_of_wind@850hPa,upper_mesoscale,0.21221103403083866
aurora,mag_0.03_layer_all,48.0,u_component_of_wind@850hPa,upper_mesoscale,0.224369908739087
aurora,mag_0.03_layer_all,72.0,u_component_of_wind@850hPa,upper_mesoscale,0.22867014886394624
aurora,mag_0.03_layer_all,96.0,u_component_of_wind@850hPa,upper_mesoscale,0.23665711461645908
aurora,mag_0.03_layer_all,120.0,u_component_of_wind@850hPa,upper_mesoscale,0.2384606487593666
aurora,mag_0.03_layer_all,144.0,u_component_of_wind@850hPa,upper_mesoscale,0.23962252268925294
aurora,mag_0.03_layer_all,168.0,u_component_of_wind@850hPa,upper_mesoscale,0.24229814259776683
aurora,mag_0.03_layer_all,192.0,u_component_of_wind@850hPa,upper_mesoscale,0.24834860433355055
aurora,mag_0.03_layer_all,216.0,u_component_of_wind@850hPa,upper_mesoscale,0.24523852118656714
aurora,mag_0.03_layer_all,240.0,u_component_of_wind@850hPa,upper_mesoscale,0.24041778829793423
aurora,mag_0.03_layer_all,0.0,u_component_of_wind@850hPa,lower_mesoscale,0.02448743183391723
aurora,mag_0.03_layer_all,24.0,u_component_of_wind@850hPa,lower_mesoscale,1.7320846788821787
aurora,mag_0.03_layer_all,48.0,u_component_of_wind@850hPa,lower_mesoscale,1.7391407582774756
aurora,mag_0.03_layer_all,72.0,u_component_of_wind@850hPa,lower_mesoscale,1.7376462020713777
aurora,mag_0.03_layer_all,96.0,u_component_of_wind@850hPa,lower_mesoscale,1.7340685429115896
aurora,mag_0.03_layer_all,120.0,u_component_of_wind@850hPa,lower_mesoscale,1.7329222892437095
aurora,mag_0.03_layer_all,144.0,u_component_of_wind@850hPa,lower_mesoscale,1.7252823498557879
aurora,mag_0.03_layer_all,168.0,u_component_of_wind@850hPa,lower_mesoscale,1.7257609765886435
aurora,mag_0.03_layer_all,192.0,u_component_of_wind@850hPa,lower_mesoscale,1.7515969828800446
aurora,mag_0.03_layer_all,216.0,u_component_of_wind@850hPa,lower_mesoscale,1.7202037118237852
aurora,mag_0.03_layer_all,240.0,u_component_of_wind@850hPa,lower_mesoscale,1.712424716269076
aurora,mag_0.1_layer_all,0.0,u_component_of_wind@850hPa,planetary,7.576853326353188e-08
aurora,mag_0.1_layer_all,24.0,u_component_of_wind@850hPa,planetary,0.08213876595829776
aurora,mag_0.1_layer_all,48.0,u_component_of_wind@850hPa,planetary,0.10367893301019722
aurora,mag_0.1_layer_all,72.0,u_component_of_wind@850hPa,planetary,0.11518741162218574
aurora,mag_0.1_layer_all,96.0,u_component_of_wind@850hPa,planetary,0.13707693283609293
aurora,mag_0.1_layer_all,120.0,u_component_of_wind@850hPa,planetary,0.13428500489834164
aurora,mag_0.1_layer_all,144.0,u_component_of_wind@850hPa,planetary,0.13080771609482758
aurora,mag_0.1_layer_all,168.0,u_component_of_wind@850hPa,planetary,0.12364262338435668
aurora,mag_0.1_layer_all,192.0,u_component_of_wind@850hPa,planetary,0.1125182299579117
aurora,mag_0.1_layer_all,216.0,u_component_of_wind@850hPa,planetary,0.1579947900758805
aurora,mag_0.1_layer_all,240.0,u_component_of_wind@850hPa,planetary,0.14514247156863952
aurora,mag_0.1_layer_all,0.0,u_component_of_wind@850hPa,synoptic,4.530970169896186e-07
aurora,mag_0.1_layer_all,24.0,u_component_of_wind@850hPa,synoptic,0.1337702060500697
aurora,mag_0.1_layer_all,48.0,u_component_of_wind@850hPa,synoptic,0.15584235166468738
aurora,mag_0.1_layer_all,72.0,u_component_of_wind@850hPa,synoptic,0.16330709646996874
aurora,mag_0.1_layer_all,96.0,u_component_of_wind@850hPa,synoptic,0.17574166935499813
aurora,mag_0.1_layer_all,120.0,u_component_of_wind@850hPa,synoptic,0.17766665561454473
aurora,mag_0.1_layer_all,144.0,u_component_of_wind@850hPa,synoptic,0.17962744564978517
aurora,mag_0.1_layer_all,168.0,u_component_of_wind@850hPa,synoptic,0.178412161301165
aurora,mag_0.1_layer_all,192.0,u_component_of_wind@850hPa,synoptic,0.19516167416588232
aurora,mag_0.1_layer_all,216.0,u_component_of_wind@850hPa,synoptic,0.18311986111471654
aurora,mag_0.1_layer_all,240.0,u_component_of_wind@850hPa,synoptic,0.17619722353641123
aurora,mag_0.1_layer_all,0.0,u_component_of_wind@850hPa,upper_mesoscale,2.1545222699999136e-06
aurora,mag_0.1_layer_all,24.0,u_component_of_wind@850hPa,upper_mesoscale,0.254348182744536
aurora,mag_0.1_layer_all,48.0,u_component_of_wind@850hPa,upper_mesoscale,0.284007899892486
aurora,mag_0.1_layer_all,72.0,u_component_of_wind@850hPa,upper_mesoscale,0.27970133619651005
aurora,mag_0.1_layer_all,96.0,u_component_of_wind@850hPa,upper_mesoscale,0.29254079452653564
aurora,mag_0.1_layer_all,120.0,u_component_of_wind@850hPa,upper_mesoscale,0.2830808860596332
aurora,mag_0.1_layer_all,144.0,u_component_of_wind@850hPa,upper_mesoscale,0.2736217676697835
aurora,mag_0.1_layer_all,168.0,u_component_of_wind@850hPa,upper_mesoscale,0.27453148394585614
aurora,mag_0.1_layer_all,192.0,u_component_of_wind@850hPa,upper_mesoscale,0.2791793492623858
aurora,mag_0.1_layer_all,216.0,u_component_of_wind@850hPa,upper_mesoscale,0.2767918717785306
aurora,mag_0.1_layer_all,240.0,u_component_of_wind@850hPa,upper_mesoscale,0.27377777147736654
aurora,mag_0.1_layer_all,0.0,u_component_of_wind@850hPa,lower_mesoscale,0.02448743183391723
aurora,mag_0.1_layer_all,24.0,u_component_of_wind@850hPa,lower_mesoscale,2.0051676329469763
aurora,mag_0.1_layer_all,48.0,u_component_of_wind@850hPa,lower_mesoscale,2.020091463011944
aurora,mag_0.1_layer_all,72.0,u_component_of_wind@850hPa,lower_mesoscale,2.032383570035647
aurora,mag_0.1_layer_all,96.0,u_component_of_wind@850hPa,lower_mesoscale,2.034342382209221
aurora,mag_0.1_layer_all,120.0,u_component_of_wind@850hPa,lower_mesoscale,2.0362025630600264
aurora,mag_0.1_layer_all,144.0,u_component_of_wind@850hPa,lower_mesoscale,2.0322682057621533
aurora,mag_0.1_layer_all,168.0,u_component_of_wind@850hPa,lower_mesoscale,2.041735989233684
aurora,mag_0.1_layer_all,192.0,u_component_of_wind@850hPa,lower_mesoscale,2.0717578719445107
aurora,mag_0.1_layer_all,216.0,u_component_of_wind@850hPa,lower_mesoscale,2.0440541238903154
aurora,mag_0.1_layer_all,240.0,u_component_of_wind@850hPa,lower_mesoscale,2.039589404109332
graphcast_operational,mag_0_layer_all,0.0,u_component_of_wind@850hPa,planetary,7.576853326353188e-08
graphcast_operational,mag_0_layer_all,24.0,u_component_of_wind@850hPa,planetary,0.011879560421555801
graphcast_operational,mag_0_layer_all,48.0,u_component_of_wind@850hPa,planetary,0.020679737870766008
graphcast_operational,mag_0_layer_all,72.0,u_component_of_wind@850hPa,planetary,0.03956472494842424
graphcast_operational,mag_0_layer_all,96.0,u_component_of_wind@850hPa,planetary,0.05178359557570387
graphcast_operational,mag_0_layer_all,120.0,u_component_of_wind@850hPa,planetary,0.03949094579000077
graphcast_operational,mag_0_layer_all,144.0,u_component_of_wind@850hPa,planetary,0.053852700645105875
graphcast_operational,mag_0_layer_all,168.0,u_component_of_wind@850hPa,planetary,0.08067560840668798
graphcast_operational,mag_0_layer_all,192.0,u_component_of_wind@850hPa,planetary,0.08783536822347977
graphcast_operational,mag_0_layer_all,216.0,u_component_of_wind@850hPa,planetary,0.14881041063706332
graphcast_operational,mag_0_layer_all,240.0,u_component_of_wind@850hPa,planetary,0.1454551963781042
graphcast_operational,mag_0_layer_all,0.0,u_component_of_wind@850hPa,synoptic,4.530970169896186e-07
graphcast_operational,mag_0_layer_all,24.0,u_component_of_wind@850hPa,synoptic,0.1209770550057089
graphcast_operational,mag_0_layer_all,48.0,u_component_of_wind@850hPa,synoptic,0.15663618601477847
graphcast_operational,mag_0_layer_all,72.0,u_component_of_wind@850hPa,synoptic,0.1866717569536116
graphcast_operational,mag_0_layer_all,96.0,u_component_of_wind@850hPa,synoptic,0.21575128613929173
graphcast_operational,mag_0_layer_all,120.0,u_component_of_wind@850hPa,synoptic,0.2217248889162709
graphcast_operational,mag_0_layer_all,144.0,u_component_of_wind@850hPa,synoptic,0.24815890098376495
graphcast_operational,mag_0_layer_all,168.0,u_component_of_wind@850hPa,synoptic,0.23042645699384987
graphcast_operational,mag_0_layer_all,192.0,u_component_of_wind@850hPa,synoptic,0.25808141830750153
graphcast_operational,mag_0_layer_all,216.0,u_component_of_wind@850hPa,synoptic,0.21601693404845554
graphcast_operational,mag_0_layer_all,240.0,u_component_of_wind@850hPa,synoptic,0.21441028522663114
graphcast_operational,mag_0_layer_all,0.0,u_component_of_wind@850hPa,upper_mesoscale,2.1545222699889144e-06
graphcast_operational,mag_0_layer_all,24.0,u_component_of_wind@850hPa,upper_mesoscale,0.3632674512061354
graphcast_operational,mag_0_layer_all,48.0,u_component_of_wind@850hPa,upper_mesoscale,0.4170436796266054
graphcast_operational,mag_0_layer_all,72.0,u_component_of_wind@850hPa,upper_mesoscale,0.4540476723278393
graphcast_operational,mag_0_layer_all,96.0,u_component_of_wind@850hPa,upper_mesoscale,0.45643230872692253
graphcast_operational,mag_0_layer_all,120.0,u_component_of_wind@850hPa,upper_mesoscale,0.4764866083265811
graphcast_operational,mag_0_layer_all,144.0,u_component_of_wind@850hPa,upper_mesoscale,0.4792588308698076
graphcast_operational,mag_0_layer_all,168.0,u_component_of_wind@850hPa,upper_mesoscale,0.47223612047902663
graphcast_operational,mag_0_layer_all,192.0,u_component_of_wind@850hPa,upper_mesoscale,0.45738516044166955
graphcast_operational,mag_0_layer_all,216.0,u_component_of_wind@850hPa,upper_mesoscale,0.45417992850060396
graphcast_operational,mag_0_layer_all,240.0,u_component_of_wind@850hPa,upper_mesoscale,0.4537752973170036
graphcast_operational,mag_0_layer_all,0.0,u_component_of_wind@850hPa,lower_mesoscale,0.02448743183391723
graphcast_operational,mag_0_layer_all,24.0,u_component_of_wind@850hPa,lower_mesoscale,1.5232287754312774
graphcast_operational,mag_0_layer_all,48.0,u_component_of_wind@850hPa,lower_mesoscale,1.5356321940461295
graphcast_operational,mag_0_layer_all,72.0,u_component_of_wind@850hPa,lower_mesoscale,1.5391115296832192
graphcast_operational,mag_0_layer_all,96.0,u_component_of_wind@850hPa,lower_mesoscale,1.5392413193994243
graphcast_operational,mag_0_layer_all,120.0,u_component_of_wind@850hPa,lower_mesoscale,1.5430393662887965
graphcast_operational,mag_0_layer_all,144.0,u_component_of_wind@850hPa,lower_mesoscale,1.5428880160560372
graphcast_operational,mag_0_layer_all,168.0,u_component_of_wind@850hPa,lower_mesoscale,1.5523580924529503
graphcast_operational,mag_0_layer_all,192.0,u_component_of_wind@850hPa,lower_mesoscale,1.595049055006528
graphcast_operational,mag_0_layer_all,216.0,u_component_of_wind@850hPa,lower_mesoscale,1.5765205006613925
graphcast_operational,mag_0_layer_all,240.0,u_component_of_wind@850hPa,lower_mesoscale,1.578637160360765
graphcast_operational,mag_0.001_layer_all,0.0,u_component_of_wind@850hPa,planetary,7.576853326353188e-08
graphcast_operational,mag_0.001_layer_all,24.0,u_component_of_wind@850hPa,planetary,0.011256628232771002
graphcast_operational,mag_0.001_layer_all,48.0,u_component_of_wind@850hPa,planetary,0.019471677872667383
graphcast_operational,mag_0.001_layer_all,72.0,u_component_of_wind@850hPa,planetary,0.03666084709253899
graphcast_operational,mag_0.001_layer_all,96.0,u_component_of_wind@850hPa,planetary,0.0488741228265586
graphcast_operational,mag_0.001_layer_all,120.0,u_component_of_wind@850hPa,planetary,0.03792692161307033
graphcast_operational,mag_0.001_layer_all,144.0,u_component_of_wind@850hPa,planetary,0.05183091615104308
graphcast_operational,mag_0.001_layer_all,168.0,u_component_of_wind@850hPa,planetary,0.07161605716671329
graphcast_operational,mag_0.001_layer_all,192.0,u_component_of_wind@850hPa,planetary,0.08068537562010754
graphcast_operational,mag_0.001_layer_all,216.0,u_component_of_wind@850hPa,planetary,0.1387122046435465
graphcast_operational,mag_0.001_layer_all,240.0,u_component_of_wind@850hPa,planetary,0.11694877679570694
graphcast_operational,mag_0.001_layer_all,0.0,u_component_of_wind@850hPa,synoptic,4.530970169896186e-07
graphcast_operational,mag_0.001_layer_all,24.0,u_component_of_wind@850hPa,synoptic,0.12088791432187196
graphcast_operational,mag_0.001_layer_all,48.0,u_component_of_wind@850hPa,synoptic,0.15574406593152398
graphcast_operational,mag_0.001_layer_all,72.0,u_component_of_wind@850hPa,synoptic,0.18579065852924784
graphcast_operational,mag_0.001_layer_all,96.0,u_component_of_wind@850hPa,synoptic,0.2122523294830187
graphcast_operational,mag_0.001_layer_all,120.0,u_component_of_wind@850hPa,synoptic,0.2209016152784772
graphcast_operational,mag_0.001_layer_all,144.0,u_component_of_wind@850hPa,synoptic,0.2439572799661805
graphcast_operational,mag_0.001_layer_all,168.0,u_component_of_wind@850hPa,synoptic,0.22635624351656933
graphcast_operational,mag_0.001_layer_all,192.0,u_component_of_wind@850hPa,synoptic,0.24918686093935696
graphcast_operational,mag_0.001_layer_all,216.0,u_component_of_wind@850hPa,synoptic,0.20624116820657842
graphcast_operational,mag_0.001_layer_all,240.0,u_component_of_wind@850hPa,synoptic,0.19812236933233618
graphcast_operational,mag_0.001_layer_all,0.0,u_component_of_wind@850hPa,upper_mesoscale,2.1545222699999136e-06
graphcast_operational,mag_0.001_layer_all,24.0,u_component_of_wind@850hPa,upper_mesoscale,0.3638183941678503
graphcast_operational,mag_0.001_layer_all,48.0,u_component_of_wind@850hPa,upper_mesoscale,0.4161427464009799
graphcast_operational,mag_0.001_layer_all,72.0,u_component_of_wind@850hPa,upper_mesoscale,0.45340447251526783
graphcast_operational,mag_0.001_layer_all,96.0,u_component_of_wind@850hPa,upper_mesoscale,0.45373665426162735
graphcast_operational,mag_0.001_layer_all,120.0,u_component_of_wind@850hPa,upper_mesoscale,0.4745391329699117
graphcast_operational,mag_0.001_layer_all,144.0,u_component_of_wind@850hPa,upper_mesoscale,0.47831895523111995
graphcast_operational,mag_0.001_layer_all,168.0,u_component_of_wind@850hPa,upper_mesoscale,0.47166346522367947
graphcast_operational,mag_0.001_layer_all,192.0,u_component_of_wind@850hPa,upper_mesoscale,0.4513470441225062
graphcast_operational,mag_0.001_layer_all,216.0,u_component_of_wind@850hPa,upper_mesoscale,0.44635204902658704
graphcast_operational,mag_0.001_layer_all,240.0,u_component_of_wind@850hPa,upper_mesoscale,0.4427557558749555
graphcast_operational,mag_0.001_layer_all,0.0,u_component_of_wind@850hPa,lower_mesoscale,0.02448743183391723
graphcast_operational,mag_0.001_layer_all,24.0,u_component_of_wind@850hPa,lower_mesoscale,1.5238768412810935
graphcast_operational,mag_0.001_layer_all,48.0,u_component_of_wind@850hPa,lower_mesoscale,1.5363215824515306
graphcast_operational,mag_0.001_layer_all,72.0,u_component_of_wind@850hPa,lower_mesoscale,1.539226820226074
graphcast_operational,mag_0.001_layer_all,96.0,u_component_of_wind@850hPa,lower_mesoscale,1.5401781077431607
graphcast_operational,mag_0.001_layer_all,120.0,u_component_of_wind@850hPa,lower_mesoscale,1.5433086685421282
graphcast_operational,mag_0.001_layer_all,144.0,u_component_of_wind@850hPa,lower_mesoscale,1.5449896313484455
graphcast_operational,mag_0.001_layer_all,168.0,u_component_of_wind@850hPa,lower_mesoscale,1.5509450299936356
graphcast_operational,mag_0.001_layer_all,192.0,u_component_of_wind@850hPa,lower_mesoscale,1.5942636161289565
graphcast_operational,mag_0.001_layer_all,216.0,u_component_of_wind@850hPa,lower_mesoscale,1.5776041999707109
graphcast_operational,mag_0.001_layer_all,240.0,u_component_of_wind@850hPa,lower_mesoscale,1.579518632020676
graphcast_operational,mag_0.003_layer_all,0.0,u_component_of_wind@850hPa,planetary,7.576853326353188e-08
graphcast_operational,mag_0.003_layer_all,24.0,u_component_of_wind@850hPa,planetary,0.010638569525909145
graphcast_operational,mag_0.003_layer_all,48.0,u_component_of_wind@850hPa,planetary,0.017866621566373753
graphcast_operational,mag_0.003_layer_all,72.0,u_component_of_wind@850hPa,planetary,0.03457124660501255
graphcast_operational,mag_0.003_layer_all,96.0,u_component_of_wind@850hPa,planetary,0.047574339474838474
graphcast_operational,mag_0.003_layer_all,120.0,u_component_of_wind@850hPa,planetary,0.037262064421794514
graphcast_operational,mag_0.003_layer_all,144.0,u_component_of_wind@850hPa,planetary,0.05160059627157202
graphcast_operational,mag_0.003_layer_all,168.0,u_component_of_wind@850hPa,planetary,0.0698831321132964
graphcast_operational,mag_0.003_layer_all,192.0,u_component_of_wind@850hPa,planetary,0.06754975800836578
graphcast_operational,mag_0.003_layer_all,216.0,u_component_of_wind@850hPa,planetary,0.11867936829139611
graphcast_operational,mag_0.003_layer_all,240.0,u_component_of_wind@850hPa,planetary,0.103166010215008
graphcast_operational,mag_0.003_layer_all,0.0,u_component_of_wind@850hPa,synoptic,4.530970169896186e-07
graphcast_operational,mag_0.003_layer_all,24.0,u_component_of_wind@850hPa,synoptic,0.11967976955056717
graphcast_operational,mag_0.003_layer_all,48.0,u_component_of_wind@850hPa,synoptic,0.15370675009228152
graphcast_operational,mag_0.003_layer_all,72.0,u_component_of_wind@850hPa,synoptic,0.1836686124854369
graphcast_operational,mag_0.003_layer_all,96.0,u_component_of_wind@850hPa,synoptic,0.20851182784718142
graphcast_operational,mag_0.003_layer_all,120.0,u_component_of_wind@850hPa,synoptic,0.21859135810827743
graphcast_operational,mag_0.003_layer_all,144.0,u_component_of_wind@850hPa,synoptic,0.24035129790366846
graphcast_operational,mag_0.003_layer_all,168.0,u_component_of_wind@850hPa,synoptic,0.22590932411256762
graphcast_operational,mag_0.003_layer_all,192.0,u_component_of_wind@850hPa,synoptic,0.24155688228411726
graphcast_operational,mag_0.003_layer_all,216.0,u_component_of_wind@850hPa,synoptic,0.20615820784175667
graphcast_operational,mag_0.003_layer_all,240.0,u_component_of_wind@850hPa,synoptic,0.1991094862195449
graphcast_operational,mag_0.003_layer_all,0.0,u_component_of_wind@850hPa,upper_mesoscale,2.1545222699999136e-06
graphcast_operational,mag_0.003_layer_all,24.0,u_component_of_wind@850hPa,upper_mesoscale,0.3626929146817095
graphcast_operational,mag_0.003_layer_all,48.0,u_component_of_wind@850hPa,upper_mesoscale,0.4135855028130821
graphcast_operational,mag_0.003_layer_all,72.0,u_component_of_wind@850hPa,upper_mesoscale,0.450089701598244
graphcast_operational,mag_0.003_layer_all,96.0,u_component_of_wind@850hPa,upper_mesoscale,0.450217904547486
graphcast_operational,mag_0.003_layer_all,120.0,u_component_of_wind@850hPa,upper_mesoscale,0.4696285292064146
graphcast_operational,mag_0.003_layer_all,144.0,u_component_of_wind@850hPa,upper_mesoscale,0.4737253108761096
graphcast_operational,mag_0.003_layer_all,168.0,u_component_of_wind@850hPa,upper_mesoscale,0.46639594241752175
graphcast_operational,mag_0.003_layer_all,192.0,u_component_of_wind@850hPa,upper_mesoscale,0.4490190565871275
graphcast_operational,mag_0.003_layer_all,216.0,u_component_of_wind@850hPa,upper_mesoscale,0.44409724082202773
graphcast_operational,mag_0.003_layer_all,240.0,u_component_of_wind@850hPa,upper_mesoscale,0.43919634931337415
graphcast_operational,mag_0.003_layer_all,0.0,u_component_of_wind@850hPa,lower_mesoscale,0.02448743183391723
graphcast_operational,mag_0.003_layer_all,24.0,u_component_of_wind@850hPa,lower_mesoscale,1.5240644216851014
graphcast_operational,mag_0.003_layer_all,48.0,u_component_of_wind@850hPa,lower_mesoscale,1.536758836661169
graphcast_operational,mag_0.003_layer_all,72.0,u_component_of_wind@850hPa,lower_mesoscale,1.5397373242477268
graphcast_operational,mag_0.003_layer_all,96.0,u_component_of_wind@850hPa,lower_mesoscale,1.540518941672176
graphcast_operational,mag_0.003_layer_all,120.0,u_component_of_wind@850hPa,lower_mesoscale,1.5436894641856103
graphcast_operational,mag_0.003_layer_all,144.0,u_component_of_wind@850hPa,lower_mesoscale,1.5452883734744123
graphcast_operational,mag_0.003_layer_all,168.0,u_component_of_wind@850hPa,lower_mesoscale,1.5510841901016224
graphcast_operational,mag_0.003_layer_all,192.0,u_component_of_wind@850hPa,lower_mesoscale,1.5940058144549119
graphcast_operational,mag_0.003_layer_all,216.0,u_component_of_wind@850hPa,lower_mesoscale,1.5768925204573458
graphcast_operational,mag_0.003_layer_all,240.0,u_component_of_wind@850hPa,lower_mesoscale,1.5798899754578217
graphcast_operational,mag_0.01_layer_all,0.0,u_component_of_wind@850hPa,planetary,7.576853326353188e-08
graphcast_operational,mag_0.01_layer_all,24.0,u_component_of_wind@850hPa,planetary,0.010564903775707379
graphcast_operational,mag_0.01_layer_all,48.0,u_component_of_wind@850hPa,planetary,0.014964676317055227
graphcast_operational,mag_0.01_layer_all,72.0,u_component_of_wind@850hPa,planetary,0.0299092853798057
graphcast_operational,mag_0.01_layer_all,96.0,u_component_of_wind@850hPa,planetary,0.04192412379121637
graphcast_operational,mag_0.01_layer_all,120.0,u_component_of_wind@850hPa,planetary,0.03909859505370145
graphcast_operational,mag_0.01_layer_all,144.0,u_component_of_wind@850hPa,planetary,0.04303664055879244
graphcast_operational,mag_0.01_layer_all,168.0,u_component_of_wind@850hPa,planetary,0.060553175754207114
graphcast_operational,mag_0.01_layer_all,192.0,u_component_of_wind@850hPa,planetary,0.05359486816032257
graphcast_operational,mag_0.01_layer_all,216.0,u_component_of_wind@850hPa,planetary,0.07973954650476697
graphcast_operational,mag_0.01_layer_all,240.0,u_component_of_wind@850hPa,planetary,0.06423592050397219
graphcast_operational,mag_0.01_layer_all,0.0,u_component_of_wind@850hPa,synoptic,4.530970169896186e-07
graphcast_operational,mag_0.01_layer_all,24.0,u_component_of_wind@850hPa,synoptic,0.12132825080025661
graphcast_operational,mag_0.01_layer_all,48.0,u_component_of_wind@850hPa,synoptic,0.15394715069318946
graphcast_operational,mag_0.01_layer_all,72.0,u_component_of_wind@850hPa,synoptic,0.18321841565044716
graphcast_operational,mag_0.01_layer_all,96.0,u_component_of_wind@850hPa,synoptic,0.20791367515341166
graphcast_operational,mag_0.01_layer_all,120.0,u_component_of_wind@850hPa,synoptic,0.21898995787896097
graphcast_operational,mag_0.01_layer_all,144.0,u_component_of_wind@850hPa,synoptic,0.23336661611656237
graphcast_operational,mag_0.01_layer_all,168.0,u_component_of_wind@850hPa,synoptic,0.22498783990686486
graphcast_operational,mag_0.01_layer_all,192.0,u_component_of_wind@850hPa,synoptic,0.23156033251275987
graphcast_operational,mag_0.01_layer_all,216.0,u_component_of_wind@850hPa,synoptic,0.21006123980840313
graphcast_operational,mag_0.01_layer_all,240.0,u_component_of_wind@850hPa,synoptic,0.21199144713375073
graphcast_operational,mag_0.01_layer_all,0.0,u_component_of_wind@850hPa,upper_mesoscale,2.1545222699999136e-06
graphcast_operational,mag_0.01_layer_all,24.0,u_component_of_wind@850hPa,upper_mesoscale,0.36529614501149016
graphcast_operational,mag_0.01_layer_all,48.0,u_component_of_wind@850hPa,upper_mesoscale,0.41342953283068246
graphcast_operational,mag_0.01_layer_all,72.0,u_component_of_wind@850hPa,upper_mesoscale,0.4490408791299354
graphcast_operational,mag_0.01_layer_all,96.0,u_component_of_wind@850hPa,upper_mesoscale,0.45217461348274635
graphcast_operational,mag_0.01_layer_all,120.0,u_component_of_wind@850hPa,upper_mesoscale,0.46730532889747395
graphcast_operational,mag_0.01_layer_all,144.0,u_component_of_wind@850hPa,upper_mesoscale,0.4669288613894063
graphcast_operational,mag_0.01_layer_all,168.0,u_component_of_wind@850hPa,upper_mesoscale,0.4545131770411278
graphcast_operational,mag_0.01_layer_all,192.0,u_component_of_wind@850hPa,upper_mesoscale,0.4477153999080053
graphcast_operational,mag_0.01_layer_all,216.0,u_component_of_wind@850hPa,upper_mesoscale,0.4440622831327018
graphcast_operational,mag_0.01_layer_all,240.0,u_component_of_wind@850hPa,upper_mesoscale,0.4417375617082065
graphcast_operational,mag_0.01_layer_all,0.0,u_component_of_wind@850hPa,lower_mesoscale,0.02448743183391723
graphcast_operational,mag_0.01_layer_all,24.0,u_component_of_wind@850hPa,lower_mesoscale,1.5238308754752652
graphcast_operational,mag_0.01_layer_all,48.0,u_component_of_wind@850hPa,lower_mesoscale,1.5363459694837842
graphcast_operational,mag_0.01_layer_all,72.0,u_component_of_wind@850hPa,lower_mesoscale,1.539662300912569
graphcast_operational,mag_0.01_layer_all,96.0,u_component_of_wind@850hPa,lower_mesoscale,1.5404354972205616
graphcast_operational,mag_0.01_layer_all,120.0,u_component_of_wind@850hPa,lower_mesoscale,1.5440405296130755
graphcast_operational,mag_0.01_layer_all,144.0,u_component_of_wind@850hPa,lower_mesoscale,1.5439473085670308
graphcast_operational,mag_0.01_layer_all,168.0,u_component_of_wind@850hPa,lower_mesoscale,1.5540280434600258
graphcast_operational,mag_0.01_layer_all,192.0,u_component_of_wind@850hPa,lower_mesoscale,1.5945944035388124
graphcast_operational,mag_0.01_layer_all,216.0,u_component_of_wind@850hPa,lower_mesoscale,1.5753321827541769
graphcast_operational,mag_0.01_layer_all,240.0,u_component_of_wind@850hPa,lower_mesoscale,1.579010471432844
graphcast_operational,mag_0.03_layer_all,0.0,u_component_of_wind@850hPa,planetary,7.576853326353188e-08
graphcast_operational,mag_0.03_layer_all,24.0,u_component_of_wind@850hPa,planetary,0.013143210369248976
graphcast_operational,mag_0.03_layer_all,48.0,u_component_of_wind@850hPa,planetary,0.012754803761905867
graphcast_operational,mag_0.03_layer_all,72.0,u_component_of_wind@850hPa,planetary,0.026552896361339194
graphcast_operational,mag_0.03_layer_all,96.0,u_component_of_wind@850hPa,planetary,0.022924397839863712
graphcast_operational,mag_0.03_layer_all,120.0,u_component_of_wind@850hPa,planetary,0.04881516469095852
graphcast_operational,mag_0.03_layer_all,144.0,u_component_of_wind@850hPa,planetary,0.056756351452260316
graphcast_operational,mag_0.03_layer_all,168.0,u_component_of_wind@850hPa,planetary,0.05216287529200707
graphcast_operational,mag_0.03_layer_all,192.0,u_component_of_wind@850hPa,planetary,0.05644133050799353
graphcast_operational,mag_0.03_layer_all,216.0,u_component_of_wind@850hPa,planetary,0.08896100976320559
graphcast_operational,mag_0.03_layer_all,240.0,u_component_of_wind@850hPa,planetary,0.06016147139579596
graphcast_operational,mag_0.03_layer_all,0.0,u_component_of_wind@850hPa,synoptic,4.530970169896186e-07
graphcast_operational,mag_0.03_layer_all,24.0,u_component_of_wind@850hPa,synoptic,0.12859471898982905
graphcast_operational,mag_0.03_layer_all,48.0,u_component_of_wind@850hPa,synoptic,0.15442210350678628
graphcast_operational,mag_0.03_layer_all,72.0,u_component_of_wind@850hPa,synoptic,0.17836728545016103
graphcast_operational,mag_0.03_layer_all,96.0,u_component_of_wind@850hPa,synoptic,0.19502254007592826
graphcast_operational,mag_0.03_layer_all,120.0,u_component_of_wind@850hPa,synoptic,0.19872397685028503
graphcast_operational,mag_0.03_layer_all,144.0,u_component_of_wind@850hPa,synoptic,0.2123137391111324
graphcast_operational,mag_0.03_layer_all,168.0,u_component_of_wind@850hPa,synoptic,0.21095022666645455
graphcast_operational,mag_0.03_layer_all,192.0,u_component_of_wind@850hPa,synoptic,0.2286752659027143
graphcast_operational,mag_0.03_layer_all,216.0,u_component_of_wind@850hPa,synoptic,0.2182715159357242
graphcast_operational,mag_0.03_layer_all,240.0,u_component_of_wind@850hPa,synoptic,0.2129029834462151
graphcast_operational,mag_0.03_layer_all,0.0,u_component_of_wind@850hPa,upper_mesoscale,2.1545222699999136e-06
graphcast_operational,mag_0.03_layer_all,24.0,u_component_of_wind@850hPa,upper_mesoscale,0.37321489342252123
graphcast_operational,mag_0.03_layer_all,48.0,u_component_of_wind@850hPa,upper_mesoscale,0.41395209361078733
graphcast_operational,mag_0.03_layer_all,72.0,u_component_of_wind@850hPa,upper_mesoscale,0.44019795656013677
graphcast_operational,mag_0.03_layer_all,96.0,u_component_of_wind@850hPa,upper_mesoscale,0.44752272467910403
graphcast_operational,mag_0.03_layer_all,120.0,u_component_of_wind@850hPa,upper_mesoscale,0.45366358471351553
graphcast_operational,mag_0.03_layer_all,144.0,u_component_of_wind@850hPa,upper_mesoscale,0.4548368007532834
graphcast_operational,mag_0.03_layer_all,168.0,u_component_of_wind@850hPa,upper_mesoscale,0.44923741529679106
graphcast_operational,mag_0.03_layer_all,192.0,u_component_of_wind@850hPa,upper_mesoscale,0.4519347951608792
graphcast_operational,mag_0.03_layer_all,216.0,u_component_of_wind@850hPa,upper_mesoscale,0.4468626332783736
graphcast_operational,mag_0.03_layer_all,240.0,u_component_of_wind@850hPa,upper_mesoscale,0.4428260700387596
graphcast_operational,mag_0.03_layer_all,0.0,u_component_of_wind@850hPa,lower_mesoscale,0.02448743183391723
graphcast_operational,mag_0.03_layer_all,24.0,u_component_of_wind@850hPa,lower_mesoscale,1.5273225660363565
graphcast_operational,mag_0.03_layer_all,48.0,u_component_of_wind@850hPa,lower_mesoscale,1.5417348683445495
graphcast_operational,mag_0.03_layer_all,72.0,u_component_of_wind@850hPa,lower_mesoscale,1.5458712690302112
graphcast_operational,mag_0.03_layer_all,96.0,u_component_of_wind@850hPa,lower_mesoscale,1.5480558456190838
graphcast_operational,mag_0.03_layer_all,120.0,u_component_of_wind@850hPa,lower_mesoscale,1.554683608423061
graphcast_operational,mag_0.03_layer_all,144.0,u_component_of_wind@850hPa,lower_mesoscale,1.5589325967865544
graphcast_operational,mag_0.03_layer_all,168.0,u_component_of_wind@850hPa,lower_mesoscale,1.57074986276058
graphcast_operational,mag_0.03_layer_all,192.0,u_component_of_wind@850hPa,lower_mesoscale,1.6073685499352284
graphcast_operational,mag_0.03_layer_all,216.0,u_component_of_wind@850hPa,lower_mesoscale,1.5847827081543355
graphcast_operational,mag_0.03_layer_all,240.0,u_component_of_wind@850hPa,lower_mesoscale,1.5883635536274778
graphcast_operational,mag_0.1_layer_all,0.0,u_component_of_wind@850hPa,planetary,7.576853326353188e-08
graphcast_operational,mag_0.1_layer_all,24.0,u_component_of_wind@850hPa,planetary,0.07186314757018471
graphcast_operational,mag_0.1_layer_all,48.0,u_component_of_wind@850hPa,planetary,0.05074679913280169
graphcast_operational,mag_0.1_layer_all,72.0,u_component_of_wind@850hPa,planetary,0.07274382859944034
graphcast_operational,mag_0.1_layer_all,96.0,u_component_of_wind@850hPa,planetary,0.06644962214549126
graphcast_operational,mag_0.1_layer_all,120.0,u_component_of_wind@850hPa,planetary,0.05234060809536713
graphcast_operational,mag_0.1_layer_all,144.0,u_component_of_wind@850hPa,planetary,0.03266837552635462
graphcast_operational,mag_0.1_layer_all,168.0,u_component_of_wind@850hPa,planetary,0.0680525556913133
graphcast_operational,mag_0.1_layer_all,192.0,u_component_of_wind@850hPa,planetary,0.05981730749004252
graphcast_operational,mag_0.1_layer_all,216.0,u_component_of_wind@850hPa,planetary,0.11221719889983368
graphcast_operational,mag_0.1_layer_all,240.0,u_component_of_wind@850hPa,planetary,0.11049118546831466
graphcast_operational,mag_0.1_layer_all,0.0,u_component_of_wind@850hPa,synoptic,4.530970169896186e-07
graphcast_operational,mag_0.1_layer_all,24.0,u_component_of_wind@850hPa,synoptic,0.19869599168590368
graphcast_operational,mag_0.1_layer_all,48.0,u_component_of_wind@850hPa,synoptic,0.18937376383871787
graphcast_operational,mag_0.1_layer_all,72.0,u_component_of_wind@850hPa,synoptic,0.18056840154335635
graphcast_operational,mag_0.1_layer_all,96.0,u_component_of_wind@850hPa,synoptic,0.19567095727894568
graphcast_operational,mag_0.1_layer_all,120.0,u_component_of_wind@850hPa,synoptic,0.20797865019472225
graphcast_operational,mag_0.1_layer_all,144.0,u_component_of_wind@850hPa,synoptic,0.21254489885363545
graphcast_operational,mag_0.1_layer_all,168.0,u_component_of_wind@850hPa,synoptic,0.21529246547524294
graphcast_operational,mag_0.1_layer_all,192.0,u_component_of_wind@850hPa,synoptic,0.24391237639687086
graphcast_operational,mag_0.1_layer_all,216.0,u_component_of_wind@850hPa,synoptic,0.24076209864488954
graphcast_operational,mag_0.1_layer_all,240.0,u_component_of_wind@850hPa,synoptic,0.2491962369554132
graphcast_operational,mag_0.1_layer_all,0.0,u_component_of_wind@850hPa,upper_mesoscale,2.1545222699999136e-06
graphcast_operational,mag_0.1_layer_all,24.0,u_component_of_wind@850hPa,upper_mesoscale,0.3835107686790678
graphcast_operational,mag_0.1_layer_all,48.0,u_component_of_wind@850hPa,upper_mesoscale,0.40367386271172806
graphcast_operational,mag_0.1_layer_all,72.0,u_component_of_wind@850hPa,upper_mesoscale,0.3912971419701475
graphcast_operational,mag_0.1_layer_all,96.0,u_component_of_wind@850hPa,upper_mesoscale,0.3942472801212975
graphcast_operational,mag_0.1_layer_all,120.0,u_component_of_wind@850hPa,upper_mesoscale,0.38466212752563
graphcast_operational,mag_0.1_layer_all,144.0,u_component_of_wind@850hPa,upper_mesoscale,0.3762563797896137
graphcast_operational,mag_0.1_layer_all,168.0,u_component_of_wind@850hPa,upper_mesoscale,0.37099339494079997
graphcast_operational,mag_0.1_layer_all,192.0,u_component_of_wind@850hPa,upper_mesoscale,0.3784345832600088
graphcast_operational,mag_0.1_layer_all,216.0,u_component_of_wind@850hPa,upper_mesoscale,0.3942607777446875
graphcast_operational,mag_0.1_layer_all,240.0,u_component_of_wind@850hPa,upper_mesoscale,0.3956122811244142
graphcast_operational,mag_0.1_layer_all,0.0,u_component_of_wind@850hPa,lower_mesoscale,0.02448743183391723
graphcast_operational,mag_0.1_layer_all,24.0,u_component_of_wind@850hPa,lower_mesoscale,1.6160443364763262
graphcast_operational,mag_0.1_layer_all,48.0,u_component_of_wind@850hPa,lower_mesoscale,1.6407055477837393
graphcast_operational,mag_0.1_layer_all,72.0,u_component_of_wind@850hPa,lower_mesoscale,1.659203226336278
graphcast_operational,mag_0.1_layer_all,96.0,u_component_of_wind@850hPa,lower_mesoscale,1.6746721594491085
graphcast_operational,mag_0.1_layer_all,120.0,u_component_of_wind@850hPa,lower_mesoscale,1.6918563099915187
graphcast_operational,mag_0.1_layer_all,144.0,u_component_of_wind@850hPa,lower_mesoscale,1.701994009173562
graphcast_operational,mag_0.1_layer_all,168.0,u_component_of_wind@850hPa,lower_mesoscale,1.719818670086438
graphcast_operational,mag_0.1_layer_all,192.0,u_component_of_wind@850hPa,lower_mesoscale,1.756042161353861
graphcast_operational,mag_0.1_layer_all,216.0,u_component_of_wind@850hPa,lower_mesoscale,1.7339396177759097
graphcast_operational,mag_0.1_layer_all,240.0,u_component_of_wind@850hPa,lower_mesoscale,1.7316807756820511
sfno,mag_0_layer_all,0.0,u_component_of_wind@850hPa,planetary,7.576853326353188e-08
sfno,mag_0_layer_all,24.0,u_component_of_wind@850hPa,planetary,0.017342775281314563
sfno,mag_0_layer_all,48.0,u_component_of_wind@850hPa,planetary,0.02538679405639964
sfno,mag_0_layer_all,72.0,u_component_of_wind@850hPa,planetary,0.03726963138432882
sfno,mag_0_layer_all,96.0,u_component_of_wind@850hPa,planetary,0.05933300447857161
sfno,mag_0_layer_all,120.0,u_component_of_wind@850hPa,planetary,0.05804616610957145
sfno,mag_0_layer_all,144.0,u_component_of_wind@850hPa,planetary,0.055089433014977866
sfno,mag_0_layer_all,168.0,u_component_of_wind@850hPa,planetary,0.0593797134804187
sfno,mag_0_layer_all,192.0,u_component_of_wind@850hPa,planetary,0.019577489552573803
sfno,mag_0_layer_all,216.0,u_component_of_wind@850hPa,planetary,0.1015846644576161
sfno,mag_0_layer_all,240.0,u_component_of_wind@850hPa,planetary,0.11138347928080512
sfno,mag_0_layer_all,0.0,u_component_of_wind@850hPa,synoptic,4.530970169896186e-07
sfno,mag_0_layer_all,24.0,u_component_of_wind@850hPa,synoptic,0.09320686298944361
sfno,mag_0_layer_all,48.0,u_component_of_wind@850hPa,synoptic,0.10120657677590092
sfno,mag_0_layer_all,72.0,u_component_of_wind@850hPa,synoptic,0.10694871956568859
sfno,mag_0_layer_all,96.0,u_component_of_wind@850hPa,synoptic,0.13268926266732425
sfno,mag_0_layer_all,120.0,u_component_of_wind@850hPa,synoptic,0.11675726578242572
sfno,mag_0_layer_all,144.0,u_component_of_wind@850hPa,synoptic,0.11798352312664975
sfno,mag_0_layer_all,168.0,u_component_of_wind@850hPa,synoptic,0.1363157799267506
sfno,mag_0_layer_all,192.0,u_component_of_wind@850hPa,synoptic,0.15744689780555574
sfno,mag_0_layer_all,216.0,u_component_of_wind@850hPa,synoptic,0.1478264075988043
sfno,mag_0_layer_all,240.0,u_component_of_wind@850hPa,synoptic,0.11690385235513649
sfno,mag_0_layer_all,0.0,u_component_of_wind@850hPa,upper_mesoscale,2.1545222699889144e-06
sfno,mag_0_layer_all,24.0,u_component_of_wind@850hPa,upper_mesoscale,0.30175069201104066
sfno,mag_0_layer_all,48.0,u_component_of_wind@850hPa,upper_mesoscale,0.32506663232511074
sfno,mag_0_layer_all,72.0,u_component_of_wind@850hPa,upper_mesoscale,0.32938708490875673
sfno,mag_0_layer_all,96.0,u_component_of_wind@850hPa,upper_mesoscale,0.32528784527156757
sfno,mag_0_layer_all,120.0,u_component_of_wind@850hPa,upper_mesoscale,0.3357323757456713
sfno,mag_0_layer_all,144.0,u_component_of_wind@850hPa,upper_mesoscale,0.33638505265576824
sfno,mag_0_layer_all,168.0,u_component_of_wind@850hPa,upper_mesoscale,0.34261264043685186
sfno,mag_0_layer_all,192.0,u_component_of_wind@850hPa,upper_mesoscale,0.34119147524433113
sfno,mag_0_layer_all,216.0,u_component_of_wind@850hPa,upper_mesoscale,0.3408646482751139
sfno,mag_0_layer_all,240.0,u_component_of_wind@850hPa,upper_mesoscale,0.3107006069414171
sfno,mag_0_layer_all,0.0,u_component_of_wind@850hPa,lower_mesoscale,0.02448743183391723
sfno,mag_0_layer_all,24.0,u_component_of_wind@850hPa,lower_mesoscale,1.3018271860090118
sfno,mag_0_layer_all,48.0,u_component_of_wind@850hPa,lower_mesoscale,1.316140348268703
sfno,mag_0_layer_all,72.0,u_component_of_wind@850hPa,lower_mesoscale,1.314062114082525
sfno,mag_0_layer_all,96.0,u_component_of_wind@850hPa,lower_mesoscale,1.303325974795718
sfno,mag_0_layer_all,120.0,u_component_of_wind@850hPa,lower_mesoscale,1.3126138654907236
sfno,mag_0_layer_all,144.0,u_component_of_wind@850hPa,lower_mesoscale,1.310340740305941
sfno,mag_0_layer_all,168.0,u_component_of_wind@850hPa,lower_mesoscale,1.3152007870282119
sfno,mag_0_layer_all,192.0,u_component_of_wind@850hPa,lower_mesoscale,1.343316367402815
sfno,mag_0_layer_all,216.0,u_component_of_wind@850hPa,lower_mesoscale,1.3043086450672947
sfno,mag_0_layer_all,240.0,u_component_of_wind@850hPa,lower_mesoscale,1.3036181203393207
sfno,mag_0.001_layer_all,0.0,u_component_of_wind@850hPa,planetary,7.576853326353188e-08
sfno,mag_0.001_layer_all,24.0,u_component_of_wind@850hPa,planetary,0.017406128605769722
sfno,mag_0.001_layer_all,48.0,u_component_of_wind@850hPa,planetary,0.025263506286119446
sfno,mag_0.001_layer_all,72.0,u_component_of_wind@850hPa,planetary,0.037074127012782745
sfno,mag_0.001_layer_all,96.0,u_component_of_wind@850hPa,planetary,0.058946638993116494
sfno,mag_0.001_layer_all,120.0,u_component_of_wind@850hPa,planetary,0.05798628669224463
sfno,mag_0.001_layer_all,144.0,u_component_of_wind@850hPa,planetary,0.05495414317777082
sfno,mag_0.001_layer_all,168.0,u_component_of_wind@850hPa,planetary,0.06023648302329021
sfno,mag_0.001_layer_all,192.0,u_component_of_wind@850hPa,planetary,0.017617084551631662
sfno,mag_0.001_layer_all,216.0,u_component_of_wind@850hPa,planetary,0.09870714617105408
sfno,mag_0.001_layer_all,240.0,u_component_of_wind@850hPa,planetary,0.10497062001586252
sfno,mag_0.001_layer_all,0.0,u_component_of_wind@850hPa,synoptic,4.530970169896186e-07
sfno,mag_0.001_layer_all,24.0,u_component_of_wind@850hPa,synoptic,0.09322527171391198
sfno,mag_0.001_layer_all,48.0,u_component_of_wind@850hPa,synoptic,0.10111756557878744
sfno,mag_0.001_layer_all,72.0,u_component_of_wind@850hPa,synoptic,0.10682230681810063
sfno,mag_0.001_layer_all,96.0,u_component_of_wind@850hPa,synoptic,0.13245035600490868
sfno,mag_0.001_layer_all,120.0,u_component_of_wind@850hPa,synoptic,0.11674548631215403
sfno,mag_0.001_layer_all,144.0,u_component_of_wind@850hPa,synoptic,0.11809048492987513
sfno,mag_0.001_layer_all,168.0,u_component_of_wind@850hPa,synoptic,0.13507986325546162
sfno,mag_0.001_layer_all,192.0,u_component_of_wind@850hPa,synoptic,0.15781496916764184
sfno,mag_0.001_layer_all,216.0,u_component_of_wind@850hPa,synoptic,0.14516526268926894
sfno,mag_0.001_layer_all,240.0,u_component_of_wind@850hPa,synoptic,0.11860148784850091
sfno,mag_0.001_layer_all,0.0,u_component_of_wind@850hPa,upper_mesoscale,2.1545222699999136e-06
sfno,mag_0.001_layer_all,24.0,u_component_of_wind@850hPa,upper_mesoscale,0.3019792119073909
sfno,mag_0.001_layer_all,48.0,u_component_of_wind@850hPa,upper_mesoscale,0.3252302220297432
sfno,mag_0.001_layer_all,72.0,u_component_of_wind@850hPa,upper_mesoscale,0.32968449955182016
sfno,mag_0.001_layer_all,96.0,u_component_of_wind@850hPa,upper_mesoscale,0.32561528251366206
sfno,mag_0.001_layer_all,120.0,u_component_of_wind@850hPa,upper_mesoscale,0.3354433701926646
sfno,mag_0.001_layer_all,144.0,u_component_of_wind@850hPa,upper_mesoscale,0.33651269135785394
sfno,mag_0.001_layer_all,168.0,u_component_of_wind@850hPa,upper_mesoscale,0.34211883360914636
sfno,mag_0.001_layer_all,192.0,u_component_of_wind@850hPa,upper_mesoscale,0.34133572034462895
sfno,mag_0.001_layer_all,216.0,u_component_of_wind@850hPa,upper_mesoscale,0.3386694869468982
sfno,mag_0.001_layer_all,240.0,u_component_of_wind@850hPa,upper_mesoscale,0.3097440791463247
sfno,mag_0.001_layer_all,0.0,u_component_of_wind@850hPa,lower_mesoscale,0.02448743183391723
sfno,mag_0.001_layer_all,24.0,u_component_of_wind@850hPa,lower_mesoscale,1.3017985463150428
sfno,mag_0.001_layer_all,48.0,u_component_of_wind@850hPa,lower_mesoscale,1.316263786191589
sfno,mag_0.001_layer_all,72.0,u_component_of_wind@850hPa,lower_mesoscale,1.3141599702286832
sfno,mag_0.001_layer_all,96.0,u_component_of_wind@850hPa,lower_mesoscale,1.3038775126539621
sfno,mag_0.001_layer_all,120.0,u_component_of_wind@850hPa,lower_mesoscale,1.3126581763266423
sfno,mag_0.001_layer_all,144.0,u_component_of_wind@850hPa,lower_mesoscale,1.3104918910093295
sfno,mag_0.001_layer_all,168.0,u_component_of_wind@850hPa,lower_mesoscale,1.3148422876826589
sfno,mag_0.001_layer_all,192.0,u_component_of_wind@850hPa,lower_mesoscale,1.3427659770832123
sfno,mag_0.001_layer_all,216.0,u_component_of_wind@850hPa,lower_mesoscale,1.3042366484487418
sfno,mag_0.001_layer_all,240.0,u_component_of_wind@850hPa,lower_mesoscale,1.3024389770723976
sfno,mag_0.003_layer_all,0.0,u_component_of_wind@850hPa,planetary,7.576853326353188e-08
sfno,mag_0.003_layer_all,24.0,u_component_of_wind@850hPa,planetary,0.017469844102669115
sfno,mag_0.003_layer_all,48.0,u_component_of_wind@850hPa,planetary,0.024937087305046082
sfno,mag_0.003_layer_all,72.0,u_component_of_wind@850hPa,planetary,0.03686068098491482
sfno,mag_0.003_layer_all,96.0,u_component_of_wind@850hPa,planetary,0.058226219456479995
sfno,mag_0.003_layer_all,120.0,u_component_of_wind@850hPa,planetary,0.05712679956166131
sfno,mag_0.003_layer_all,144.0,u_component_of_wind@850hPa,planetary,0.05319881698352223
sfno,mag_0.003_layer_all,168.0,u_component_of_wind@850hPa,planetary,0.062324891364297835
sfno,mag_0.003_layer_all,192.0,u_component_of_wind@850hPa,planetary,0.01697346554164173
sfno,mag_0.003_layer_all,216.0,u_component_of_wind@850hPa,planetary,0.0907693946385604
sfno,mag_0.003_layer_all,240.0,u_component_of_wind@850hPa,planetary,0.08618712573547768
sfno,mag_0.003_layer_all,0.0,u_component_of_wind@850hPa,synoptic,4.530970169896186e-07
sfno,mag_0.003_layer_all,24.0,u_component_of_wind@850hPa,synoptic,0.093289064600318
sfno,mag_0.003_layer_all,48.0,u_component_of_wind@850hPa,synoptic,0.1009791555384477
sfno,mag_0.003_layer_all,72.0,u_component_of_wind@850hPa,synoptic,0.10655724357648626
sfno,mag_0.003_layer_all,96.0,u_component_of_wind@850hPa,synoptic,0.13184385949506464
sfno,mag_0.003_layer_all,120.0,u_component_of_wind@850hPa,synoptic,0.11683166705217837
sfno,mag_0.003_layer_all,144.0,u_component_of_wind@850hPa,synoptic,0.11825528280083776
sfno,mag_0.003_layer_all,168.0,u_component_of_wind@850hPa,synoptic,0.1316582676111447
sfno,mag_0.003_layer_all,192.0,u_component_of_wind@850hPa,synoptic,0.1557429107775326
sfno,mag_0.003_layer_all,216.0,u_component_of_wind@850hPa,synoptic,0.13721904209629351
sfno,mag_0.003_layer_all,240.0,u_component_of_wind@850hPa,synoptic,0.11379393249393242
sfno,mag_0.003_layer_all,0.0,u_component_of_wind@850hPa,upper_mesoscale,2.1545222699999136e-06
sfno,mag_0.003_layer_all,24.0,u_component_of_wind@850hPa,upper_mesoscale,0.30241043974592996
sfno,mag_0.003_layer_all,48.0,u_component_of_wind@850hPa,upper_mesoscale,0.3256749225467483
sfno,mag_0.003_layer_all,72.0,u_component_of_wind@850hPa,upper_mesoscale,0.32978882871768883
sfno,mag_0.003_layer_all,96.0,u_component_of_wind@850hPa,upper_mesoscale,0.32607583194129647
sfno,mag_0.003_layer_all,120.0,u_component_of_wind@850hPa,upper_mesoscale,0.33498527401496053
sfno,mag_0.003_layer_all,144.0,u_component_of_wind@850hPa,upper_mesoscale,0.337039252818758
sfno,mag_0.003_layer_all,168.0,u_component_of_wind@850hPa,upper_mesoscale,0.3422269082668956
sfno,mag_0.003_layer_all,192.0,u_component_of_wind@850hPa,upper_mesoscale,0.3423858550170969
sfno,mag_0.003_layer_all,216.0,u_component_of_wind@850hPa,upper_mesoscale,0.3327283042083625
sfno,mag_0.003_layer_all,240.0,u_component_of_wind@850hPa,upper_mesoscale,0.30505340718433605
sfno,mag_0.003_layer_all,0.0,u_component_of_wind@850hPa,lower_mesoscale,0.02448743183391723
sfno,mag_0.003_layer_all,24.0,u_component_of_wind@850hPa,lower_mesoscale,1.3019276608163004
sfno,mag_0.003_layer_all,48.0,u_component_of_wind@850hPa,lower_mesoscale,1.316417110339279
sfno,mag_0.003_layer_all,72.0,u_component_of_wind@850hPa,lower_mesoscale,1.314175760526369
sfno,mag_0.003_layer_all,96.0,u_component_of_wind@850hPa,lower_mesoscale,1.3039552514631398
sfno,mag_0.003_layer_all,120.0,u_component_of_wind@850hPa,lower_mesoscale,1.3127784666952886
sfno,mag_0.003_layer_all,144.0,u_component_of_wind@850hPa,lower_mesoscale,1.311335781072484
sfno,mag_0.003_layer_all,168.0,u_component_of_wind@850hPa,lower_mesoscale,1.3140952005445998
sfno,mag_0.003_layer_all,192.0,u_component_of_wind@850hPa,lower_mesoscale,1.3427485980036626
sfno,mag_0.003_layer_all,216.0,u_component_of_wind@850hPa,lower_mesoscale,1.3045928703865028
sfno,mag_0.003_layer_all,240.0,u_component_of_wind@850hPa,lower_mesoscale,1.300395842084081
sfno,mag_0.01_layer_all,0.0,u_component_of_wind@850hPa,planetary,7.576853326353188e-08
sfno,mag_0.01_layer_all,24.0,u_component_of_wind@850hPa,planetary,0.017787798354620493
sfno,mag_0.01_layer_all,48.0,u_component_of_wind@850hPa,planetary,0.023887789139278873
sfno,mag_0.01_layer_all,72.0,u_component_of_wind@850hPa,planetary,0.03588087107856196
sfno,mag_0.01_layer_all,96.0,u_component_of_wind@850hPa,planetary,0.054739225962303587
sfno,mag_0.01_layer_all,120.0,u_component_of_wind@850hPa,planetary,0.051814095107181116
sfno,mag_0.01_layer_all,144.0,u_component_of_wind@850hPa,planetary,0.0460518050580934
sfno,mag_0.01_layer_all,168.0,u_component_of_wind@850hPa,planetary,0.07124707583097403
sfno,mag_0.01_layer_all,192.0,u_component_of_wind@850hPa,planetary,0.02709765715818617
sfno,mag_0.01_layer_all,216.0,u_component_of_wind@850hPa,planetary,0.0823328756963047
sfno,mag_0.01_layer_all,240.0,u_component_of_wind@850hPa,planetary,0.08064739970438027
sfno,mag_0.01_layer_all,0.0,u_component_of_wind@850hPa,synoptic,4.530970169896186e-07
sfno,mag_0.01_layer_all,24.0,u_component_of_wind@850hPa,synoptic,0.093469358966
sfno,mag_0.01_layer_all,48.0,u_component_of_wind@850hPa,synoptic,0.1000174020265106
sfno,mag_0.01_layer_all,72.0,u_component_of_wind@850hPa,synoptic,0.10487857693354297
sfno,mag_0.01_layer_all,96.0,u_component_of_wind@850hPa,synoptic,0.12824805180936072
sfno,mag_0.01_layer_all,120.0,u_component_of_wind@850hPa,synoptic,0.11683930857781104
sfno,mag_0.01_layer_all,144.0,u_component_of_wind@850hPa,synoptic,0.1236400808408926
sfno,mag_0.01_layer_all,168.0,u_component_of_wind@850hPa,synoptic,0.12138616205335095
sfno,mag_0.01_layer_all,192.0,u_component_of_wind@850hPa,synoptic,0.1491024777623581
sfno,mag_0.01_layer_all,216.0,u_component_of_wind@850hPa,synoptic,0.12168510173768039
sfno,mag_0.01_layer_all,240.0,u_component_of_wind@850hPa,synoptic,0.10228346285431986
sfno,mag_0.01_layer_all,0.0,u_component_of_wind@850hPa,upper_mesoscale,2.1545222699999136e-06
sfno,mag_0.01_layer_all,24.0,u_component_of_wind@850hPa,upper_mesoscale,0.30377029672126754
sfno,mag_0.01_layer_all,48.0,u_component_of_wind@850hPa,upper_mesoscale,0.3262955354998298
sfno,mag_0.01_layer_all,72.0,u_component_of_wind@850hPa,upper_mesoscale,0.3288679590524906
sfno,mag_0.01_layer_all,96.0,u_component_of_wind@850hPa,upper_mesoscale,0.3269800442871069
sfno,mag_0.01_layer_all,120.0,u_component_of_wind@850hPa,upper_mesoscale,0.33361710577554504
sfno,mag_0.01_layer_all,144.0,u_component_of_wind@850hPa,upper_mesoscale,0.33510302007402226
sfno,mag_0.01_layer_all,168.0,u_component_of_wind@850hPa,upper_mesoscale,0.34452045685554356
sfno,mag_0.01_layer_all,192.0,u_component_of_wind@850hPa,upper_mesoscale,0.3432317120239295
sfno,mag_0.01_layer_all,216.0,u_component_of_wind@850hPa,upper_mesoscale,0.33268616936856077
sfno,mag_0.01_layer_all,240.0,u_component_of_wind@850hPa,upper_mesoscale,0.31297886581541445
sfno,mag_0.01_layer_all,0.0,u_component_of_wind@850hPa,lower_mesoscale,0.02448743183391723
sfno,mag_0.01_layer_all,24.0,u_component_of_wind@850hPa,lower_mesoscale,1.302599679244862
sfno,mag_0.01_layer_all,48.0,u_component_of_wind@850hPa,lower_mesoscale,1.3172165076722404
sfno,mag_0.01_layer_all,72.0,u_component_of_wind@850hPa,lower_mesoscale,1.314594282217814
sfno,mag_0.01_layer_all,96.0,u_component_of_wind@850hPa,lower_mesoscale,1.306157743058948
sfno,mag_0.01_layer_all,120.0,u_component_of_wind@850hPa,lower_mesoscale,1.314809778186784
sfno,mag_0.01_layer_all,144.0,u_component_of_wind@850hPa,lower_mesoscale,1.3138004140642192
sfno,mag_0.01_layer_all,168.0,u_component_of_wind@850hPa,lower_mesoscale,1.3148020409340981
sfno,mag_0.01_layer_all,192.0,u_component_of_wind@850hPa,lower_mesoscale,1.3432689055864682
sfno,mag_0.01_layer_all,216.0,u_component_of_wind@850hPa,lower_mesoscale,1.3072495631817478
sfno,mag_0.01_layer_all,240.0,u_component_of_wind@850hPa,lower_mesoscale,1.3032110648327992
sfno,mag_0.03_layer_all,0.0,u_component_of_wind@850hPa,planetary,7.576853326353188e-08
sfno,mag_0.03_layer_all,24.0,u_component_of_wind@850hPa,planetary,0.018739360920856218
sfno,mag_0.03_layer_all,48.0,u_component_of_wind@850hPa,planetary,0.020855708574778736
sfno,mag_0.03_layer_all,72.0,u_component_of_wind@850hPa,planetary,0.029621942829655475
sfno,mag_0.03_layer_all,96.0,u_component_of_wind@850hPa,planetary,0.042596706882307926
sfno,mag_0.03_layer_all,120.0,u_component_of_wind@850hPa,planetary,0.03953430538283594
sfno,mag_0.03_layer_all,144.0,u_component_of_wind@850hPa,planetary,0.03442107473963002
sfno,mag_0.03_layer_all,168.0,u_component_of_wind@850hPa,planetary,0.05043085020416496
sfno,mag_0.03_layer_all,192.0,u_component_of_wind@850hPa,planetary,0.05242329430852553
sfno,mag_0.03_layer_all,216.0,u_component_of_wind@850hPa,planetary,0.07936672708532364
sfno,mag_0.03_layer_all,240.0,u_component_of_wind@850hPa,planetary,0.07926902488174824
sfno,mag_0.03_layer_all,0.0,u_component_of_wind@850hPa,synoptic,4.530970169896186e-07
sfno,mag_0.03_layer_all,24.0,u_component_of_wind@850hPa,synoptic,0.0940435061673333
sfno,mag_0.03_layer_all,48.0,u_component_of_wind@850hPa,synoptic,0.09499613165383294
sfno,mag_0.03_layer_all,72.0,u_component_of_wind@850hPa,synoptic,0.09613034771801011
sfno,mag_0.03_layer_all,96.0,u_component_of_wind@850hPa,synoptic,0.11195908850453823
sfno,mag_0.03_layer_all,120.0,u_component_of_wind@850hPa,synoptic,0.1045933549641735
sfno,mag_0.03_layer_all,144.0,u_component_of_wind@850hPa,synoptic,0.11347997653241926
sfno,mag_0.03_layer_all,168.0,u_component_of_wind@850hPa,synoptic,0.10806262963891794
sfno,mag_0.03_layer_all,192.0,u_component_of_wind@850hPa,synoptic,0.11516293172968875
sfno,mag_0.03_layer_all,216.0,u_component_of_wind@850hPa,synoptic,0.09724201689671003
sfno,mag_0.03_layer_all,240.0,u_component_of_wind@850hPa,synoptic,0.09258217880204606
sfno,mag_0.03_layer_all,0.0,u_component_of_wind@850hPa,upper_mesoscale,2.1545222699999136e-06
sfno,mag_0.03_layer_all,24.0,u_component_of_wind@850hPa,upper_mesoscale,0.30719945399238
sfno,mag_0.03_layer_all,48.0,u_component_of_wind@850hPa,upper_mesoscale,0.32622514923837564
sfno,mag_0.03_layer_all,72.0,u_component_of_wind@850hPa,upper_mesoscale,0.32175177234685504
sfno,mag_0.03_layer_all,96.0,u_component_of_wind@850hPa,upper_mesoscale,0.3262364098293709
sfno,mag_0.03_layer_all,120.0,u_component_of_wind@850hPa,upper_mesoscale,0.3234938005110987
sfno,mag_0.03_layer_all,144.0,u_component_of_wind@850hPa,upper_mesoscale,0.31740983588533
sfno,mag_0.03_layer_all,168.0,u_component_of_wind@850hPa,upper_mesoscale,0.32220695695206103
sfno,mag_0.03_layer_all,192.0,u_component_of_wind@850hPa,upper_mesoscale,0.32071172497710737
sfno,mag_0.03_layer_all,216.0,u_component_of_wind@850hPa,upper_mesoscale,0.31293281463293476
sfno,mag_0.03_layer_all,240.0,u_component_of_wind@850hPa,upper_mesoscale,0.3051338009411853
sfno,mag_0.03_layer_all,0.0,u_component_of_wind@850hPa,lower_mesoscale,0.02448743183391723
sfno,mag_0.03_layer_all,24.0,u_component_of_wind@850hPa,lower_mesoscale,1.3060066605527747
sfno,mag_0.03_layer_all,48.0,u_component_of_wind@850hPa,lower_mesoscale,1.3209583721274853
sfno,mag_0.03_layer_all,72.0,u_component_of_wind@850hPa,lower_mesoscale,1.3192330870012694
sfno,mag_0.03_layer_all,96.0,u_component_of_wind@850hPa,lower_mesoscale,1.316207702835637
sfno,mag_0.03_layer_all,120.0,u_component_of_wind@850hPa,lower_mesoscale,1.3226074331916642
sfno,mag_0.03_layer_all,144.0,u_component_of_wind@850hPa,lower_mesoscale,1.321588050257174
sfno,mag_0.03_layer_all,168.0,u_component_of_wind@850hPa,lower_mesoscale,1.3224801763603533
sfno,mag_0.03_layer_all,192.0,u_component_of_wind@850hPa,lower_mesoscale,1.3467447160790664
sfno,mag_0.03_layer_all,216.0,u_component_of_wind@850hPa,lower_mesoscale,1.3146835427592747
sfno,mag_0.03_layer_all,240.0,u_component_of_wind@850hPa,lower_mesoscale,1.3097198795881322
sfno,mag_0.1_layer_all,0.0,u_component_of_wind@850hPa,planetary,7.576853326353188e-08
sfno,mag_0.1_layer_all,24.0,u_component_of_wind@850hPa,planetary,0.02031446920283907
sfno,mag_0.1_layer_all,48.0,u_component_of_wind@850hPa,planetary,0.02788357979158011
sfno,mag_0.1_layer_all,72.0,u_component_of_wind@850hPa,planetary,0.05291662128285658
sfno,mag_0.1_layer_all,96.0,u_component_of_wind@850hPa,planetary,0.08696167313215636
sfno,mag_0.1_layer_all,120.0,u_component_of_wind@850hPa,planetary,0.20676021952427334
sfno,mag_0.1_layer_all,144.0,u_component_of_wind@850hPa,planetary,0.33873320387922573
sfno,mag_0.1_layer_all,168.0,u_component_of_wind@850hPa,planetary,0.4473809466354078
sfno,mag_0.1_layer_all,192.0,u_component_of_wind@850hPa,planetary,0.6070814380602799
sfno,mag_0.1_layer_all,216.0,u_component_of_wind@850hPa,planetary,0.7378404348428221
sfno,mag_0.1_layer_all,240.0,u_component_of_wind@850hPa,planetary,0.924145118177004
sfno,mag_0.1_layer_all,0.0,u_component_of_wind@850hPa,synoptic,4.530970169896186e-07
sfno,mag_0.1_layer_all,24.0,u_component_of_wind@850hPa,synoptic,0.07149755066985362
sfno,mag_0.1_layer_all,48.0,u_component_of_wind@850hPa,synoptic,0.032412316392604876
sfno,mag_0.1_layer_all,72.0,u_component_of_wind@850hPa,synoptic,0.12536523889151502
sfno,mag_0.1_layer_all,96.0,u_component_of_wind@850hPa,synoptic,0.27291142892454784
sfno,mag_0.1_layer_all,120.0,u_component_of_wind@850hPa,synoptic,0.5542624689938757
sfno,mag_0.1_layer_all,144.0,u_component_of_wind@850hPa,synoptic,0.699368319565866
sfno,mag_0.1_layer_all,168.0,u_component_of_wind@850hPa,synoptic,0.7744563527036374
sfno,mag_0.1_layer_all,192.0,u_component_of_wind@850hPa,synoptic,0.8623957278938111
sfno,mag_0.1_layer_all,216.0,u_component_of_wind@850hPa,synoptic,1.018233543453579
sfno,mag_0.1_layer_all,240.0,u_component_of_wind@850hPa,synoptic,1.1699657337609575
sfno,mag_0.1_layer_all,0.0,u_component_of_wind@850hPa,upper_mesoscale,2.1545222699999136e-06
sfno,mag_0.1_layer_all,24.0,u_component_of_wind@850hPa,upper_mesoscale,0.27967110881968893
sfno,mag_0.1_layer_all,48.0,u_component_of_wind@850hPa,upper_mesoscale,0.19457158434572727
sfno,mag_0.1_layer_all,72.0,u_component_of_wind@850hPa,upper_mesoscale,0.05551339701267093
sfno,mag_0.1_layer_all,96.0,u_component_of_wind@850hPa,upper_mesoscale,0.2617084709854211
sfno,mag_0.1_layer_all,120.0,u_component_of_wind@850hPa,upper_mesoscale,0.6565797729943446
sfno,mag_0.1_layer_all,144.0,u_component_of_wind@850hPa,upper_mesoscale,0.7300694049319693
sfno,mag_0.1_layer_all,168.0,u_component_of_wind@850hPa,upper_mesoscale,0.809737783382884
sfno,mag_0.1_layer_all,192.0,u_component_of_wind@850hPa,upper_mesoscale,0.9416153029927478
sfno,mag_0.1_layer_all,216.0,u_component_of_wind@850hPa,upper_mesoscale,1.0130078272947378
sfno,mag_0.1_layer_all,240.0,u_component_of_wind@850hPa,upper_mesoscale,1.114810938448375
sfno,mag_0.1_layer_all,0.0,u_component_of_wind@850hPa,lower_mesoscale,0.02448743183391723
sfno,mag_0.1_layer_all,24.0,u_component_of_wind@850hPa,lower_mesoscale,1.325478769026229
sfno,mag_0.1_layer_all,48.0,u_component_of_wind@850hPa,lower_mesoscale,1.3479553717923243
sfno,mag_0.1_layer_all,72.0,u_component_of_wind@850hPa,lower_mesoscale,1.3860520356607249
sfno,mag_0.1_layer_all,96.0,u_component_of_wind@850hPa,lower_mesoscale,1.4251910200355644
sfno,mag_0.1_layer_all,120.0,u_component_of_wind@850hPa,lower_mesoscale,1.553127118685955
sfno,mag_0.1_layer_all,144.0,u_component_of_wind@850hPa,lower_mesoscale,1.570707100820782
sfno,mag_0.1_layer_all,168.0,u_component_of_wind@850hPa,lower_mesoscale,1.6798919011118059
sfno,mag_0.1_layer_all,192.0,u_component_of_wind@850hPa,lower_mesoscale,1.8020716805508394
sfno,mag_0.1_layer_all,216.0,u_component_of_wind@850hPa,lower_mesoscale,1.775297821763377
sfno,mag_0.1_layer_all,240.0,u_component_of_wind@850hPa,lower_mesoscale,1.8568032643549375
aifs,mag_0_layer_all,0.0,u_component_of_wind@850hPa,planetary,5.467965001007256e-07
aifs,mag_0_layer_all,24.0,u_component_of_wind@850hPa,planetary,0.011949772422534118
aifs,mag_0_layer_all,48.0,u_component_of_wind@850hPa,planetary,0.02049288078941991
aifs,mag_0_layer_all,72.0,u_component_of_wind@850hPa,planetary,0.030997891816654896
aifs,mag_0_layer_all,96.0,u_component_of_wind@850hPa,planetary,0.0451778591284203
aifs,mag_0_layer_all,120.0,u_component_of_wind@850hPa,planetary,0.04739173168404203
aifs,mag_0_layer_all,144.0,u_component_of_wind@850hPa,planetary,0.07210169092238192
aifs,mag_0_layer_all,168.0,u_component_of_wind@850hPa,planetary,0.06249854498403382
aifs,mag_0_layer_all,192.0,u_component_of_wind@850hPa,planetary,0.08454104208719958
aifs,mag_0_layer_all,216.0,u_component_of_wind@850hPa,planetary,0.14106672343712964
aifs,mag_0_layer_all,240.0,u_component_of_wind@850hPa,planetary,0.14472685952169612
aifs,mag_0_layer_all,0.0,u_component_of_wind@850hPa,synoptic,4.103965689255175e-06
aifs,mag_0_layer_all,24.0,u_component_of_wind@850hPa,synoptic,0.09365999900278717
aifs,mag_0_layer_all,48.0,u_component_of_wind@850hPa,synoptic,0.14384242335265449
aifs,mag_0_layer_all,72.0,u_component_of_wind@850hPa,synoptic,0.1829530627460358
aifs,mag_0_layer_all,96.0,u_component_of_wind@850hPa,synoptic,0.21713440879015325
aifs,mag_0_layer_all,120.0,u_component_of_wind@850hPa,synoptic,0.23374683102966815
aifs,mag_0_layer_all,144.0,u_component_of_wind@850hPa,synoptic,0.2508078628789556
aifs,mag_0_layer_all,168.0,u_component_of_wind@850hPa,synoptic,0.24517285299309613
aifs,mag_0_layer_all,192.0,u_component_of_wind@850hPa,synoptic,0.2753190832853296
aifs,mag_0_layer_all,216.0,u_component_of_wind@850hPa,synoptic,0.2642723102101841
aifs,mag_0_layer_all,240.0,u_component_of_wind@850hPa,synoptic,0.2523137289533832
aifs,mag_0_layer_all,0.0,u_component_of_wind@850hPa,upper_mesoscale,1.0753375457500097e-05
aifs,mag_0_layer_all,24.0,u_component_of_wind@850hPa,upper_mesoscale,0.35878621019545703
aifs,mag_0_layer_all,48.0,u_component_of_wind@850hPa,upper_mesoscale,0.4431453014633806
aifs,mag_0_layer_all,72.0,u_component_of_wind@850hPa,upper_mesoscale,0.5000598805879207
aifs,mag_0_layer_all,96.0,u_component_of_wind@850hPa,upper_mesoscale,0.5218827521105294
aifs,mag_0_layer_all,120.0,u_component_of_wind@850hPa,upper_mesoscale,0.5441238100892226
aifs,mag_0_layer_all,144.0,u_component_of_wind@850hPa,upper_mesoscale,0.5576145864075684
aifs,mag_0_layer_all,168.0,u_component_of_wind@850hPa,upper_mesoscale,0.5485978100254884
aifs,mag_0_layer_all,192.0,u_component_of_wind@850hPa,upper_mesoscale,0.5609713930198121
aifs,mag_0_layer_all,216.0,u_component_of_wind@850hPa,upper_mesoscale,0.5491873425363043
aifs,mag_0_layer_all,240.0,u_component_of_wind@850hPa,upper_mesoscale,0.5386964452404222
aifs,mag_0_layer_all,0.0,u_component_of_wind@850hPa,lower_mesoscale,0.03980483864139464
aifs,mag_0_layer_all,24.0,u_component_of_wind@850hPa,lower_mesoscale,1.5133990848102008
aifs,mag_0_layer_all,48.0,u_component_of_wind@850hPa,lower_mesoscale,1.5164863178491133
aifs,mag_0_layer_all,72.0,u_component_of_wind@850hPa,lower_mesoscale,1.5106699354949256
aifs,mag_0_layer_all,96.0,u_component_of_wind@850hPa,lower_mesoscale,1.50294086759469
aifs,mag_0_layer_all,120.0,u_component_of_wind@850hPa,lower_mesoscale,1.504720552963619
aifs,mag_0_layer_all,144.0,u_component_of_wind@850hPa,lower_mesoscale,1.5013412685189729
aifs,mag_0_layer_all,168.0,u_component_of_wind@850hPa,lower_mesoscale,1.5013769883463386
aifs,mag_0_layer_all,192.0,u_component_of_wind@850hPa,lower_mesoscale,1.5237928985939968
aifs,mag_0_layer_all,216.0,u_component_of_wind@850hPa,lower_mesoscale,1.4934743129423989
aifs,mag_0_layer_all,240.0,u_component_of_wind@850hPa,lower_mesoscale,1.486257932538671
aifs,mag_0.003_layer_all,0.0,u_component_of_wind@850hPa,planetary,5.467965001007256e-07
aifs,mag_0.003_layer_all,24.0,u_component_of_wind@850hPa,planetary,0.011878336742575475
aifs,mag_0.003_layer_all,48.0,u_component_of_wind@850hPa,planetary,0.019749080840324625
aifs,mag_0.003_layer_all,72.0,u_component_of_wind@850hPa,planetary,0.030200885828076268
aifs,mag_0.003_layer_all,96.0,u_component_of_wind@850hPa,planetary,0.04310049559352278
aifs,mag_0.003_layer_all,120.0,u_component_of_wind@850hPa,planetary,0.04557571905107174
aifs,mag_0.003_layer_all,144.0,u_component_of_wind@850hPa,planetary,0.07051510851329139
aifs,mag_0.003_layer_all,168.0,u_component_of_wind@850hPa,planetary,0.06225141185295096
aifs,mag_0.003_layer_all,192.0,u_component_of_wind@850hPa,planetary,0.07878947239458373
aifs,mag_0.003_layer_all,216.0,u_component_of_wind@850hPa,planetary,0.1280094904920452
aifs,mag_0.003_layer_all,240.0,u_component_of_wind@850hPa,planetary,0.11231761230792464
aifs,mag_0.003_layer_all,0.0,u_component_of_wind@850hPa,synoptic,4.1039656892369816e-06
aifs,mag_0.003_layer_all,24.0,u_component_of_wind@850hPa,synoptic,0.09404000256916444
aifs,mag_0.003_layer_all,48.0,u_component_of_wind@850hPa,synoptic,0.14277195162781606
aifs,mag_0.003_layer_all,72.0,u_component_of_wind@850hPa,synoptic,0.18067122683889011
aifs,mag_0.003_layer_all,96.0,u_component_of_wind@850hPa,synoptic,0.21428533088060772
aifs,mag_0.003_layer_all,120.0,u_component_of_wind@850hPa,synoptic,0.23089010017916636
aifs,mag_0.003_layer_all,144.0,u_component_of_wind@850hPa,synoptic,0.2481631224894556
aifs,mag_0.003_layer_all,168.0,u_component_of_wind@850hPa,synoptic,0.24169231006122088
aifs,mag_0.003_layer_all,192.0,u_component_of_wind@850hPa,synoptic,0.26978890545892015
aifs,mag_0.003_layer_all,216.0,u_component_of_wind@850hPa,synoptic,0.2604318839424836
aifs,mag_0.003_layer_all,240.0,u_component_of_wind@850hPa,synoptic,0.24752590169612826
aifs,mag_0.003_layer_all,0.0,u_component_of_wind@850hPa,upper_mesoscale,1.0753375457480925e-05
aifs,mag_0.003_layer_all,24.0,u_component_of_wind@850hPa,upper_mesoscale,0.3570639981621066
aifs,mag_0.003_layer_all,48.0,u_component_of_wind@850hPa,upper_mesoscale,0.4393021405881337
aifs,mag_0.003_layer_all,72.0,u_component_of_wind@850hPa,upper_mesoscale,0.49510328641536405
aifs,mag_0.003_layer_all,96.0,u_component_of_wind@850hPa,upper_mesoscale,0.5154969946850824
aifs,mag_0.003_layer_all,120.0,u_component_of_wind@850hPa,upper_mesoscale,0.5369233958840045
aifs,mag_0.003_layer_all,144.0,u_component_of_wind@850hPa,upper_mesoscale,0.5504602138783388
aifs,mag_0.003_layer_all,168.0,u_component_of_wind@850hPa,upper_mesoscale,0.5413015663252304
aifs,mag_0.003_layer_all,192.0,u_component_of_wind@850hPa,upper_mesoscale,0.5525970478669295
aifs,mag_0.003_layer_all,216.0,u_component_of_wind@850hPa,upper_mesoscale,0.5410384048085115
aifs,mag_0.003_layer_all,240.0,u_component_of_wind@850hPa,upper_mesoscale,0.5324318253949992
aifs,mag_0.003_layer_all,0.0,u_component_of_wind@850hPa,lower_mesoscale,0.03980483864139465
aifs,mag_0.003_layer_all,24.0,u_component_of_wind@850hPa,lower_mesoscale,1.5136189726328801
aifs,mag_0.003_layer_all,48.0,u_component_of_wind@850hPa,lower_mesoscale,1.516858567058865
aifs,mag_0.003_layer_all,72.0,u_component_of_wind@850hPa,lower_mesoscale,1.510992504668187
aifs,mag_0.003_layer_all,96.0,u_component_of_wind@850hPa,lower_mesoscale,1.503708964858157
aifs,mag_0.003_layer_all,120.0,u_component_of_wind@850hPa,lower_mesoscale,1.5051074983047323
aifs,mag_0.003_layer_all,144.0,u_component_of_wind@850hPa,lower_mesoscale,1.501478470216086
aifs,mag_0.003_layer_all,168.0,u_component_of_wind@850hPa,lower_mesoscale,1.5013574246082164
aifs,mag_0.003_layer_all,192.0,u_component_of_wind@850hPa,lower_mesoscale,1.5249372356001942
aifs,mag_0.003_layer_all,216.0,u_component_of_wind@850hPa,lower_mesoscale,1.4935464201496735
aifs,mag_0.003_layer_all,240.0,u_component_of_wind@850hPa,lower_mesoscale,1.4855271802070789
aifs,mag_0.01_layer_all,0.0,u_component_of_wind@850hPa,planetary,5.467965001007256e-07
aifs,mag_0.01_layer_all,24.0,u_component_of_wind@850hPa,planetary,0.014914520816121327
aifs,mag_0.01_layer_all,48.0,u_component_of_wind@850hPa,planetary,0.022612958112126276
aifs,mag_0.01_layer_all,72.0,u_component_of_wind@850hPa,planetary,0.03209129240449123
aifs,mag_0.01_layer_all,96.0,u_component_of_wind@850hPa,planetary,0.04216895012940657
aifs,mag_0.01_layer_all,120.0,u_component_of_wind@850hPa,planetary,0.050398964817932566
aifs,mag_0.01_layer_all,144.0,u_component_of_wind@850hPa,planetary,0.06591803582506489
aifs,mag_0.01_layer_all,168.0,u_component_of_wind@850hPa,planetary,0.0660356393654395
aifs,mag_0.01_layer_all,192.0,u_component_of_wind@850hPa,planetary,0.07564630058156366
aifs,mag_0.01_layer_all,216.0,u_component_of_wind@850hPa,planetary,0.11731338082461039
aifs,mag_0.01_layer_all,240.0,u_component_of_wind@850hPa,planetary,0.09295624174503977
aifs,mag_0.01_layer_all,0.0,u_component_of_wind@850hPa,synoptic,4.1039656892369816e-06
aifs,mag_0.01_layer_all,24.0,u_component_of_wind@850hPa,synoptic,0.10143839557902186
aifs,mag_0.01_layer_all,48.0,u_component_of_wind@850hPa,synoptic,0.14583699835797326
aifs,mag_0.01_layer_all,72.0,u_component_of_wind@850hPa,synoptic,0.17912887500800764
aifs,mag_0.01_layer_all,96.0,u_component_of_wind@850hPa,synoptic,0.21285294498149893
aifs,mag_0.01_layer_all,120.0,u_component_of_wind@850hPa,synoptic,0.2252252879388238
aifs,mag_0.01_layer_all,144.0,u_component_of_wind@850hPa,synoptic,0.24005206355093137
aifs,mag_0.01_layer_all,168.0,u_component_of_wind@850hPa,synoptic,0.2363812319000632
aifs,mag_0.01_layer_all,192.0,u_component_of_wind@850hPa,synoptic,0.25603662304627384
aifs,mag_0.01_layer_all,216.0,u_component_of_wind@850hPa,synoptic,0.251923464556781
aifs,mag_0.01_layer_all,240.0,u_component_of_wind@850hPa,synoptic,0.24490539707170875
aifs,mag_0.01_layer_all,0.0,u_component_of_wind@850hPa,upper_mesoscale,1.0753375457480925e-05
aifs,mag_0.01_layer_all,24.0,u_component_of_wind@850hPa,upper_mesoscale,0.3526990415709046
aifs,mag_0.01_layer_all,48.0,u_component_of_wind@850hPa,upper_mesoscale,0.4251897891122206
aifs,mag_0.01_layer_all,72.0,u_component_of_wind@850hPa,upper_mesoscale,0.47477940051593376
aifs,mag_0.01_layer_all,96.0,u_component_of_wind@850hPa,upper_mesoscale,0.4911951516592458
aifs,mag_0.01_layer_all,120.0,u_component_of_wind@850hPa,upper_mesoscale,0.5080833816471751
aifs,mag_0.01_layer_all,144.0,u_component_of_wind@850hPa,upper_mesoscale,0.5176912231672673
aifs,mag_0.01_layer_all,168.0,u_component_of_wind@850hPa,upper_mesoscale,0.5064921790700386
aifs,mag_0.01_layer_all,192.0,u_component_of_wind@850hPa,upper_mesoscale,0.5209342977472029
aifs,mag_0.01_layer_all,216.0,u_component_of_wind@850hPa,upper_mesoscale,0.517412491777448
aifs,mag_0.01_layer_all,240.0,u_component_of_wind@850hPa,upper_mesoscale,0.5052831283182323
aifs,mag_0.01_layer_all,0.0,u_component_of_wind@850hPa,lower_mesoscale,0.03980483864139465
aifs,mag_0.01_layer_all,24.0,u_component_of_wind@850hPa,lower_mesoscale,1.514789619455307
aifs,mag_0.01_layer_all,48.0,u_component_of_wind@850hPa,lower_mesoscale,1.5191239634687095
aifs,mag_0.01_layer_all,72.0,u_component_of_wind@850hPa,lower_mesoscale,1.513433168646945
aifs,mag_0.01_layer_all,96.0,u_component_of_wind@850hPa,lower_mesoscale,1.5067529124664634
aifs,mag_0.01_layer_all,120.0,u_component_of_wind@850hPa,lower_mesoscale,1.5079221981924262
aifs,mag_0.01_layer_all,144.0,u_component_of_wind@850hPa,lower_mesoscale,1.504036978209168
aifs,mag_0.01_layer_all,168.0,u_component_of_wind@850hPa,lower_mesoscale,1.5036764181092512
aifs,mag_0.01_layer_all,192.0,u_component_of_wind@850hPa,lower_mesoscale,1.528767705689662
aifs,mag_0.01_layer_all,216.0,u_component_of_wind@850hPa,lower_mesoscale,1.4958398039946408
aifs,mag_0.01_layer_all,240.0,u_component_of_wind@850hPa,lower_mesoscale,1.4890535925712831
aifs,mag_0.03_layer_all,0.0,u_component_of_wind@850hPa,planetary,5.467965001007256e-07
aifs,mag_0.03_layer_all,24.0,u_component_of_wind@850hPa,planetary,0.03555981740833805
aifs,mag_0.03_layer_all,48.0,u_component_of_wind@850hPa,planetary,0.046828461084854965
aifs,mag_0.03_layer_all,72.0,u_component_of_wind@850hPa,planetary,0.04651098560786223
aifs,mag_0.03_layer_all,96.0,u_component_of_wind@850hPa,planetary,0.05333480655359322
aifs,mag_0.03_layer_all,120.0,u_component_of_wind@850hPa,planetary,0.0652985797515375
aifs,mag_0.03_layer_all,144.0,u_component_of_wind@850hPa,planetary,0.08325302759609025
aifs,mag_0.03_layer_all,168.0,u_component_of_wind@850hPa,planetary,0.07386215126694272
aifs,mag_0.03_layer_all,192.0,u_component_of_wind@850hPa,planetary,0.06401373419984945
aifs,mag_0.03_layer_all,216.0,u_component_of_wind@850hPa,planetary,0.11786376371853087
aifs,mag_0.03_layer_all,240.0,u_component_of_wind@850hPa,planetary,0.10754198827875795
aifs,mag_0.03_layer_all,0.0,u_component_of_wind@850hPa,synoptic,4.1039656892369816e-06
aifs,mag_0.03_layer_all,24.0,u_component_of_wind@850hPa,synoptic,0.13649094403367729
aifs,mag_0.03_layer_all,48.0,u_component_of_wind@850hPa,synoptic,0.1622694115461342
aifs,mag_0.03_layer_all,72.0,u_component_of_wind@850hPa,synoptic,0.17671293678246455
aifs,mag_0.03_layer_all,96.0,u_component_of_wind@850hPa,synoptic,0.19022865023162613
aifs,mag_0.03_layer_all,120.0,u_component_of_wind@850hPa,synoptic,0.19380112085219997
aifs,mag_0.03_layer_all,144.0,u_component_of_wind@850hPa,synoptic,0.19708989703072896
aifs,mag_0.03_layer_all,168.0,u_component_of_wind@850hPa,synoptic,0.20036307658509434
aifs,mag_0.03_layer_all,192.0,u_component_of_wind@850hPa,synoptic,0.2201594196211619
aifs,mag_0.03_layer_all,216.0,u_component_of_wind@850hPa,synoptic,0.21494126922333207
aifs,mag_0.03_layer_all,240.0,u_component_of_wind@850hPa,synoptic,0.2153749094364329
aifs,mag_0.03_layer_all,0.0,u_component_of_wind@850hPa,upper_mesoscale,1.0753375457480925e-05
aifs,mag_0.03_layer_all,24.0,u_component_of_wind@850hPa,upper_mesoscale,0.3125372592136554
aifs,mag_0.03_layer_all,48.0,u_component_of_wind@850hPa,upper_mesoscale,0.3327362933797665
aifs,mag_0.03_layer_all,72.0,u_component_of_wind@850hPa,upper_mesoscale,0.33793262840192
aifs,mag_0.03_layer_all,96.0,u_component_of_wind@850hPa,upper_mesoscale,0.3383337409125567
aifs,mag_0.03_layer_all,120.0,u_component_of_wind@850hPa,upper_mesoscale,0.3406645504514392
aifs,mag_0.03_layer_all,144.0,u_component_of_wind@850hPa,upper_mesoscale,0.3392498809908451
aifs,mag_0.03_layer_all,168.0,u_component_of_wind@850hPa,upper_mesoscale,0.34279420321603055
aifs,mag_0.03_layer_all,192.0,u_component_of_wind@850hPa,upper_mesoscale,0.3544777055133435
aifs,mag_0.03_layer_all,216.0,u_component_of_wind@850hPa,upper_mesoscale,0.3597165144950097
aifs,mag_0.03_layer_all,240.0,u_component_of_wind@850hPa,upper_mesoscale,0.3587706910151778
aifs,mag_0.03_layer_all,0.0,u_component_of_wind@850hPa,lower_mesoscale,0.03980483864139465
aifs,mag_0.03_layer_all,24.0,u_component_of_wind@850hPa,lower_mesoscale,1.5251841603312215
aifs,mag_0.03_layer_all,48.0,u_component_of_wind@850hPa,lower_mesoscale,1.5370372076851213
aifs,mag_0.03_layer_all,72.0,u_component_of_wind@850hPa,lower_mesoscale,1.534744098224768
aifs,mag_0.03_layer_all,96.0,u_component_of_wind@850hPa,lower_mesoscale,1.530885936572401
aifs,mag_0.03_layer_all,120.0,u_component_of_wind@850hPa,lower_mesoscale,1.5329280318450018
aifs,mag_0.03_layer_all,144.0,u_component_of_wind@850hPa,lower_mesoscale,1.5286587969604557
aifs,mag_0.03_layer_all,168.0,u_component_of_wind@850hPa,lower_mesoscale,1.5299979369094876
aifs,mag_0.03_layer_all,192.0,u_component_of_wind@850hPa,lower_mesoscale,1.5561808506502945
aifs,mag_0.03_layer_all,216.0,u_component_of_wind@850hPa,lower_mesoscale,1.5228983408873225
aifs,mag_0.03_layer_all,240.0,u_component_of_wind@850hPa,lower_mesoscale,1.517153947702387
aurora,mag_0_layer_all,0.0,v_component_of_wind@500hPa,planetary,4.526025666967373e-08
aurora,mag_0_layer_all,24.0,v_component_of_wind@500hPa,planetary,0.011118737366066053
aurora,mag_0_layer_all,48.0,v_component_of_wind@500hPa,planetary,0.018725511074607126
aurora,mag_0_layer_all,72.0,v_component_of_wind@500hPa,planetary,0.019386324368318386
aurora,mag_0_layer_all,96.0,v_component_of_wind@500hPa,planetary,0.03194304258264393
aurora,mag_0_layer_all,120.0,v_component_of_wind@500hPa,planetary,0.03448438122085189
aurora,mag_0_layer_all,144.0,v_component_of_wind@500hPa,planetary,0.052109352375587246
aurora,mag_0_layer_all,168.0,v_component_of_wind@500hPa,planetary,0.06221814625846483
aurora,mag_0_layer_all,192.0,v_component_of_wind@500hPa,planetary,0.04106060897178531
aurora,mag_0_layer_all,216.0,v_component_of_wind@500hPa,planetary,0.10740865990646031
aurora,mag_0_layer_all,240.0,v_component_of_wind@500hPa,planetary,0.15179960015249488
aurora,mag_0_layer_all,0.0,v_component_of_wind@500hPa,synoptic,2.85847137790809e-07
aurora,mag_0_layer_all,24.0,v_component_of_wind@500hPa,synoptic,0.06460838604846131
aurora,mag_0_layer_all,48.0,v_component_of_wind@500hPa,synoptic,0.09852329717503071
aurora,mag_0_layer_all,72.0,v_component_of_wind@500hPa,synoptic,0.10507503209493191
aurora,mag_0_layer_all,96.0,v_component_of_wind@500hPa,synoptic,0.10278532934756231
aurora,mag_0_layer_all,120.0,v_component_of_wind@500hPa,synoptic,0.11714301193241945
aurora,mag_0_layer_all,144.0,v_component_of_wind@500hPa,synoptic,0.0983173934146352
aurora,mag_0_layer_all,168.0,v_component_of_wind@500hPa,synoptic,0.08653559609716611
aurora,mag_0_layer_all,192.0,v_component_of_wind@500hPa,synoptic,0.10101676099952255
aurora,mag_0_layer_all,216.0,v_component_of_wind@500hPa,synoptic,0.08912342740900703
aurora,mag_0_layer_all,240.0,v_component_of_wind@500hPa,synoptic,0.13298826192612365
aurora,mag_0_layer_all,0.0,v_component_of_wind@500hPa,upper_mesoscale,2.902893554626014e-06
aurora,mag_0_layer_all,24.0,v_component_of_wind@500hPa,upper_mesoscale,0.3206034508955124
aurora,mag_0_layer_all,48.0,v_component_of_wind@500hPa,upper_mesoscale,0.338714962468247
aurora,mag_0_layer_all,72.0,v_component_of_wind@500hPa,upper_mesoscale,0.33641290806523727
aurora,mag_0_layer_all,96.0,v_component_of_wind@500hPa,upper_mesoscale,0.3540351410524685
aurora,mag_0_layer_all,120.0,v_component_of_wind@500hPa,upper_mesoscale,0.3599503424392945
aurora,mag_0_layer_all,144.0,v_component_of_wind@500hPa,upper_mesoscale,0.33168140618849323
aurora,mag_0_layer_all,168.0,v_component_of_wind@500hPa,upper_mesoscale,0.33737872793582313
aurora,mag_0_layer_all,192.0,v_component_of_wind@500hPa,upper_mesoscale,0.3768840633375728
aurora,mag_0_layer_all,216.0,v_component_of_wind@500hPa,upper_mesoscale,0.38154170606792226
aurora,mag_0_layer_all,240.0,v_component_of_wind@500hPa,upper_mesoscale,0.3674605598177738
aurora,mag_0_layer_all,0.0,v_component_of_wind@500hPa,lower_mesoscale,0.0390931905736926
aurora,mag_0_layer_all,24.0,v_component_of_wind@500hPa,lower_mesoscale,1.541592310146815
aurora,mag_0_layer_all,48.0,v_component_of_wind@500hPa,lower_mesoscale,1.5326648167677739
aurora,mag_0_layer_all,72.0,v_component_of_wind@500hPa,lower_mesoscale,1.5313847864389774
aurora,mag_0_layer_all,96.0,v_component_of_wind@500hPa,lower_mesoscale,1.5530822507943838
aurora,mag_0_layer_all,120.0,v_component_of_wind@500hPa,lower_mesoscale,1.5482847108103344
aurora,mag_0_layer_all,144.0,v_component_of_wind@500hPa,lower_mesoscale,1.5340118598229826
aurora,mag_0_layer_all,168.0,v_component_of_wind@500hPa,lower_mesoscale,1.5307055362811792
aurora,mag_0_layer_all,192.0,v_component_of_wind@500hPa,lower_mesoscale,1.543936639060763
aurora,mag_0_layer_all,216.0,v_component_of_wind@500hPa,lower_mesoscale,1.5310484448218946
aurora,mag_0_layer_all,240.0,v_component_of_wind@500hPa,lower_mesoscale,1.5252914192687823
aurora,mag_0.001_layer_all,0.0,v_component_of_wind@500hPa,planetary,4.5260256676620214e-08
aurora,mag_0.001_layer_all,24.0,v_component_of_wind@500hPa,planetary,0.010992213436421167
aurora,mag_0.001_layer_all,48.0,v_component_of_wind@500hPa,planetary,0.018505174851971656
aurora,mag_0.001_layer_all,72.0,v_component_of_wind@500hPa,planetary,0.01925704892762816
aurora,mag_0.001_layer_all,96.0,v_component_of_wind@500hPa,planetary,0.03169254060562718
aurora,mag_0.001_layer_all,120.0,v_component_of_wind@500hPa,planetary,0.03414909176153287
aurora,mag_0.001_layer_all,144.0,v_component_of_wind@500hPa,planetary,0.052271301410283175
aurora,mag_0.001_layer_all,168.0,v_component_of_wind@500hPa,planetary,0.06281430943443142
aurora,mag_0.001_layer_all,192.0,v_component_of_wind@500hPa,planetary,0.0409791218447445
aurora,mag_0.001_layer_all,216.0,v_component_of_wind@500hPa,planetary,0.109658959533635
aurora,mag_0.001_layer_all,240.0,v_component_of_wind@500hPa,planetary,0.14565934133471792
aurora,mag_0.001_layer_all,0.0,v_component_of_wind@500hPa,synoptic,2.858471376918457e-07
aurora,mag_0.001_layer_all,24.0,v_component_of_wind@500hPa,synoptic,0.06438116025342364
aurora,mag_0.001_layer_all,48.0,v_component_of_wind@500hPa,synoptic,0.09833801340014842
aurora,mag_0.001_layer_all,72.0,v_component_of_wind@500hPa,synoptic,0.10499784112048553
aurora,mag_0.001_layer_all,96.0,v_component_of_wind@500hPa,synoptic,0.10246875476845609
aurora,mag_0.001_layer_all,120.0,v_component_of_wind@500hPa,synoptic,0.11661265466694226
aurora,mag_0.001_layer_all,144.0,v_component_of_wind@500hPa,synoptic,0.09776277688342998
aurora,mag_0.001_layer_all,168.0,v_component_of_wind@500hPa,synoptic,0.08647058292665828
aurora,mag_0.001_layer_all,192.0,v_component_of_wind@500hPa,synoptic,0.10006865380966731
aurora,mag_0.001_layer_all,216.0,v_component_of_wind@500hPa,synoptic,0.08440163704944727
aurora,mag_0.001_layer_all,240.0,v_component_of_wind@500hPa,synoptic,0.12116532989859365
aurora,mag_0.001_layer_all,0.0,v_component_of_wind@500hPa,upper_mesoscale,2.902893554629856e-06
aurora,mag_0.001_layer_all,24.0,v_component_of_wind@500hPa,upper_mesoscale,0.32032602802467053
aurora,mag_0.001_layer_all,48.0,v_component_of_wind@500hPa,upper_mesoscale,0.33839777635663876
aurora,mag_0.001_layer_all,72.0,v_component_of_wind@500hPa,upper_mesoscale,0.3360752251207577
aurora,mag_0.001_layer_all,96.0,v_component_of_wind@500hPa,upper_mesoscale,0.3530820793673738
aurora,mag_0.001_layer_all,120.0,v_component_of_wind@500hPa,upper_mesoscale,0.36022852671049277
aurora,mag_0.001_layer_all,144.0,v_component_of_wind@500hPa,upper_mesoscale,0.33234386500976243
aurora,mag_0.001_layer_all,168.0,v_component_of_wind@500hPa,upper_mesoscale,0.3328656571174916
aurora,mag_0.001_layer_all,192.0,v_component_of_wind@500hPa,upper_mesoscale,0.37204856276820386
aurora,mag_0.001_layer_all,216.0,v_component_of_wind@500hPa,upper_mesoscale,0.3605363073977568
aurora,mag_0.001_layer_all,240.0,v_component_of_wind@500hPa,upper_mesoscale,0.34485325381409043
aurora,mag_0.001_layer_all,0.0,v_component_of_wind@500hPa,lower_mesoscale,0.0390931905736926
aurora,mag_0.001_layer_all,24.0,v_component_of_wind@500hPa,lower_mesoscale,1.5426374319995817
aurora,mag_0.001_layer_all,48.0,v_component_of_wind@500hPa,lower_mesoscale,1.5336747542755507
aurora,mag_0.001_layer_all,72.0,v_component_of_wind@500hPa,lower_mesoscale,1.5323619572087435
aurora,mag_0.001_layer_all,96.0,v_component_of_wind@500hPa,lower_mesoscale,1.553612385180865
aurora,mag_0.001_layer_all,120.0,v_component_of_wind@500hPa,lower_mesoscale,1.549544137585277
aurora,mag_0.001_layer_all,144.0,v_component_of_wind@500hPa,lower_mesoscale,1.5360359641875487
aurora,mag_0.001_layer_all,168.0,v_component_of_wind@500hPa,lower_mesoscale,1.530381009016601
aurora,mag_0.001_layer_all,192.0,v_component_of_wind@500hPa,lower_mesoscale,1.5440783764129746
aurora,mag_0.001_layer_all,216.0,v_component_of_wind@500hPa,lower_mesoscale,1.5330018883911045
aurora,mag_0.001_layer_all,240.0,v_component_of_wind@500hPa,lower_mesoscale,1.524180774563308
aurora,mag_0.003_layer_all,0.0,v_component_of_wind@500hPa,planetary,4.5260256676620214e-08
aurora,mag_0.003_layer_all,24.0,v_component_of_wind@500hPa,planetary,0.010821655238205625
aurora,mag_0.003_layer_all,48.0,v_component_of_wind@500hPa,planetary,0.018355967193999033
aurora,mag_0.003_layer_all,72.0,v_component_of_wind@500hPa,planetary,0.019266545540642558
aurora,mag_0.003_layer_all,96.0,v_component_of_wind@500hPa,planetary,0.031535178797692326
aurora,mag_0.003_layer_all,120.0,v_component_of_wind@500hPa,planetary,0.034002489715891815
aurora,mag_0.003_layer_all,144.0,v_component_of_wind@500hPa,planetary,0.051953716671611305
aurora,mag_0.003_layer_all,168.0,v_component_of_wind@500hPa,planetary,0.06305807810135614
aurora,mag_0.003_layer_all,192.0,v_component_of_wind@500hPa,planetary,0.041527213433978125
aurora,mag_0.003_layer_all,216.0,v_component_of_wind@500hPa,planetary,0.11437443772500147
aurora,mag_0.003_layer_all,240.0,v_component_of_wind@500hPa,planetary,0.12406912150002652
aurora,mag_0.003_layer_all,0.0,v_component_of_wind@500hPa,synoptic,2.858471376918457e-07
aurora,mag_0.003_layer_all,24.0,v_component_of_wind@500hPa,synoptic,0.06394452601353588
aurora,mag_0.003_layer_all,48.0,v_component_of_wind@500hPa,synoptic,0.09779136925189727
aurora,mag_0.003_layer_all,72.0,v_component_of_wind@500hPa,synoptic,0.10466147593079261
aurora,mag_0.003_layer_all,96.0,v_component_of_wind@500hPa,synoptic,0.10249660407860689
aurora,mag_0.003_layer_all,120.0,v_component_of_wind@500hPa,synoptic,0.1146290468218493
aurora,mag_0.003_layer_all,144.0,v_component_of_wind@500hPa,synoptic,0.09637440707226477
aurora,mag_0.003_layer_all,168.0,v_component_of_wind@500hPa,synoptic,0.08359209585921615
aurora,mag_0.003_layer_all,192.0,v_component_of_wind@500hPa,synoptic,0.09379453301263552
aurora,mag_0.003_layer_all,216.0,v_component_of_wind@500hPa,synoptic,0.08320523833841591
aurora,mag_0.003_layer_all,240.0,v_component_of_wind@500hPa,synoptic,0.11753180317558029
aurora,mag_0.003_layer_all,0.0,v_component_of_wind@500hPa,upper_mesoscale,2.902893554629856e-06
aurora,mag_0.003_layer_all,24.0,v_component_of_wind@500hPa,upper_mesoscale,0.31988549837799973
aurora,mag_0.003_layer_all,48.0,v_component_of_wind@500hPa,upper_mesoscale,0.337461702649202
aurora,mag_0.003_layer_all,72.0,v_component_of_wind@500hPa,upper_mesoscale,0.33521040662542295
aurora,mag_0.003_layer_all,96.0,v_component_of_wind@500hPa,upper_mesoscale,0.353608354101411
aurora,mag_0.003_layer_all,120.0,v_component_of_wind@500hPa,upper_mesoscale,0.3607045575977507
aurora,mag_0.003_layer_all,144.0,v_component_of_wind@500hPa,upper_mesoscale,0.33628100694332475
aurora,mag_0.003_layer_all,168.0,v_component_of_wind@500hPa,upper_mesoscale,0.329282129516679
aurora,mag_0.003_layer_all,192.0,v_component_of_wind@500hPa,upper_mesoscale,0.35663580441911163
aurora,mag_0.003_layer_all,216.0,v_component_of_wind@500hPa,upper_mesoscale,0.3538118490293788
aurora,mag_0.003_layer_all,240.0,v_component_of_wind@500hPa,upper_mesoscale,0.33786425984539287
aurora,mag_0.003_layer_all,0.0,v_component_of_wind@500hPa,lower_mesoscale,0.0390931905736926
aurora,mag_0.003_layer_all,24.0,v_component_of_wind@500hPa,lower_mesoscale,1.5516868907731198
aurora,mag_0.003_layer_all,48.0,v_component_of_wind@500hPa,lower_mesoscale,1.5426626587607586
aurora,mag_0.003_layer_all,72.0,v_component_of_wind@500hPa,lower_mesoscale,1.541067557154803
aurora,mag_0.003_layer_all,96.0,v_component_of_wind@500hPa,lower_mesoscale,1.560513829247829
aurora,mag_0.003_layer_all,120.0,v_component_of_wind@500hPa,lower_mesoscale,1.5583164545066381
aurora,mag_0.003_layer_all,144.0,v_component_of_wind@500hPa,lower_mesoscale,1.544165729879531
aurora,mag_0.003_layer_all,168.0,v_component_of_wind@500hPa,lower_mesoscale,1.537771635194161
aurora,mag_0.003_layer_all,192.0,v_component_of_wind@500hPa,lower_mesoscale,1.5503302692294803
aurora,mag_0.003_layer_all,216.0,v_component_of_wind@500hPa,lower_mesoscale,1.5412607028690872
aurora,mag_0.003_layer_all,240.0,v_component_of_wind@500hPa,lower_mesoscale,1.532922988846916
aurora,mag_0.01_layer_all,0.0,v_component_of_wind@500hPa,planetary,4.5260256676620214e-08
aurora,mag_0.01_layer_all,24.0,v_component_of_wind@500hPa,planetary,0.010541069621367331
aurora,mag_0.01_layer_all,48.0,v_component_of_wind@500hPa,planetary,0.018719089765709667
aurora,mag_0.01_layer_all,72.0,v_component_of_wind@500hPa,planetary,0.020555000213804055
aurora,mag_0.01_layer_all,96.0,v_component_of_wind@500hPa,planetary,0.03147895344102016
aurora,mag_0.01_layer_all,120.0,v_component_of_wind@500hPa,planetary,0.03292775469363138
aurora,mag_0.01_layer_all,144.0,v_component_of_wind@500hPa,planetary,0.04570567676654657
aurora,mag_0.01_layer_all,168.0,v_component_of_wind@500hPa,planetary,0.05756624773738547
aurora,mag_0.01_layer_all,192.0,v_component_of_wind@500hPa,planetary,0.04316626935307489
aurora,mag_0.01_layer_all,216.0,v_component_of_wind@500hPa,planetary,0.09429161243667394
aurora,mag_0.01_layer_all,240.0,v_component_of_wind@500hPa,planetary,0.09307601476426691
aurora,mag_0.01_layer_all,0.0,v_component_of_wind@500hPa,synoptic,2.858471376918457e-07
aurora,mag_0.01_layer_all,24.0,v_component_of_wind@500hPa,synoptic,0.06277883709055171
aurora,mag_0.01_layer_all,48.0,v_component_of_wind@500hPa,synoptic,0.09654528502940517
aurora,mag_0.01_layer_all,72.0,v_component_of_wind@500hPa,synoptic,0.10363762546289819
aurora,mag_0.01_layer_all,96.0,v_component_of_wind@500hPa,synoptic,0.1028565152261391
aurora,mag_0.01_layer_all,120.0,v_component_of_wind@500hPa,synoptic,0.10285765035069998
aurora,mag_0.01_layer_all,144.0,v_component_of_wind@500hPa,synoptic,0.09372780818624046
aurora,mag_0.01_layer_all,168.0,v_component_of_wind@500hPa,synoptic,0.08170936905548563
aurora,mag_0.01_layer_all,192.0,v_component_of_wind@500hPa,synoptic,0.08832344133259466
aurora,mag_0.01_layer_all,216.0,v_component_of_wind@500hPa,synoptic,0.09173681394632187
aurora,mag_0.01_layer_all,240.0,v_component_of_wind@500hPa,synoptic,0.11255603092666518
aurora,mag_0.01_layer_all,0.0,v_component_of_wind@500hPa,upper_mesoscale,2.902893554629856e-06
aurora,mag_0.01_layer_all,24.0,v_component_of_wind@500hPa,upper_mesoscale,0.31895744976328766
aurora,mag_0.01_layer_all,48.0,v_component_of_wind@500hPa,upper_mesoscale,0.33784681668261013
aurora,mag_0.01_layer_all,72.0,v_component_of_wind@500hPa,upper_mesoscale,0.33353457078725035
aurora,mag_0.01_layer_all,96.0,v_component_of_wind@500hPa,upper_mesoscale,0.3538891091860375
aurora,mag_0.01_layer_all,120.0,v_component_of_wind@500hPa,upper_mesoscale,0.3658299852699246
aurora,mag_0.01_layer_all,144.0,v_component_of_wind@500hPa,upper_mesoscale,0.3473745566440676
aurora,mag_0.01_layer_all,168.0,v_component_of_wind@500hPa,upper_mesoscale,0.32219568694905715
aurora,mag_0.01_layer_all,192.0,v_component_of_wind@500hPa,upper_mesoscale,0.3581413776371795
aurora,mag_0.01_layer_all,216.0,v_component_of_wind@500hPa,upper_mesoscale,0.3605343665880341
aurora,mag_0.01_layer_all,240.0,v_component_of_wind@500hPa,upper_mesoscale,0.3529023660632616
aurora,mag_0.01_layer_all,0.0,v_component_of_wind@500hPa,lower_mesoscale,0.0390931905736926
aurora,mag_0.01_layer_all,24.0,v_component_of_wind@500hPa,lower_mesoscale,1.6096782174890283
aurora,mag_0.01_layer_all,48.0,v_component_of_wind@500hPa,lower_mesoscale,1.6012687347834287
aurora,mag_0.01_layer_all,72.0,v_component_of_wind@500hPa,lower_mesoscale,1.598674246565204
aurora,mag_0.01_layer_all,96.0,v_component_of_wind@500hPa,lower_mesoscale,1.6136691231591636
aurora,mag_0.01_layer_all,120.0,v_component_of_wind@500hPa,lower_mesoscale,1.6111679422127831
aurora,mag_0.01_layer_all,144.0,v_component_of_wind@500hPa,lower_mesoscale,1.5995872855182376
aurora,mag_0.01_layer_all,168.0,v_component_of_wind@500hPa,lower_mesoscale,1.591341311770885
aurora,mag_0.01_layer_all,192.0,v_component_of_wind@500hPa,lower_mesoscale,1.6021528638274019
aurora,mag_0.01_layer_all,216.0,v_component_of_wind@500hPa,lower_mesoscale,1.59345942870323
aurora,mag_0.01_layer_all,240.0,v_component_of_wind@500hPa,lower_mesoscale,1.5859343426873274
aurora,mag_0.03_layer_all,0.0,v_component_of_wind@500hPa,planetary,4.5260256676620214e-08
aurora,mag_0.03_layer_all,24.0,v_component_of_wind@500hPa,planetary,0.01252589281065891
aurora,mag_0.03_layer_all,48.0,v_component_of_wind@500hPa,planetary,0.02688637304040868
aurora,mag_0.03_layer_all,72.0,v_component_of_wind@500hPa,planetary,0.034355705243046875
aurora,mag_0.03_layer_all,96.0,v_component_of_wind@500hPa,planetary,0.04587533142218638
aurora,mag_0.03_layer_all,120.0,v_component_of_wind@500hPa,planetary,0.05054712183561195
aurora,mag_0.03_layer_all,144.0,v_component_of_wind@500hPa,planetary,0.05793862191381538
aurora,mag_0.03_layer_all,168.0,v_component_of_wind@500hPa,planetary,0.0667455290309822
aurora,mag_0.03_layer_all,192.0,v_component_of_wind@500hPa,planetary,0.10069377048622734
aurora,mag_0.03_layer_all,216.0,v_component_of_wind@500hPa,planetary,0.1388865248659905
aurora,mag_0.03_layer_all,240.0,v_component_of_wind@500hPa,planetary,0.10825188399963918
aurora,mag_0.03_layer_all,0.0,v_component_of_wind@500hPa,synoptic,2.858471376918457e-07
aurora,mag_0.03_layer_all,24.0,v_component_of_wind@500hPa,synoptic,0.06358072441595689
aurora,mag_0.03_layer_all,48.0,v_component_of_wind@500hPa,synoptic,0.09662385362960012
aurora,mag_0.03_layer_all,72.0,v_component_of_wind@500hPa,synoptic,0.10592958981746325
aurora,mag_0.03_layer_all,96.0,v_component_of_wind@500hPa,synoptic,0.11211548664534884
aurora,mag_0.03_layer_all,120.0,v_component_of_wind@500hPa,synoptic,0.10725674038350447
aurora,mag_0.03_layer_all,144.0,v_component_of_wind@500hPa,synoptic,0.12344021799846899
aurora,mag_0.03_layer_all,168.0,v_component_of_wind@500hPa,synoptic,0.10419490531420687
aurora,mag_0.03_layer_all,192.0,v_component_of_wind@500hPa,synoptic,0.12947310599244857
aurora,mag_0.03_layer_all,216.0,v_component_of_wind@500hPa,synoptic,0.1596829660794466
aurora,mag_0.03_layer_all,240.0,v_component_of_wind@500hPa,synoptic,0.1639168160486026
aurora,mag_0.03_layer_all,0.0,v_component_of_wind@500hPa,upper_mesoscale,2.902893554629856e-06
aurora,mag_0.03_layer_all,24.0,v_component_of_wind@500hPa,upper_mesoscale,0.32200799511276534
aurora,mag_0.03_layer_all,48.0,v_component_of_wind@500hPa,upper_mesoscale,0.34899643978306405
aurora,mag_0.03_layer_all,72.0,v_component_of_wind@500hPa,upper_mesoscale,0.3458633475197128
aurora,mag_0.03_layer_all,96.0,v_component_of_wind@500hPa,upper_mesoscale,0.35028307196987896
aurora,mag_0.03_layer_all,120.0,v_component_of_wind@500hPa,upper_mesoscale,0.3693752071205859
aurora,mag_0.03_layer_all,144.0,v_component_of_wind@500hPa,upper_mesoscale,0.3714263755826765
aurora,mag_0.03_layer_all,168.0,v_component_of_wind@500hPa,upper_mesoscale,0.36764682178590974
aurora,mag_0.03_layer_all,192.0,v_component_of_wind@500hPa,upper_mesoscale,0.3985858481300841
aurora,mag_0.03_layer_all,216.0,v_component_of_wind@500hPa,upper_mesoscale,0.4212820617139202
aurora,mag_0.03_layer_all,240.0,v_component_of_wind@500hPa,upper_mesoscale,0.4268440590125405
aurora,mag_0.03_layer_all,0.0,v_component_of_wind@500hPa,lower_mesoscale,0.0390931905736926
aurora,mag_0.03_layer_all,24.0,v_component_of_wind@500hPa,lower_mesoscale,1.7773076223469375
aurora,mag_0.03_layer_all,48.0,v_component_of_wind@500hPa,lower_mesoscale,1.7695290888461617
aurora,mag_0.03_layer_all,72.0,v_component_of_wind@500hPa,lower_mesoscale,1.7662788882226792
aurora,mag_0.03_layer_all,96.0,v_component_of_wind@500hPa,lower_mesoscale,1.7691817124199773
aurora,mag_0.03_layer_all,120.0,v_component_of_wind@500hPa,lower_mesoscale,1.7672838771253114
aurora,mag_0.03_layer_all,144.0,v_component_of_wind@500hPa,lower_mesoscale,1.756674407683227
aurora,mag_0.03_layer_all,168.0,v_component_of_wind@500hPa,lower_mesoscale,1.7482952969837584
aurora,mag_0.03_layer_all,192.0,v_component_of_wind@500hPa,lower_mesoscale,1.7503064722271533
aurora,mag_0.03_layer_all,216.0,v_component_of_wind@500hPa,lower_mesoscale,1.741729705338482
aurora,mag_0.03_layer_all,240.0,v_component_of_wind@500hPa,lower_mesoscale,1.7364301984307258
aurora,mag_0.1_layer_all,0.0,v_component_of_wind@500hPa,planetary,4.5260256676620214e-08
aurora,mag_0.1_layer_all,24.0,v_component_of_wind@500hPa,planetary,0.04391442722254038
aurora,mag_0.1_layer_all,48.0,v_component_of_wind@500hPa,planetary,0.09596638191269874
aurora,mag_0.1_layer_all,72.0,v_component_of_wind@500hPa,planetary,0.126138174524478
aurora,mag_0.1_layer_all,96.0,v_component_of_wind@500hPa,planetary,0.15051941452395512
aurora,mag_0.1_layer_all,120.0,v_component_of_wind@500hPa,planetary,0.1585625189883663
aurora,mag_0.1_layer_all,144.0,v_component_of_wind@500hPa,planetary,0.1541740302264069
aurora,mag_0.1_layer_all,168.0,v_component_of_wind@500hPa,planetary,0.1906489597314398
aurora,mag_0.1_layer_all,192.0,v_component_of_wind@500hPa,planetary,0.25016168721216436
aurora,mag_0.1_layer_all,216.0,v_component_of_wind@500hPa,planetary,0.2768302991760509
aurora,mag_0.1_layer_all,240.0,v_component_of_wind@500hPa,planetary,0.2418519149895535
aurora,mag_0.1_layer_all,0.0,v_component_of_wind@500hPa,synoptic,2.858471376918457e-07
aurora,mag_0.1_layer_all,24.0,v_component_of_wind@500hPa,synoptic,0.10708876666087211
aurora,mag_0.1_layer_all,48.0,v_component_of_wind@500hPa,synoptic,0.1346869602915341
aurora,mag_0.1_layer_all,72.0,v_component_of_wind@500hPa,synoptic,0.15349419527319558
aurora,mag_0.1_layer_all,96.0,v_component_of_wind@500hPa,synoptic,0.16954448656416765
aurora,mag_0.1_layer_all,120.0,v_component_of_wind@500hPa,synoptic,0.1560298432647823
aurora,mag_0.1_layer_all,144.0,v_component_of_wind@500hPa,synoptic,0.18626672867162308
aurora,mag_0.1_layer_all,168.0,v_component_of_wind@500hPa,synoptic,0.18024735376905807
aurora,mag_0.1_layer_all,192.0,v_component_of_wind@500hPa,synoptic,0.2091293378884717
aurora,mag_0.1_layer_all,216.0,v_component_of_wind@500hPa,synoptic,0.24840455236833114
aurora,mag_0.1_layer_all,240.0,v_component_of_wind@500hPa,synoptic,0.26683652515093503
aurora,mag_0.1_layer_all,0.0,v_component_of_wind@500hPa,upper_mesoscale,2.902893554629856e-06
aurora,mag_0.1_layer_all,24.0,v_component_of_wind@500hPa,upper_mesoscale,0.31310841475178125
aurora,mag_0.1_layer_all,48.0,v_component_of_wind@500hPa,upper_mesoscale,0.3289832303415209
aurora,mag_0.1_layer_all,72.0,v_component_of_wind@500hPa,upper_mesoscale,0.3294900543683688
aurora,mag_0.1_layer_all,96.0,v_component_of_wind@500hPa,upper_mesoscale,0.31996301476964517
aurora,mag_0.1_layer_all,120.0,v_component_of_wind@500hPa,upper_mesoscale,0.3568861298880908
aurora,mag_0.1_layer_all,144.0,v_component_of_wind@500hPa,upper_mesoscale,0.353015990117521
aurora,mag_0.1_layer_all,168.0,v_component_of_wind@500hPa,upper_mesoscale,0.37204707338241305
aurora,mag_0.1_layer_all,192.0,v_component_of_wind@500hPa,upper_mesoscale,0.39275236648461825
aurora,mag_0.1_layer_all,216.0,v_component_of_wind@500hPa,upper_mesoscale,0.42970292583572023
aurora,mag_0.1_layer_all,240.0,v_component_of_wind@500hPa,upper_mesoscale,0.4149707541340617
aurora,mag_0.1_layer_all,0.0,v_component_of_wind@500hPa,lower_mesoscale,0.0390931905736926
aurora,mag_0.1_layer_all,24.0,v_component_of_wind@500hPa,lower_mesoscale,2.2083997752350006
aurora,mag_0.1_layer_all,48.0,v_component_of_wind@500hPa,lower_mesoscale,2.2283581533556442
aurora,mag_0.1_layer_all,72.0,v_component_of_wind@500hPa,lower_mesoscale,2.2506016596374043
aurora,mag_0.1_layer_all,96.0,v_component_of_wind@500hPa,lower_mesoscale,2.2454530954708827
aurora,mag_0.1_layer_all,120.0,v_component_of_wind@500hPa,lower_mesoscale,2.237808135498338
aurora,mag_0.1_layer_all,144.0,v_component_of_wind@500hPa,lower_mesoscale,2.245297202329864
aurora,mag_0.1_layer_all,168.0,v_component_of_wind@500hPa,lower_mesoscale,2.233618658178859
aurora,mag_0.1_layer_all,192.0,v_component_of_wind@500hPa,lower_mesoscale,2.2245124440438873
aurora,mag_0.1_layer_all,216.0,v_component_of_wind@500hPa,lower_mesoscale,2.2247610589685975
aurora,mag_0.1_layer_all,240.0,v_component_of_wind@500hPa,lower_mesoscale,2.2178313008085704
graphcast_operational,mag_0_layer_all,0.0,v_component_of_wind@500hPa,planetary,4.526025666967373e-08
graphcast_operational,mag_0_layer_all,24.0,v_component_of_wind@500hPa,planetary,0.005170282240903467
graphcast_operational,mag_0_layer_all,48.0,v_component_of_wind@500hPa,planetary,0.01551141103238713
graphcast_operational,mag_0_layer_all,72.0,v_component_of_wind@500hPa,planetary,0.016932421828496677
graphcast_operational,mag_0_layer_all,96.0,v_component_of_wind@500hPa,planetary,0.03520723157781385
graphcast_operational,mag_0_layer_all,120.0,v_component_of_wind@500hPa,planetary,0.043938273069376844
graphcast_operational,mag_0_layer_all,144.0,v_component_of_wind@500hPa,planetary,0.05567631877594497
graphcast_operational,mag_0_layer_all,168.0,v_component_of_wind@500hPa,planetary,0.04492397554894159
graphcast_operational,mag_0_layer_all,192.0,v_component_of_wind@500hPa,planetary,0.08997757976635044
graphcast_operational,mag_0_layer_all,216.0,v_component_of_wind@500hPa,planetary,0.11131955872254429
graphcast_operational,mag_0_layer_all,240.0,v_component_of_wind@500hPa,planetary,0.1617124887836214
graphcast_operational,mag_0_layer_all,0.0,v_component_of_wind@500hPa,synoptic,2.85847137790809e-07
graphcast_operational,mag_0_layer_all,24.0,v_component_of_wind@500hPa,synoptic,0.10354886790794235
graphcast_operational,mag_0_layer_all,48.0,v_component_of_wind@500hPa,synoptic,0.18441798039791518
graphcast_operational,mag_0_layer_all,72.0,v_component_of_wind@500hPa,synoptic,0.21689777302633187
graphcast_operational,mag_0_layer_all,96.0,v_component_of_wind@500hPa,synoptic,0.2527700208773968
graphcast_operational,mag_0_layer_all,120.0,v_component_of_wind@500hPa,synoptic,0.2700228937591542
graphcast_operational,mag_0_layer_all,144.0,v_component_of_wind@500hPa,synoptic,0.27859372429926277
graphcast_operational,mag_0_layer_all,168.0,v_component_of_wind@500hPa,synoptic,0.23742900037564896
graphcast_operational,mag_0_layer_all,192.0,v_component_of_wind@500hPa,synoptic,0.2573515698957659
graphcast_operational,mag_0_layer_all,216.0,v_component_of_wind@500hPa,synoptic,0.32262062604621716
graphcast_operational,mag_0_layer_all,240.0,v_component_of_wind@500hPa,synoptic,0.3144953909210992
graphcast_operational,mag_0_layer_all,0.0,v_component_of_wind@500hPa,upper_mesoscale,2.902893554626014e-06
graphcast_operational,mag_0_layer_all,24.0,v_component_of_wind@500hPa,upper_mesoscale,0.6143563152720011
graphcast_operational,mag_0_layer_all,48.0,v_component_of_wind@500hPa,upper_mesoscale,0.7188916332966765
graphcast_operational,mag_0_layer_all,72.0,v_component_of_wind@500hPa,upper_mesoscale,0.8494162392396506
graphcast_operational,mag_0_layer_all,96.0,v_component_of_wind@500hPa,upper_mesoscale,0.9048583265133975
graphcast_operational,mag_0_layer_all,120.0,v_component_of_wind@500hPa,upper_mesoscale,0.919102482229074
graphcast_operational,mag_0_layer_all,144.0,v_component_of_wind@500hPa,upper_mesoscale,0.958184849901573
graphcast_operational,mag_0_layer_all,168.0,v_component_of_wind@500hPa,upper_mesoscale,0.9113965305615983
graphcast_operational,mag_0_layer_all,192.0,v_component_of_wind@500hPa,upper_mesoscale,0.8679043355686474
graphcast_operational,mag_0_layer_all,216.0,v_component_of_wind@500hPa,upper_mesoscale,0.943307867725006
graphcast_operational,mag_0_layer_all,240.0,v_component_of_wind@500hPa,upper_mesoscale,0.9349855214895518
graphcast_operational,mag_0_layer_all,0.0,v_component_of_wind@500hPa,lower_mesoscale,0.0390931905736926
graphcast_operational,mag_0_layer_all,24.0,v_component_of_wind@500hPa,lower_mesoscale,1.566741530624225
graphcast_operational,mag_0_layer_all,48.0,v_component_of_wind@500hPa,lower_mesoscale,1.5561925723078092
graphcast_operational,mag_0_layer_all,72.0,v_component_of_wind@500hPa,lower_mesoscale,1.5650579903538968
graphcast_operational,mag_0_layer_all,96.0,v_component_of_wind@500hPa,lower_mesoscale,1.5709717939167294
graphcast_operational,mag_0_layer_all,120.0,v_component_of_wind@500hPa,lower_mesoscale,1.565422662133359
graphcast_operational,mag_0_layer_all,144.0,v_component_of_wind@500hPa,lower_mesoscale,1.563334731272684
graphcast_operational,mag_0_layer_all,168.0,v_component_of_wind@500hPa,lower_mesoscale,1.550488377419871
graphcast_operational,mag_0_layer_all,192.0,v_component_of_wind@500hPa,lower_mesoscale,1.5566417561611712
graphcast_operational,mag_0_layer_all,216.0,v_component_of_wind@500hPa,lower_mesoscale,1.5471777661490191
graphcast_operational,mag_0_layer_all,240.0,v_component_of_wind@500hPa,lower_mesoscale,1.540752314116275
graphcast_operational,mag_0.001_layer_all,0.0,v_component_of_wind@500hPa,planetary,4.5260256676620214e-08
graphcast_operational,mag_0.001_layer_all,24.0,v_component_of_wind@500hPa,planetary,0.004014469549941857
graphcast_operational,mag_0.001_layer_all,48.0,v_component_of_wind@500hPa,planetary,0.011315435011912041
graphcast_operational,mag_0.001_layer_all,72.0,v_component_of_wind@500hPa,planetary,0.012980470886637927
graphcast_operational,mag_0.001_layer_all,96.0,v_component_of_wind@500hPa,planetary,0.02860389301167718
graphcast_operational,mag_0.001_layer_all,120.0,v_component_of_wind@500hPa,planetary,0.038142331245019145
graphcast_operational,mag_0.001_layer_all,144.0,v_component_of_wind@500hPa,planetary,0.05101937313688049
graphcast_operational,mag_0.001_layer_all,168.0,v_component_of_wind@500hPa,planetary,0.04088337795783209
graphcast_operational,mag_0.001_layer_all,192.0,v_component_of_wind@500hPa,planetary,0.07048027474675692
graphcast_operational,mag_0.001_layer_all,216.0,v_component_of_wind@500hPa,planetary,0.09905933339541649
graphcast_operational,mag_0.001_layer_all,240.0,v_component_of_wind@500hPa,planetary,0.13059489054535223
graphcast_operational,mag_0.001_layer_all,0.0,v_component_of_wind@500hPa,synoptic,2.858471376918457e-07
graphcast_operational,mag_0.001_layer_all,24.0,v_component_of_wind@500hPa,synoptic,0.10187626981332347
graphcast_operational,mag_0.001_layer_all,48.0,v_component_of_wind@500hPa,synoptic,0.18089122123535456
graphcast_operational,mag_0.001_layer_all,72.0,v_component_of_wind@500hPa,synoptic,0.21291046321818977
graphcast_operational,mag_0.001_layer_all,96.0,v_component_of_wind@500hPa,synoptic,0.24406496455836973
graphcast_operational,mag_0.001_layer_all,120.0,v_component_of_wind@500hPa,synoptic,0.26221200671530004
graphcast_operational,mag_0.001_layer_all,144.0,v_component_of_wind@500hPa,synoptic,0.2615472700976362
graphcast_operational,mag_0.001_layer_all,168.0,v_component_of_wind@500hPa,synoptic,0.22801870053611167
graphcast_operational,mag_0.001_layer_all,192.0,v_component_of_wind@500hPa,synoptic,0.23266767374501557
graphcast_operational,mag_0.001_layer_all,216.0,v_component_of_wind@500hPa,synoptic,0.2956424435007255
graphcast_operational,mag_0.001_layer_all,240.0,v_component_of_wind@500hPa,synoptic,0.2878213063127508
graphcast_operational,mag_0.001_layer_all,0.0,v_component_of_wind@500hPa,upper_mesoscale,2.902893554629856e-06
graphcast_operational,mag_0.001_layer_all,24.0,v_component_of_wind@500hPa,upper_mesoscale,0.6123594210714473
graphcast_operational,mag_0.001_layer_all,48.0,v_component_of_wind@500hPa,upper_mesoscale,0.7166991482184775
graphcast_operational,mag_0.001_layer_all,72.0,v_component_of_wind@500hPa,upper_mesoscale,0.8382167930059059
graphcast_operational,mag_0.001_layer_all,96.0,v_component_of_wind@500hPa,upper_mesoscale,0.8962725933205912
graphcast_operational,mag_0.001_layer_all,120.0,v_component_of_wind@500hPa,upper_mesoscale,0.9098011600496995
graphcast_operational,mag_0.001_layer_all,144.0,v_component_of_wind@500hPa,upper_mesoscale,0.9447213696914031
graphcast_operational,mag_0.001_layer_all,168.0,v_component_of_wind@500hPa,upper_mesoscale,0.8809678831582969
graphcast_operational,mag_0.001_layer_all,192.0,v_component_of_wind@500hPa,upper_mesoscale,0.835210332458697
graphcast_operational,mag_0.001_layer_all,216.0,v_component_of_wind@500hPa,upper_mesoscale,0.898888428307935
graphcast_operational,mag_0.001_layer_all,240.0,v_component_of_wind@500hPa,upper_mesoscale,0.8913508270453361
graphcast_operational,mag_0.001_layer_all,0.0,v_component_of_wind@500hPa,lower_mesoscale,0.0390931905736926
graphcast_operational,mag_0.001_layer_all,24.0,v_component_of_wind@500hPa,lower_mesoscale,1.567026757088602
graphcast_operational,mag_0.001_layer_all,48.0,v_component_of_wind@500hPa,lower_mesoscale,1.5576687419984843
graphcast_operational,mag_0.001_layer_all,72.0,v_component_of_wind@500hPa,lower_mesoscale,1.5667474029907569
graphcast_operational,mag_0.001_layer_all,96.0,v_component_of_wind@500hPa,lower_mesoscale,1.5729765452763282
graphcast_operational,mag_0.001_layer_all,120.0,v_component_of_wind@500hPa,lower_mesoscale,1.5682869553582472
graphcast_operational,mag_0.001_layer_all,144.0,v_component_of_wind@500hPa,lower_mesoscale,1.5662045094131212
graphcast_operational,mag_0.001_layer_all,168.0,v_component_of_wind@500hPa,lower_mesoscale,1.554298554614321
graphcast_operational,mag_0.001_layer_all,192.0,v_component_of_wind@500hPa,lower_mesoscale,1.5612954543754425
graphcast_operational,mag_0.001_layer_all,216.0,v_component_of_wind@500hPa,lower_mesoscale,1.5521432482550872
graphcast_operational,mag_0.001_layer_all,240.0,v_component_of_wind@500hPa,lower_mesoscale,1.5450037412432742
graphcast_operational,mag_0.003_layer_all,0.0,v_component_of_wind@500hPa,planetary,4.5260256676620214e-08
graphcast_operational,mag_0.003_layer_all,24.0,v_component_of_wind@500hPa,planetary,0.0036587298636095427
graphcast_operational,mag_0.003_layer_all,48.0,v_component_of_wind@500hPa,planetary,0.008132819655356682
graphcast_operational,mag_0.003_layer_all,72.0,v_component_of_wind@500hPa,planetary,0.012276220721449831
graphcast_operational,mag_0.003_layer_all,96.0,v_component_of_wind@500hPa,planetary,0.025099549776819646
graphcast_operational,mag_0.003_layer_all,120.0,v_component_of_wind@500hPa,planetary,0.038655646386990816
graphcast_operational,mag_0.003_layer_all,144.0,v_component_of_wind@500hPa,planetary,0.0483887233507702
graphcast_operational,mag_0.003_layer_all,168.0,v_component_of_wind@500hPa,planetary,0.04536522681554078
graphcast_operational,mag_0.003_layer_all,192.0,v_component_of_wind@500hPa,planetary,0.0680874778248881
graphcast_operational,mag_0.003_layer_all,216.0,v_component_of_wind@500hPa,planetary,0.09066259513401924
graphcast_operational,mag_0.003_layer_all,240.0,v_component_of_wind@500hPa,planetary,0.11583807403105606
graphcast_operational,mag_0.003_layer_all,0.0,v_component_of_wind@500hPa,synoptic,2.858471376918457e-07
graphcast_operational,mag_0.003_layer_all,24.0,v_component_of_wind@500hPa,synoptic,0.09862331914610917
graphcast_operational,mag_0.003_layer_all,48.0,v_component_of_wind@500hPa,synoptic,0.17460029546313374
graphcast_operational,mag_0.003_layer_all,72.0,v_component_of_wind@500hPa,synoptic,0.20701506808422718
graphcast_operational,mag_0.003_layer_all,96.0,v_component_of_wind@500hPa,synoptic,0.23483513438516573
graphcast_operational,mag_0.003_layer_all,120.0,v_component_of_wind@500hPa,synoptic,0.2524809608485017
graphcast_operational,mag_0.003_layer_all,144.0,v_component_of_wind@500hPa,synoptic,0.24929888984504942
graphcast_operational,mag_0.003_layer_all,168.0,v_component_of_wind@500hPa,synoptic,0.22095014703855548
graphcast_operational,mag_0.003_layer_all,192.0,v_component_of_wind@500hPa,synoptic,0.22697967237728425
graphcast_operational,mag_0.003_layer_all,216.0,v_component_of_wind@500hPa,synoptic,0.2798114977265269
graphcast_operational,mag_0.003_layer_all,240.0,v_component_of_wind@500hPa,synoptic,0.2708984253443962
graphcast_operational,mag_0.003_layer_all,0.0,v_component_of_wind@500hPa,upper_mesoscale,2.902893554629856e-06
graphcast_operational,mag_0.003_layer_all,24.0,v_component_of_wind@500hPa,upper_mesoscale,0.6082511223349855
graphcast_operational,mag_0.003_layer_all,48.0,v_component_of_wind@500hPa,upper_mesoscale,0.7092786442386475
graphcast_operational,mag_0.003_layer_all,72.0,v_component_of_wind@500hPa,upper_mesoscale,0.8217226159939734
graphcast_operational,mag_0.003_layer_all,96.0,v_component_of_wind@500hPa,upper_mesoscale,0.8810070882118879
graphcast_operational,mag_0.003_layer_all,120.0,v_component_of_wind@500hPa,upper_mesoscale,0.8916829483215473
graphcast_operational,mag_0.003_layer_all,144.0,v_component_of_wind@500hPa,upper_mesoscale,0.9221206349305537
graphcast_operational,mag_0.003_layer_all,168.0,v_component_of_wind@500hPa,upper_mesoscale,0.861842379050704
graphcast_operational,mag_0.003_layer_all,192.0,v_component_of_wind@500hPa,upper_mesoscale,0.8424989723498918
graphcast_operational,mag_0.003_layer_all,216.0,v_component_of_wind@500hPa,upper_mesoscale,0.8827782550531331
graphcast_operational,mag_0.003_layer_all,240.0,v_component_of_wind@500hPa,upper_mesoscale,0.8610014505281676
graphcast_operational,mag_0.003_layer_all,0.0,v_component_of_wind@500hPa,lower_mesoscale,0.0390931905736926
graphcast_operational,mag_0.003_layer_all,24.0,v_component_of_wind@500hPa,lower_mesoscale,1.567486623426464
graphcast_operational,mag_0.003_layer_all,48.0,v_component_of_wind@500hPa,lower_mesoscale,1.5583818057792915
graphcast_operational,mag_0.003_layer_all,72.0,v_component_of_wind@500hPa,lower_mesoscale,1.5668598620631158
graphcast_operational,mag_0.003_layer_all,96.0,v_component_of_wind@500hPa,lower_mesoscale,1.5738529263863494
graphcast_operational,mag_0.003_layer_all,120.0,v_component_of_wind@500hPa,lower_mesoscale,1.570246931868463
graphcast_operational,mag_0.003_layer_all,144.0,v_component_of_wind@500hPa,lower_mesoscale,1.56698221071692
graphcast_operational,mag_0.003_layer_all,168.0,v_component_of_wind@500hPa,lower_mesoscale,1.555461808817645
graphcast_operational,mag_0.003_layer_all,192.0,v_component_of_wind@500hPa,lower_mesoscale,1.5625341342042067
graphcast_operational,mag_0.003_layer_all,216.0,v_component_of_wind@500hPa,lower_mesoscale,1.5533281787771802
graphcast_operational,mag_0.003_layer_all,240.0,v_component_of_wind@500hPa,lower_mesoscale,1.5445050649453862
graphcast_operational,mag_0.01_layer_all,0.0,v_component_of_wind@500hPa,planetary,4.5260256676620214e-08
graphcast_operational,mag_0.01_layer_all,24.0,v_component_of_wind@500hPa,planetary,0.0053951412357724675
graphcast_operational,mag_0.01_layer_all,48.0,v_component_of_wind@500hPa,planetary,0.005406274645779703
graphcast_operational,mag_0.01_layer_all,72.0,v_component_of_wind@500hPa,planetary,0.015455401361742713
graphcast_operational,mag_0.01_layer_all,96.0,v_component_of_wind@500hPa,planetary,0.021277097263421613
graphcast_operational,mag_0.01_layer_all,120.0,v_component_of_wind@500hPa,planetary,0.04186784631356306
graphcast_operational,mag_0.01_layer_all,144.0,v_component_of_wind@500hPa,planetary,0.04000520998808722
graphcast_operational,mag_0.01_layer_all,168.0,v_component_of_wind@500hPa,planetary,0.05294695094410465
graphcast_operational,mag_0.01_layer_all,192.0,v_component_of_wind@500hPa,planetary,0.061437038264443564
graphcast_operational,mag_0.01_layer_all,216.0,v_component_of_wind@500hPa,planetary,0.09012112571066928
graphcast_operational,mag_0.01_layer_all,240.0,v_component_of_wind@500hPa,planetary,0.07413087292644531
graphcast_operational,mag_0.01_layer_all,0.0,v_component_of_wind@500hPa,synoptic,2.858471376918457e-07
graphcast_operational,mag_0.01_layer_all,24.0,v_component_of_wind@500hPa,synoptic,0.09725330538938097
graphcast_operational,mag_0.01_layer_all,48.0,v_component_of_wind@500hPa,synoptic,0.16999565211566078
graphcast_operational,mag_0.01_layer_all,72.0,v_component_of_wind@500hPa,synoptic,0.1963812090897697
graphcast_operational,mag_0.01_layer_all,96.0,v_component_of_wind@500hPa,synoptic,0.22209012415764137
graphcast_operational,mag_0.01_layer_all,120.0,v_component_of_wind@500hPa,synoptic,0.23288299646971572
graphcast_operational,mag_0.01_layer_all,144.0,v_component_of_wind@500hPa,synoptic,0.23754513938396132
graphcast_operational,mag_0.01_layer_all,168.0,v_component_of_wind@500hPa,synoptic,0.20919224659429733
graphcast_operational,mag_0.01_layer_all,192.0,v_component_of_wind@500hPa,synoptic,0.22479551638817974
graphcast_operational,mag_0.01_layer_all,216.0,v_component_of_wind@500hPa,synoptic,0.24471354493265368
graphcast_operational,mag_0.01_layer_all,240.0,v_component_of_wind@500hPa,synoptic,0.26045560998264383
graphcast_operational,mag_0.01_layer_all,0.0,v_component_of_wind@500hPa,upper_mesoscale,2.902893554629856e-06
graphcast_operational,mag_0.01_layer_all,24.0,v_component_of_wind@500hPa,upper_mesoscale,0.6072091667305791
graphcast_operational,mag_0.01_layer_all,48.0,v_component_of_wind@500hPa,upper_mesoscale,0.7007024556954573
graphcast_operational,mag_0.01_layer_all,72.0,v_component_of_wind@500hPa,upper_mesoscale,0.799644728549459
graphcast_operational,mag_0.01_layer_all,96.0,v_component_of_wind@500hPa,upper_mesoscale,0.8533004568837277
graphcast_operational,mag_0.01_layer_all,120.0,v_component_of_wind@500hPa,upper_mesoscale,0.8615617617713969
graphcast_operational,mag_0.01_layer_all,144.0,v_component_of_wind@500hPa,upper_mesoscale,0.8563480023694218
graphcast_operational,mag_0.01_layer_all,168.0,v_component_of_wind@500hPa,upper_mesoscale,0.8438333441996612
graphcast_operational,mag_0.01_layer_all,192.0,v_component_of_wind@500hPa,upper_mesoscale,0.8549658764090666
graphcast_operational,mag_0.01_layer_all,216.0,v_component_of_wind@500hPa,upper_mesoscale,0.8626835279971962
graphcast_operational,mag_0.01_layer_all,240.0,v_component_of_wind@500hPa,upper_mesoscale,0.8629219436460289
graphcast_operational,mag_0.01_layer_all,0.0,v_component_of_wind@500hPa,lower_mesoscale,0.0390931905736926
graphcast_operational,mag_0.01_layer_all,24.0,v_component_of_wind@500hPa,lower_mesoscale,1.5694329536434635
graphcast_operational,mag_0.01_layer_all,48.0,v_component_of_wind@500hPa,lower_mesoscale,1.5617464693321232
graphcast_operational,mag_0.01_layer_all,72.0,v_component_of_wind@500hPa,lower_mesoscale,1.5678836438756918
graphcast_operational,mag_0.01_layer_all,96.0,v_component_of_wind@500hPa,lower_mesoscale,1.5752622418710798
graphcast_operational,mag_0.01_layer_all,120.0,v_component_of_wind@500hPa,lower_mesoscale,1.5754134629725935
graphcast_operational,mag_0.01_layer_all,144.0,v_component_of_wind@500hPa,lower_mesoscale,1.5700049179444275
graphcast_operational,mag_0.01_layer_all,168.0,v_component_of_wind@500hPa,lower_mesoscale,1.5615364479238785
graphcast_operational,mag_0.01_layer_all,192.0,v_component_of_wind@500hPa,lower_mesoscale,1.5669895559445646
graphcast_operational,mag_0.01_layer_all,216.0,v_component_of_wind@500hPa,lower_mesoscale,1.5632038900413137
graphcast_operational,mag_0.01_layer_all,240.0,v_component_of_wind@500hPa,lower_mesoscale,1.556245892279589
graphcast_operational,mag_0.03_layer_all,0.0,v_component_of_wind@500hPa,planetary,4.5260256676620214e-08
graphcast_operational,mag_0.03_layer_all,24.0,v_component_of_wind@500hPa,planetary,0.011620888578771423
graphcast_operational,mag_0.03_layer_all,48.0,v_component_of_wind@500hPa,planetary,0.023626992545881867
graphcast_operational,mag_0.03_layer_all,72.0,v_component_of_wind@500hPa,planetary,0.0395983344250402
graphcast_operational,mag_0.03_layer_all,96.0,v_component_of_wind@500hPa,planetary,0.04769140738834096
graphcast_operational,mag_0.03_layer_all,120.0,v_component_of_wind@500hPa,planetary,0.07237575646040116
graphcast_operational,mag_0.03_layer_all,144.0,v_component_of_wind@500hPa,planetary,0.08446888454122033
graphcast_operational,mag_0.03_layer_all,168.0,v_component_of_wind@500hPa,planetary,0.09037573278449494
graphcast_operational,mag_0.03_layer_all,192.0,v_component_of_wind@500hPa,planetary,0.06119484313873062
graphcast_operational,mag_0.03_layer_all,216.0,v_component_of_wind@500hPa,planetary,0.1266074410982001
graphcast_operational,mag_0.03_layer_all,240.0,v_component_of_wind@500hPa,planetary,0.10391042298788493
graphcast_operational,mag_0.03_layer_all,0.0,v_component_of_wind@500hPa,synoptic,2.858471376918457e-07
graphcast_operational,mag_0.03_layer_all,24.0,v_component_of_wind@500hPa,synoptic,0.08636185987860752
graphcast_operational,mag_0.03_layer_all,48.0,v_component_of_wind@500hPa,synoptic,0.13497223596770322
graphcast_operational,mag_0.03_layer_all,72.0,v_component_of_wind@500hPa,synoptic,0.1398056466420604
graphcast_operational,mag_0.03_layer_all,96.0,v_component_of_wind@500hPa,synoptic,0.15118887911242807
graphcast_operational,mag_0.03_layer_all,120.0,v_component_of_wind@500hPa,synoptic,0.1540692802516595
graphcast_operational,mag_0.03_layer_all,144.0,v_component_of_wind@500hPa,synoptic,0.16640041980302478
graphcast_operational,mag_0.03_layer_all,168.0,v_component_of_wind@500hPa,synoptic,0.1581557929504349
graphcast_operational,mag_0.03_layer_all,192.0,v_component_of_wind@500hPa,synoptic,0.16325294410140495
graphcast_operational,mag_0.03_layer_all,216.0,v_component_of_wind@500hPa,synoptic,0.19664371038691503
graphcast_operational,mag_0.03_layer_all,240.0,v_component_of_wind@500hPa,synoptic,0.2182007415657382
graphcast_operational,mag_0.03_layer_all,0.0,v_component_of_wind@500hPa,upper_mesoscale,2.902893554629856e-06
graphcast_operational,mag_0.03_layer_all,24.0,v_component_of_wind@500hPa,upper_mesoscale,0.5816659584318636
graphcast_operational,mag_0.03_layer_all,48.0,v_component_of_wind@500hPa,upper_mesoscale,0.6485709455751986
graphcast_operational,mag_0.03_layer_all,72.0,v_component_of_wind@500hPa,upper_mesoscale,0.7034229304497132
graphcast_operational,mag_0.03_layer_all,96.0,v_component_of_wind@500hPa,upper_mesoscale,0.7103296127395821
graphcast_operational,mag_0.03_layer_all,120.0,v_component_of_wind@500hPa,upper_mesoscale,0.7323004509593375
graphcast_operational,mag_0.03_layer_all,144.0,v_component_of_wind@500hPa,upper_mesoscale,0.7122627007236871
graphcast_operational,mag_0.03_layer_all,168.0,v_component_of_wind@500hPa,upper_mesoscale,0.7288239477004169
graphcast_operational,mag_0.03_layer_all,192.0,v_component_of_wind@500hPa,upper_mesoscale,0.7485905428321615
graphcast_operational,mag_0.03_layer_all,216.0,v_component_of_wind@500hPa,upper_mesoscale,0.7859207530586836
graphcast_operational,mag_0.03_layer_all,240.0,v_component_of_wind@500hPa,upper_mesoscale,0.7833036788765393
graphcast_operational,mag_0.03_layer_all,0.0,v_component_of_wind@500hPa,lower_mesoscale,0.0390931905736926
graphcast_operational,mag_0.03_layer_all,24.0,v_component_of_wind@500hPa,lower_mesoscale,1.586692848466029
graphcast_operational,mag_0.03_layer_all,48.0,v_component_of_wind@500hPa,lower_mesoscale,1.5862079015554782
graphcast_operational,mag_0.03_layer_all,72.0,v_component_of_wind@500hPa,lower_mesoscale,1.5943708030656378
graphcast_operational,mag_0.03_layer_all,96.0,v_component_of_wind@500hPa,lower_mesoscale,1.6052904159747183
graphcast_operational,mag_0.03_layer_all,120.0,v_component_of_wind@500hPa,lower_mesoscale,1.6090258689521102
graphcast_operational,mag_0.03_layer_all,144.0,v_component_of_wind@500hPa,lower_mesoscale,1.6112441709973666
graphcast_operational,mag_0.03_layer_all,168.0,v_component_of_wind@500hPa,lower_mesoscale,1.5994587452568172
graphcast_operational,mag_0.03_layer_all,192.0,v_component_of_wind@500hPa,lower_mesoscale,1.6080018882424831
graphcast_operational,mag_0.03_layer_all,216.0,v_component_of_wind@500hPa,lower_mesoscale,1.601594676357836
graphcast_operational,mag_0.03_layer_all,240.0,v_component_of_wind@500hPa,lower_mesoscale,1.5934413031017207
graphcast_operational,mag_0.1_layer_all,0.0,v_component_of_wind@500hPa,planetary,4.5260256676620214e-08
graphcast_operational,mag_0.1_layer_all,24.0,v_component_of_wind@500hPa,planetary,0.010929129625122823
graphcast_operational,mag_0.1_layer_all,48.0,v_component_of_wind@500hPa,planetary,0.051470732322406
graphcast_operational,mag_0.1_layer_all,72.0,v_component_of_wind@500hPa,planetary,0.0817835172506221
graphcast_operational,mag_0.1_layer_all,96.0,v_component_of_wind@500hPa,planetary,0.10103838461037593
graphcast_operational,mag_0.1_layer_all,120.0,v_component_of_wind@500hPa,planetary,0.12491859146988468
graphcast_operational,mag_0.1_layer_all,144.0,v_component_of_wind@500hPa,planetary,0.11781470876281672
graphcast_operational,mag_0.1_layer_all,168.0,v_component_of_wind@500hPa,planetary,0.10326750857501515
graphcast_operational,mag_0.1_layer_all,192.0,v_component_of_wind@500hPa,planetary,0.09386150711605683
graphcast_operational,mag_0.1_layer_all,216.0,v_component_of_wind@500hPa,planetary,0.16237597787409216
graphcast_operational,mag_0.1_layer_all,240.0,v_component_of_wind@500hPa,planetary,0.15785958398557118
graphcast_operational,mag_0.1_layer_all,0.0,v_component_of_wind@500hPa,synoptic,2.858471376918457e-07
graphcast_operational,mag_0.1_layer_all,24.0,v_component_of_wind@500hPa,synoptic,0.0872146218418684
graphcast_operational,mag_0.1_layer_all,48.0,v_component_of_wind@500hPa,synoptic,0.07835066371339072
graphcast_operational,mag_0.1_layer_all,72.0,v_component_of_wind@500hPa,synoptic,0.09318670031959647
graphcast_operational,mag_0.1_layer_all,96.0,v_component_of_wind@500hPa,synoptic,0.12546722207279712
graphcast_operational,mag_0.1_layer_all,120.0,v_component_of_wind@500hPa,synoptic,0.12569057073122913
graphcast_operational,mag_0.1_layer_all,144.0,v_component_of_wind@500hPa,synoptic,0.16145194139775904
graphcast_operational,mag_0.1_layer_all,168.0,v_component_of_wind@500hPa,synoptic,0.16112892297382297
graphcast_operational,mag_0.1_layer_all,192.0,v_component_of_wind@500hPa,synoptic,0.17919761126769942
graphcast_operational,mag_0.1_layer_all,216.0,v_component_of_wind@500hPa,synoptic,0.2152783475160432
graphcast_operational,mag_0.1_layer_all,240.0,v_component_of_wind@500hPa,synoptic,0.24057643635403497
graphcast_operational,mag_0.1_layer_all,0.0,v_component_of_wind@500hPa,upper_mesoscale,2.902893554629856e-06
graphcast_operational,mag_0.1_layer_all,24.0,v_component_of_wind@500hPa,upper_mesoscale,0.39442261386962196
graphcast_operational,mag_0.1_layer_all,48.0,v_component_of_wind@500hPa,upper_mesoscale,0.4228156178714003
graphcast_operational,mag_0.1_layer_all,72.0,v_component_of_wind@500hPa,upper_mesoscale,0.4430858166106909
graphcast_operational,mag_0.1_layer_all,96.0,v_component_of_wind@500hPa,upper_mesoscale,0.44692483077223333
graphcast_operational,mag_0.1_layer_all,120.0,v_component_of_wind@500hPa,upper_mesoscale,0.4655173591414048
graphcast_operational,mag_0.1_layer_all,144.0,v_component_of_wind@500hPa,upper_mesoscale,0.4714203720764603
graphcast_operational,mag_0.1_layer_all,168.0,v_component_of_wind@500hPa,upper_mesoscale,0.4864669162288544
graphcast_operational,mag_0.1_layer_all,192.0,v_component_of_wind@500hPa,upper_mesoscale,0.4959986500314502
graphcast_operational,mag_0.1_layer_all,216.0,v_component_of_wind@500hPa,upper_mesoscale,0.5344469137633819
graphcast_operational,mag_0.1_layer_all,240.0,v_component_of_wind@500hPa,upper_mesoscale,0.5297248880880403
graphcast_operational,mag_0.1_layer_all,0.0,v_component_of_wind@500hPa,lower_mesoscale,0.0390931905736926
graphcast_operational,mag_0.1_layer_all,24.0,v_component_of_wind@500hPa,lower_mesoscale,1.826717161363926
graphcast_operational,mag_0.1_layer_all,48.0,v_component_of_wind@500hPa,lower_mesoscale,1.8562785517526186
graphcast_operational,mag_0.1_layer_all,72.0,v_component_of_wind@500hPa,lower_mesoscale,1.8767617649084272
graphcast_operational,mag_0.1_layer_all,96.0,v_component_of_wind@500hPa,lower_mesoscale,1.879955089268417
graphcast_operational,mag_0.1_layer_all,120.0,v_component_of_wind@500hPa,lower_mesoscale,1.8829470293764228
graphcast_operational,mag_0.1_layer_all,144.0,v_component_of_wind@500hPa,lower_mesoscale,1.8967624081388212
graphcast_operational,mag_0.1_layer_all,168.0,v_component_of_wind@500hPa,lower_mesoscale,1.883494086973465
graphcast_operational,mag_0.1_layer_all,192.0,v_component_of_wind@500hPa,lower_mesoscale,1.8855224153067331
graphcast_operational,mag_0.1_layer_all,216.0,v_component_of_wind@500hPa,lower_mesoscale,1.8895377150696784
graphcast_operational,mag_0.1_layer_all,240.0,v_component_of_wind@500hPa,lower_mesoscale,1.8834519032437724
sfno,mag_0_layer_all,0.0,v_component_of_wind@500hPa,planetary,4.526025666967373e-08
sfno,mag_0_layer_all,24.0,v_component_of_wind@500hPa,planetary,0.013353929803599096
sfno,mag_0_layer_all,48.0,v_component_of_wind@500hPa,planetary,0.03037948880569776
sfno,mag_0_layer_all,72.0,v_component_of_wind@500hPa,planetary,0.030323506631481836
sfno,mag_0_layer_all,96.0,v_component_of_wind@500hPa,planetary,0.03473585312927811
sfno,mag_0_layer_all,120.0,v_component_of_wind@500hPa,planetary,0.06939464537701648
sfno,mag_0_layer_all,144.0,v_component_of_wind@500hPa,planetary,0.09653996135333998
sfno,mag_0_layer_all,168.0,v_component_of_wind@500hPa,planetary,0.08368903507944073
sfno,mag_0_layer_all,192.0,v_component_of_wind@500hPa,planetary,0.10942687072607965
sfno,mag_0_layer_all,216.0,v_component_of_wind@500hPa,planetary,0.1165955247004164
sfno,mag_0_layer_all,240.0,v_component_of_wind@500hPa,planetary,0.08218499642850965
sfno,mag_0_layer_all,0.0,v_component_of_wind@500hPa,synoptic,2.85847137790809e-07
sfno,mag_0_layer_all,24.0,v_component_of_wind@500hPa,synoptic,0.11734685869155125
sfno,mag_0_layer_all,48.0,v_component_of_wind@500hPa,synoptic,0.1420319037450591
sfno,mag_0_layer_all,72.0,v_component_of_wind@500hPa,synoptic,0.14338197967845262
sfno,mag_0_layer_all,96.0,v_component_of_wind@500hPa,synoptic,0.19001262978667893
sfno,mag_0_layer_all,120.0,v_component_of_wind@500hPa,synoptic,0.18428510303878706
sfno,mag_0_layer_all,144.0,v_component_of_wind@500hPa,synoptic,0.19765665730447704
sfno,mag_0_layer_all,168.0,v_component_of_wind@500hPa,synoptic,0.20569467941251066
sfno,mag_0_layer_all,192.0,v_component_of_wind@500hPa,synoptic,0.19248313405005996
sfno,mag_0_layer_all,216.0,v_component_of_wind@500hPa,synoptic,0.24182200885864255
sfno,mag_0_layer_all,240.0,v_component_of_wind@500hPa,synoptic,0.22016145111390906
sfno,mag_0_layer_all,0.0,v_component_of_wind@500hPa,upper_mesoscale,2.902893554626014e-06
sfno,mag_0_layer_all,24.0,v_component_of_wind@500hPa,upper_mesoscale,0.69927828761148
sfno,mag_0_layer_all,48.0,v_component_of_wind@500hPa,upper_mesoscale,0.7068283543882012
sfno,mag_0_layer_all,72.0,v_component_of_wind@500hPa,upper_mesoscale,0.7417475267106578
sfno,mag_0_layer_all,96.0,v_component_of_wind@500hPa,upper_mesoscale,0.7821810235863701
sfno,mag_0_layer_all,120.0,v_component_of_wind@500hPa,upper_mesoscale,0.7228227358940527
sfno,mag_0_layer_all,144.0,v_component_of_wind@500hPa,upper_mesoscale,0.759481080834597
sfno,mag_0_layer_all,168.0,v_component_of_wind@500hPa,upper_mesoscale,0.7788937332068373
sfno,mag_0_layer_all,192.0,v_component_of_wind@500hPa,upper_mesoscale,0.8042795288574923
sfno,mag_0_layer_all,216.0,v_component_of_wind@500hPa,upper_mesoscale,0.7803189199397655
sfno,mag_0_layer_all,240.0,v_component_of_wind@500hPa,upper_mesoscale,0.8423786566281611
sfno,mag_0_layer_all,0.0,v_component_of_wind@500hPa,lower_mesoscale,0.0390931905736926
sfno,mag_0_layer_all,24.0,v_component_of_wind@500hPa,lower_mesoscale,1.4728261060143273
sfno,mag_0_layer_all,48.0,v_component_of_wind@500hPa,lower_mesoscale,1.4815789165195246
sfno,mag_0_layer_all,72.0,v_component_of_wind@500hPa,lower_mesoscale,1.476606541749141
sfno,mag_0_layer_all,96.0,v_component_of_wind@500hPa,lower_mesoscale,1.484229367272497
sfno,mag_0_layer_all,120.0,v_component_of_wind@500hPa,lower_mesoscale,1.4750883665878711
sfno,mag_0_layer_all,144.0,v_component_of_wind@500hPa,lower_mesoscale,1.477202283375013
sfno,mag_0_layer_all,168.0,v_component_of_wind@500hPa,lower_mesoscale,1.4715928888565089
sfno,mag_0_layer_all,192.0,v_component_of_wind@500hPa,lower_mesoscale,1.5293314373328666
sfno,mag_0_layer_all,216.0,v_component_of_wind@500hPa,lower_mesoscale,1.5122271421044484
sfno,mag_0_layer_all,240.0,v_component_of_wind@500hPa,lower_mesoscale,1.4892982097091327
sfno,mag_0.001_layer_all,0.0,v_component_of_wind@500hPa,planetary,4.5260256676620214e-08
sfno,mag_0.001_layer_all,24.0,v_component_of_wind@500hPa,planetary,0.013386498566438575
sfno,mag_0.001_layer_all,48.0,v_component_of_wind@500hPa,planetary,0.03028354317228168
sfno,mag_0.001_layer_all,72.0,v_component_of_wind@500hPa,planetary,0.030072915360898116
sfno,mag_0.001_layer_all,96.0,v_component_of_wind@500hPa,planetary,0.03490811215301114
sfno,mag_0.001_layer_all,120.0,v_component_of_wind@500hPa,planetary,0.06916682416097879
sfno,mag_0.001_layer_all,144.0,v_component_of_wind@500hPa,planetary,0.0975307039081285
sfno,mag_0.001_layer_all,168.0,v_component_of_wind@500hPa,planetary,0.08345695902533275
sfno,mag_0.001_layer_all,192.0,v_component_of_wind@500hPa,planetary,0.10922553149591933
sfno,mag_0.001_layer_all,216.0,v_component_of_wind@500hPa,planetary,0.11470658464517768
sfno,mag_0.001_layer_all,240.0,v_component_of_wind@500hPa,planetary,0.08299219132393122
sfno,mag_0.001_layer_all,0.0,v_component_of_wind@500hPa,synoptic,2.858471376918457e-07
sfno,mag_0.001_layer_all,24.0,v_component_of_wind@500hPa,synoptic,0.1169448345287888
sfno,mag_0.001_layer_all,48.0,v_component_of_wind@500hPa,synoptic,0.1412572509828343
sfno,mag_0.001_layer_all,72.0,v_component_of_wind@500hPa,synoptic,0.14245487984466165
sfno,mag_0.001_layer_all,96.0,v_component_of_wind@500hPa,synoptic,0.1887988746856193
sfno,mag_0.001_layer_all,120.0,v_component_of_wind@500hPa,synoptic,0.18248308512701517
sfno,mag_0.001_layer_all,144.0,v_component_of_wind@500hPa,synoptic,0.19520596934432993
sfno,mag_0.001_layer_all,168.0,v_component_of_wind@500hPa,synoptic,0.20293230120860806
sfno,mag_0.001_layer_all,192.0,v_component_of_wind@500hPa,synoptic,0.18620793179112063
sfno,mag_0.001_layer_all,216.0,v_component_of_wind@500hPa,synoptic,0.23400331703776986
sfno,mag_0.001_layer_all,240.0,v_component_of_wind@500hPa,synoptic,0.2157653721282288
sfno,mag_0.001_layer_all,0.0,v_component_of_wind@500hPa,upper_mesoscale,2.902893554629856e-06
sfno,mag_0.001_layer_all,24.0,v_component_of_wind@500hPa,upper_mesoscale,0.6986297930287446
sfno,mag_0.001_layer_all,48.0,v_component_of_wind@500hPa,upper_mesoscale,0.7056263497737956
sfno,mag_0.001_layer_all,72.0,v_component_of_wind@500hPa,upper_mesoscale,0.7404261559921028
sfno,mag_0.001_layer_all,96.0,v_component_of_wind@500hPa,upper_mesoscale,0.780735817475473
sfno,mag_0.001_layer_all,120.0,v_component_of_wind@500hPa,upper_mesoscale,0.719532564135032
sfno,mag_0.001_layer_all,144.0,v_component_of_wind@500hPa,upper_mesoscale,0.7585024411505173
sfno,mag_0.001_layer_all,168.0,v_component_of_wind@500hPa,upper_mesoscale,0.7806078216772135
sfno,mag_0.001_layer_all,192.0,v_component_of_wind@500hPa,upper_mesoscale,0.7904138628740678
sfno,mag_0.001_layer_all,216.0,v_component_of_wind@500hPa,upper_mesoscale,0.7855186124901141
sfno,mag_0.001_layer_all,240.0,v_component_of_wind@500hPa,upper_mesoscale,0.8518628561841313
sfno,mag_0.001_layer_all,0.0,v_component_of_wind@500hPa,lower_mesoscale,0.0390931905736926
sfno,mag_0.001_layer_all,24.0,v_component_of_wind@500hPa,lower_mesoscale,1.4722462510296068
sfno,mag_0.001_layer_all,48.0,v_component_of_wind@500hPa,lower_mesoscale,1.4812259051223267
sfno,mag_0.001_layer_all,72.0,v_component_of_wind@500hPa,lower_mesoscale,1.4757361052634743
sfno,mag_0.001_layer_all,96.0,v_component_of_wind@500hPa,lower_mesoscale,1.4839520216969722
sfno,mag_0.001_layer_all,120.0,v_component_of_wind@500hPa,lower_mesoscale,1.4749286450008139
sfno,mag_0.001_layer_all,144.0,v_component_of_wind@500hPa,lower_mesoscale,1.4767159630302171
sfno,mag_0.001_layer_all,168.0,v_component_of_wind@500hPa,lower_mesoscale,1.4706024000064262
sfno,mag_0.001_layer_all,192.0,v_component_of_wind@500hPa,lower_mesoscale,1.5270435552914858
sfno,mag_0.001_layer_all,216.0,v_component_of_wind@500hPa,lower_mesoscale,1.5110132274540875
sfno,mag_0.001_layer_all,240.0,v_component_of_wind@500hPa,lower_mesoscale,1.4917052157343003
sfno,mag_0.003_layer_all,0.0,v_component_of_wind@500hPa,planetary,4.5260256676620214e-08
sfno,mag_0.003_layer_all,24.0,v_component_of_wind@500hPa,planetary,0.013130524810043554
sfno,mag_0.003_layer_all,48.0,v_component_of_wind@500hPa,planetary,0.029698325775919996
sfno,mag_0.003_layer_all,72.0,v_component_of_wind@500hPa,planetary,0.029174701132898766
sfno,mag_0.003_layer_all,96.0,v_component_of_wind@500hPa,planetary,0.03457982624322148
sfno,mag_0.003_layer_all,120.0,v_component_of_wind@500hPa,planetary,0.06815629490466762
sfno,mag_0.003_layer_all,144.0,v_component_of_wind@500hPa,planetary,0.09673206825881028
sfno,mag_0.003_layer_all,168.0,v_component_of_wind@500hPa,planetary,0.08200787571545737
sfno,mag_0.003_layer_all,192.0,v_component_of_wind@500hPa,planetary,0.10361208664247132
sfno,mag_0.003_layer_all,216.0,v_component_of_wind@500hPa,planetary,0.10415438966702821
sfno,mag_0.003_layer_all,240.0,v_component_of_wind@500hPa,planetary,0.07675547342542241
sfno,mag_0.003_layer_all,0.0,v_component_of_wind@500hPa,synoptic,2.858471376918457e-07
sfno,mag_0.003_layer_all,24.0,v_component_of_wind@500hPa,synoptic,0.11587300794630756
sfno,mag_0.003_layer_all,48.0,v_component_of_wind@500hPa,synoptic,0.13939382927703764
sfno,mag_0.003_layer_all,72.0,v_component_of_wind@500hPa,synoptic,0.1402144159676797
sfno,mag_0.003_layer_all,96.0,v_component_of_wind@500hPa,synoptic,0.18527224827781683
sfno,mag_0.003_layer_all,120.0,v_component_of_wind@500hPa,synoptic,0.17860743797217427
sfno,mag_0.003_layer_all,144.0,v_component_of_wind@500hPa,synoptic,0.19278925796352958
sfno,mag_0.003_layer_all,168.0,v_component_of_wind@500hPa,synoptic,0.19497902878657775
sfno,mag_0.003_layer_all,192.0,v_component_of_wind@500hPa,synoptic,0.1760372839710807
sfno,mag_0.003_layer_all,216.0,v_component_of_wind@500hPa,synoptic,0.2092442601954492
sfno,mag_0.003_layer_all,240.0,v_component_of_wind@500hPa,synoptic,0.21434719380860706
sfno,mag_0.003_layer_all,0.0,v_component_of_wind@500hPa,upper_mesoscale,2.902893554629856e-06
sfno,mag_0.003_layer_all,24.0,v_component_of_wind@500hPa,upper_mesoscale,0.6969485398639907
sfno,mag_0.003_layer_all,48.0,v_component_of_wind@500hPa,upper_mesoscale,0.7031817473311162
sfno,mag_0.003_layer_all,72.0,v_component_of_wind@500hPa,upper_mesoscale,0.7364335905481565
sfno,mag_0.003_layer_all,96.0,v_component_of_wind@500hPa,upper_mesoscale,0.7735195538229119
sfno,mag_0.003_layer_all,120.0,v_component_of_wind@500hPa,upper_mesoscale,0.7147914923781409
sfno,mag_0.003_layer_all,144.0,v_component_of_wind@500hPa,upper_mesoscale,0.7633204108831337
sfno,mag_0.003_layer_all,168.0,v_component_of_wind@500hPa,upper_mesoscale,0.7795575585584718
sfno,mag_0.003_layer_all,192.0,v_component_of_wind@500hPa,upper_mesoscale,0.7844150229740283
sfno,mag_0.003_layer_all,216.0,v_component_of_wind@500hPa,upper_mesoscale,0.8059296524504078
sfno,mag_0.003_layer_all,240.0,v_component_of_wind@500hPa,upper_mesoscale,0.8367103241326095
sfno,mag_0.003_layer_all,0.0,v_component_of_wind@500hPa,lower_mesoscale,0.0390931905736926
sfno,mag_0.003_layer_all,24.0,v_component_of_wind@500hPa,lower_mesoscale,1.4711307740926138
sfno,mag_0.003_layer_all,48.0,v_component_of_wind@500hPa,lower_mesoscale,1.4797630956002648
sfno,mag_0.003_layer_all,72.0,v_component_of_wind@500hPa,lower_mesoscale,1.4729629309458696
sfno,mag_0.003_layer_all,96.0,v_component_of_wind@500hPa,lower_mesoscale,1.4813416098491872
sfno,mag_0.003_layer_all,120.0,v_component_of_wind@500hPa,lower_mesoscale,1.4732278247357364
sfno,mag_0.003_layer_all,144.0,v_component_of_wind@500hPa,lower_mesoscale,1.4750817730001577
sfno,mag_0.003_layer_all,168.0,v_component_of_wind@500hPa,lower_mesoscale,1.4691386343135424
sfno,mag_0.003_layer_all,192.0,v_component_of_wind@500hPa,lower_mesoscale,1.5241495680038353
sfno,mag_0.003_layer_all,216.0,v_component_of_wind@500hPa,lower_mesoscale,1.5081714678522498
sfno,mag_0.003_layer_all,240.0,v_component_of_wind@500hPa,lower_mesoscale,1.4909054510227293
sfno,mag_0.01_layer_all,0.0,v_component_of_wind@500hPa,planetary,4.5260256676620214e-08
sfno,mag_0.01_layer_all,24.0,v_component_of_wind@500hPa,planetary,0.012454187686298496
sfno,mag_0.01_layer_all,48.0,v_component_of_wind@500hPa,planetary,0.028084682447329052
sfno,mag_0.01_layer_all,72.0,v_component_of_wind@500hPa,planetary,0.027039615166090016
sfno,mag_0.01_layer_all,96.0,v_component_of_wind@500hPa,planetary,0.03333473661683492
sfno,mag_0.01_layer_all,120.0,v_component_of_wind@500hPa,planetary,0.06048975153934441
sfno,mag_0.01_layer_all,144.0,v_component_of_wind@500hPa,planetary,0.07985000274754285
sfno,mag_0.01_layer_all,168.0,v_component_of_wind@500hPa,planetary,0.06744545246474584
sfno,mag_0.01_layer_all,192.0,v_component_of_wind@500hPa,planetary,0.08657157843344897
sfno,mag_0.01_layer_all,216.0,v_component_of_wind@500hPa,planetary,0.1025015263455634
sfno,mag_0.01_layer_all,240.0,v_component_of_wind@500hPa,planetary,0.10477623374660477
sfno,mag_0.01_layer_all,0.0,v_component_of_wind@500hPa,synoptic,2.858471376918457e-07
sfno,mag_0.01_layer_all,24.0,v_component_of_wind@500hPa,synoptic,0.11156475142254499
sfno,mag_0.01_layer_all,48.0,v_component_of_wind@500hPa,synoptic,0.13126053459546558
sfno,mag_0.01_layer_all,72.0,v_component_of_wind@500hPa,synoptic,0.13068329318509514
sfno,mag_0.01_layer_all,96.0,v_component_of_wind@500hPa,synoptic,0.16763547570918474
sfno,mag_0.01_layer_all,120.0,v_component_of_wind@500hPa,synoptic,0.16074784105651754
sfno,mag_0.01_layer_all,144.0,v_component_of_wind@500hPa,synoptic,0.17800950058127987
sfno,mag_0.01_layer_all,168.0,v_component_of_wind@500hPa,synoptic,0.1614257291411355
sfno,mag_0.01_layer_all,192.0,v_component_of_wind@500hPa,synoptic,0.16174492226469134
sfno,mag_0.01_layer_all,216.0,v_component_of_wind@500hPa,synoptic,0.17728013211440652
sfno,mag_0.01_layer_all,240.0,v_component_of_wind@500hPa,synoptic,0.19281437146457564
sfno,mag_0.01_layer_all,0.0,v_component_of_wind@500hPa,upper_mesoscale,2.902893554629856e-06
sfno,mag_0.01_layer_all,24.0,v_component_of_wind@500hPa,upper_mesoscale,0.6891568761630207
sfno,mag_0.01_layer_all,48.0,v_component_of_wind@500hPa,upper_mesoscale,0.6919053258406037
sfno,mag_0.01_layer_all,72.0,v_component_of_wind@500hPa,upper_mesoscale,0.7187456420993045
sfno,mag_0.01_layer_all,96.0,v_component_of_wind@500hPa,upper_mesoscale,0.744600158253918
sfno,mag_0.01_layer_all,120.0,v_component_of_wind@500hPa,upper_mesoscale,0.7150231654883576
sfno,mag_0.01_layer_all,144.0,v_component_of_wind@500hPa,upper_mesoscale,0.7390221201462913
sfno,mag_0.01_layer_all,168.0,v_component_of_wind@500hPa,upper_mesoscale,0.7653313878594425
sfno,mag_0.01_layer_all,192.0,v_component_of_wind@500hPa,upper_mesoscale,0.7582437934010131
sfno,mag_0.01_layer_all,216.0,v_component_of_wind@500hPa,upper_mesoscale,0.7835346394867859
sfno,mag_0.01_layer_all,240.0,v_component_of_wind@500hPa,upper_mesoscale,0.7794077660497456
sfno,mag_0.01_layer_all,0.0,v_component_of_wind@500hPa,lower_mesoscale,0.0390931905736926
sfno,mag_0.01_layer_all,24.0,v_component_of_wind@500hPa,lower_mesoscale,1.4643167678083233
sfno,mag_0.01_layer_all,48.0,v_component_of_wind@500hPa,lower_mesoscale,1.469484793641716
sfno,mag_0.01_layer_all,72.0,v_component_of_wind@500hPa,lower_mesoscale,1.4568721730677625
sfno,mag_0.01_layer_all,96.0,v_component_of_wind@500hPa,lower_mesoscale,1.4648753962078325
sfno,mag_0.01_layer_all,120.0,v_component_of_wind@500hPa,lower_mesoscale,1.460812574126339
sfno,mag_0.01_layer_all,144.0,v_component_of_wind@500hPa,lower_mesoscale,1.4547005918916653
sfno,mag_0.01_layer_all,168.0,v_component_of_wind@500hPa,lower_mesoscale,1.4659601412510486
sfno,mag_0.01_layer_all,192.0,v_component_of_wind@500hPa,lower_mesoscale,1.5006837088446339
sfno,mag_0.01_layer_all,216.0,v_component_of_wind@500hPa,lower_mesoscale,1.4888638048226865
sfno,mag_0.01_layer_all,240.0,v_component_of_wind@500hPa,lower_mesoscale,1.4701527773324414
sfno,mag_0.03_layer_all,0.0,v_component_of_wind@500hPa,planetary,4.5260256676620214e-08
sfno,mag_0.03_layer_all,24.0,v_component_of_wind@500hPa,planetary,0.010276378022873624
sfno,mag_0.03_layer_all,48.0,v_component_of_wind@500hPa,planetary,0.02332621852655983
sfno,mag_0.03_layer_all,72.0,v_component_of_wind@500hPa,planetary,0.022896071236241863
sfno,mag_0.03_layer_all,96.0,v_component_of_wind@500hPa,planetary,0.028048455916980297
sfno,mag_0.03_layer_all,120.0,v_component_of_wind@500hPa,planetary,0.03615522767476376
sfno,mag_0.03_layer_all,144.0,v_component_of_wind@500hPa,planetary,0.041998457323313934
sfno,mag_0.03_layer_all,168.0,v_component_of_wind@500hPa,planetary,0.058888998239612245
sfno,mag_0.03_layer_all,192.0,v_component_of_wind@500hPa,planetary,0.06803228156692741
sfno,mag_0.03_layer_all,216.0,v_component_of_wind@500hPa,planetary,0.09815842606297968
sfno,mag_0.03_layer_all,240.0,v_component_of_wind@500hPa,planetary,0.09243615713092827
sfno,mag_0.03_layer_all,0.0,v_component_of_wind@500hPa,synoptic,2.858471376918457e-07
sfno,mag_0.03_layer_all,24.0,v_component_of_wind@500hPa,synoptic,0.0925620777263547
sfno,mag_0.03_layer_all,48.0,v_component_of_wind@500hPa,synoptic,0.09353383625164868
sfno,mag_0.03_layer_all,72.0,v_component_of_wind@500hPa,synoptic,0.08623351192163844
sfno,mag_0.03_layer_all,96.0,v_component_of_wind@500hPa,synoptic,0.10142997285259095
sfno,mag_0.03_layer_all,120.0,v_component_of_wind@500hPa,synoptic,0.08160148516511063
sfno,mag_0.03_layer_all,144.0,v_component_of_wind@500hPa,synoptic,0.08861513808517167
sfno,mag_0.03_layer_all,168.0,v_component_of_wind@500hPa,synoptic,0.0736649041710585
sfno,mag_0.03_layer_all,192.0,v_component_of_wind@500hPa,synoptic,0.07209934579041521
sfno,mag_0.03_layer_all,216.0,v_component_of_wind@500hPa,synoptic,0.09663058177278662
sfno,mag_0.03_layer_all,240.0,v_component_of_wind@500hPa,synoptic,0.09553858722197762
sfno,mag_0.03_layer_all,0.0,v_component_of_wind@500hPa,upper_mesoscale,2.902893554629856e-06
sfno,mag_0.03_layer_all,24.0,v_component_of_wind@500hPa,upper_mesoscale,0.6520491274157709
sfno,mag_0.03_layer_all,48.0,v_component_of_wind@500hPa,upper_mesoscale,0.6354590542878297
sfno,mag_0.03_layer_all,72.0,v_component_of_wind@500hPa,upper_mesoscale,0.6374844334920752
sfno,mag_0.03_layer_all,96.0,v_component_of_wind@500hPa,upper_mesoscale,0.6413586622997689
sfno,mag_0.03_layer_all,120.0,v_component_of_wind@500hPa,upper_mesoscale,0.6284017069720934
sfno,mag_0.03_layer_all,144.0,v_component_of_wind@500hPa,upper_mesoscale,0.63475045068323
sfno,mag_0.03_layer_all,168.0,v_component_of_wind@500hPa,upper_mesoscale,0.6453910980939127
sfno,mag_0.03_layer_all,192.0,v_component_of_wind@500hPa,upper_mesoscale,0.6269410879596863
sfno,mag_0.03_layer_all,216.0,v_component_of_wind@500hPa,upper_mesoscale,0.638909201387001
sfno,mag_0.03_layer_all,240.0,v_component_of_wind@500hPa,upper_mesoscale,0.6158684198093599
sfno,mag_0.03_layer_all,0.0,v_component_of_wind@500hPa,lower_mesoscale,0.0390931905736926
sfno,mag_0.03_layer_all,24.0,v_component_of_wind@500hPa,lower_mesoscale,1.4240622222395916
sfno,mag_0.03_layer_all,48.0,v_component_of_wind@500hPa,lower_mesoscale,1.4106408213180672
sfno,mag_0.03_layer_all,72.0,v_component_of_wind@500hPa,lower_mesoscale,1.3830474855322616
sfno,mag_0.03_layer_all,96.0,v_component_of_wind@500hPa,lower_mesoscale,1.3968604212027043
sfno,mag_0.03_layer_all,120.0,v_component_of_wind@500hPa,lower_mesoscale,1.3894965557959413
sfno,mag_0.03_layer_all,144.0,v_component_of_wind@500hPa,lower_mesoscale,1.3453465321067233
sfno,mag_0.03_layer_all,168.0,v_component_of_wind@500hPa,lower_mesoscale,1.342453011835388
sfno,mag_0.03_layer_all,192.0,v_component_of_wind@500hPa,lower_mesoscale,1.3274762401648836
sfno,mag_0.03_layer_all,216.0,v_component_of_wind@500hPa,lower_mesoscale,1.3124997853001048
sfno,mag_0.03_layer_all,240.0,v_component_of_wind@500hPa,lower_mesoscale,1.3028197049809136
sfno,mag_0.1_layer_all,0.0,v_component_of_wind@500hPa,planetary,4.5260256676620214e-08
sfno,mag_0.1_layer_all,24.0,v_component_of_wind@500hPa,planetary,0.008414556704020713
sfno,mag_0.1_layer_all,48.0,v_component_of_wind@500hPa,planetary,0.027871864809054476
sfno,mag_0.1_layer_all,72.0,v_component_of_wind@500hPa,planetary,0.05119771658571807
sfno,mag_0.1_layer_all,96.0,v_component_of_wind@500hPa,planetary,0.06923352519812195
sfno,mag_0.1_layer_all,120.0,v_component_of_wind@500hPa,planetary,0.07822784730178593
sfno,mag_0.1_layer_all,144.0,v_component_of_wind@500hPa,planetary,0.07663668264655293
sfno,mag_0.1_layer_all,168.0,v_component_of_wind@500hPa,planetary,0.11539425826366448
sfno,mag_0.1_layer_all,192.0,v_component_of_wind@500hPa,planetary,0.14134492377834595
sfno,mag_0.1_layer_all,216.0,v_component_of_wind@500hPa,planetary,0.22473372270894332
sfno,mag_0.1_layer_all,240.0,v_component_of_wind@500hPa,planetary,0.29905430719638915
sfno,mag_0.1_layer_all,0.0,v_component_of_wind@500hPa,synoptic,2.858471376918457e-07
sfno,mag_0.1_layer_all,24.0,v_component_of_wind@500hPa,synoptic,0.06777174964497083
sfno,mag_0.1_layer_all,48.0,v_component_of_wind@500hPa,synoptic,0.1911161432936905
sfno,mag_0.1_layer_all,72.0,v_component_of_wind@500hPa,synoptic,0.2642011238463066
sfno,mag_0.1_layer_all,96.0,v_component_of_wind@500hPa,synoptic,0.3147215103484441
sfno,mag_0.1_layer_all,120.0,v_component_of_wind@500hPa,synoptic,0.4773032809955513
sfno,mag_0.1_layer_all,144.0,v_component_of_wind@500hPa,synoptic,0.5493476965275969
sfno,mag_0.1_layer_all,168.0,v_component_of_wind@500hPa,synoptic,0.6281153032964348
sfno,mag_0.1_layer_all,192.0,v_component_of_wind@500hPa,synoptic,0.6619803501619905
sfno,mag_0.1_layer_all,216.0,v_component_of_wind@500hPa,synoptic,0.6908233451664914
sfno,mag_0.1_layer_all,240.0,v_component_of_wind@500hPa,synoptic,0.7555886340693133
sfno,mag_0.1_layer_all,0.0,v_component_of_wind@500hPa,upper_mesoscale,2.902893554629856e-06
sfno,mag_0.1_layer_all,24.0,v_component_of_wind@500hPa,upper_mesoscale,0.350688016097302
sfno,mag_0.1_layer_all,48.0,v_component_of_wind@500hPa,upper_mesoscale,0.17136835325517719
sfno,mag_0.1_layer_all,72.0,v_component_of_wind@500hPa,upper_mesoscale,0.1903501376325092
sfno,mag_0.1_layer_all,96.0,v_component_of_wind@500hPa,upper_mesoscale,0.4047804360750513
sfno,mag_0.1_layer_all,120.0,v_component_of_wind@500hPa,upper_mesoscale,0.7671292982555211
sfno,mag_0.1_layer_all,144.0,v_component_of_wind@500hPa,upper_mesoscale,0.8231505470046513
sfno,mag_0.1_layer_all,168.0,v_component_of_wind@500hPa,upper_mesoscale,0.9316782214243703
sfno,mag_0.1_layer_all,192.0,v_component_of_wind@500hPa,upper_mesoscale,1.0320643585463438
sfno,mag_0.1_layer_all,216.0,v_component_of_wind@500hPa,upper_mesoscale,1.0441286136354395
sfno,mag_0.1_layer_all,240.0,v_component_of_wind@500hPa,upper_mesoscale,1.1267895413868643
sfno,mag_0.1_layer_all,0.0,v_component_of_wind@500hPa,lower_mesoscale,0.0390931905736926
sfno,mag_0.1_layer_all,24.0,v_component_of_wind@500hPa,lower_mesoscale,1.188692658350589
sfno,mag_0.1_layer_all,48.0,v_component_of_wind@500hPa,lower_mesoscale,1.0955817526710836
sfno,mag_0.1_layer_all,72.0,v_component_of_wind@500hPa,lower_mesoscale,1.007633370932569
sfno,mag_0.1_layer_all,96.0,v_component_of_wind@500hPa,lower_mesoscale,1.061363516732573
sfno,mag_0.1_layer_all,120.0,v_component_of_wind@500hPa,lower_mesoscale,1.3022542827864947
sfno,mag_0.1_layer_all,144.0,v_component_of_wind@500hPa,lower_mesoscale,1.2783840265994995
sfno,mag_0.1_layer_all,168.0,v_component_of_wind@500hPa,lower_mesoscale,1.4855670101791747
sfno,mag_0.1_layer_all,192.0,v_component_of_wind@500hPa,lower_mesoscale,1.6197675226988628
sfno,mag_0.1_layer_all,216.0,v_component_of_wind@500hPa,lower_mesoscale,1.6456532740409309
sfno,mag_0.1_layer_all,240.0,v_component_of_wind@500hPa,lower_mesoscale,1.8102073569835984
aifs,mag_0_layer_all,0.0,v_component_of_wind@500hPa,planetary,5.288868557269556e-07
aifs,mag_0_layer_all,24.0,v_component_of_wind@500hPa,planetary,0.006403553232565148
aifs,mag_0_layer_all,48.0,v_component_of_wind@500hPa,planetary,0.015709644703256684
aifs,mag_0_layer_all,72.0,v_component_of_wind@500hPa,planetary,0.02275975672077802
aifs,mag_0_layer_all,96.0,v_component_of_wind@500hPa,planetary,0.0328629096610452
aifs,mag_0_layer_all,120.0,v_component_of_wind@500hPa,planetary,0.038904313786294276
aifs,mag_0_layer_all,144.0,v_component_of_wind@500hPa,planetary,0.05831531641477666
aifs,mag_0_layer_all,168.0,v_component_of_wind@500hPa,planetary,0.06279455399837167
aifs,mag_0_layer_all,192.0,v_component_of_wind@500hPa,planetary,0.09428425088578321
aifs,mag_0_layer_all,216.0,v_component_of_wind@500hPa,planetary,0.12391544000666499
aifs,mag_0_layer_all,240.0,v_component_of_wind@500hPa,planetary,0.10134043193435693
aifs,mag_0_layer_all,0.0,v_component_of_wind@500hPa,synoptic,1.9734648700913746e-06
aifs,mag_0_layer_all,24.0,v_component_of_wind@500hPa,synoptic,0.08717311919500065
aifs,mag_0_layer_all,48.0,v_component_of_wind@500hPa,synoptic,0.17228820178025236
aifs,mag_0_layer_all,72.0,v_component_of_wind@500hPa,synoptic,0.22002244613485383
aifs,mag_0_layer_all,96.0,v_component_of_wind@500hPa,synoptic,0.27582216077099875
aifs,mag_0_layer_all,120.0,v_component_of_wind@500hPa,synoptic,0.29727208966080915
aifs,mag_0_layer_all,144.0,v_component_of_wind@500hPa,synoptic,0.3088347161560827
aifs,mag_0_layer_all,168.0,v_component_of_wind@500hPa,synoptic,0.29655538247644214
aifs,mag_0_layer_all,192.0,v_component_of_wind@500hPa,synoptic,0.3388022086589713
aifs,mag_0_layer_all,216.0,v_component_of_wind@500hPa,synoptic,0.37897266643243166
aifs,mag_0_layer_all,240.0,v_component_of_wind@500hPa,synoptic,0.37960321017973575
aifs,mag_0_layer_all,0.0,v_component_of_wind@500hPa,upper_mesoscale,5.660771179532472e-06
aifs,mag_0_layer_all,24.0,v_component_of_wind@500hPa,upper_mesoscale,0.547147790521679
aifs,mag_0_layer_all,48.0,v_component_of_wind@500hPa,upper_mesoscale,0.7193448949544684
aifs,mag_0_layer_all,72.0,v_component_of_wind@500hPa,upper_mesoscale,0.8542810509769764
aifs,mag_0_layer_all,96.0,v_component_of_wind@500hPa,upper_mesoscale,0.9711003850022205
aifs,mag_0_layer_all,120.0,v_component_of_wind@500hPa,upper_mesoscale,1.0236449188197383
aifs,mag_0_layer_all,144.0,v_component_of_wind@500hPa,upper_mesoscale,1.0619698227730594
aifs,mag_0_layer_all,168.0,v_component_of_wind@500hPa,upper_mesoscale,1.0343744678305122
aifs,mag_0_layer_all,192.0,v_component_of_wind@500hPa,upper_mesoscale,1.0888379498750027
aifs,mag_0_layer_all,216.0,v_component_of_wind@500hPa,upper_mesoscale,1.1212815959524898
aifs,mag_0_layer_all,240.0,v_component_of_wind@500hPa,upper_mesoscale,1.0153041577188235
aifs,mag_0_layer_all,0.0,v_component_of_wind@500hPa,lower_mesoscale,0.04720815531516153
aifs,mag_0_layer_all,24.0,v_component_of_wind@500hPa,lower_mesoscale,1.3836018995578936
aifs,mag_0_layer_all,48.0,v_component_of_wind@500hPa,lower_mesoscale,1.3958793911970135
aifs,mag_0_layer_all,72.0,v_component_of_wind@500hPa,lower_mesoscale,1.4179916332498967
aifs,mag_0_layer_all,96.0,v_component_of_wind@500hPa,lower_mesoscale,1.456215388326088
aifs,mag_0_layer_all,120.0,v_component_of_wind@500hPa,lower_mesoscale,1.4587456309550606
aifs,mag_0_layer_all,144.0,v_component_of_wind@500hPa,lower_mesoscale,1.447533917052485
aifs,mag_0_layer_all,168.0,v_component_of_wind@500hPa,lower_mesoscale,1.451980993880141
aifs,mag_0_layer_all,192.0,v_component_of_wind@500hPa,lower_mesoscale,1.4649050642388954
aifs,mag_0_layer_all,216.0,v_component_of_wind@500hPa,lower_mesoscale,1.4450939508938072
aifs,mag_0_layer_all,240.0,v_component_of_wind@500hPa,lower_mesoscale,1.4233543929524073
aifs,mag_0.003_layer_all,0.0,v_component_of_wind@500hPa,planetary,5.288868557269556e-07
aifs,mag_0.003_layer_all,24.0,v_component_of_wind@500hPa,planetary,0.005946401199543324
aifs,mag_0.003_layer_all,48.0,v_component_of_wind@500hPa,planetary,0.014595110054484264
aifs,mag_0.003_layer_all,72.0,v_component_of_wind@500hPa,planetary,0.021749799365066727
aifs,mag_0.003_layer_all,96.0,v_component_of_wind@500hPa,planetary,0.03253111767908364
aifs,mag_0.003_layer_all,120.0,v_component_of_wind@500hPa,planetary,0.03668556621272633
aifs,mag_0.003_layer_all,144.0,v_component_of_wind@500hPa,planetary,0.05673604434056338
aifs,mag_0.003_layer_all,168.0,v_component_of_wind@500hPa,planetary,0.06363268910727007
aifs,mag_0.003_layer_all,192.0,v_component_of_wind@500hPa,planetary,0.0910943897612109
aifs,mag_0.003_layer_all,216.0,v_component_of_wind@500hPa,planetary,0.11944930519016284
aifs,mag_0.003_layer_all,240.0,v_component_of_wind@500hPa,planetary,0.08808159629725361
aifs,mag_0.003_layer_all,0.0,v_component_of_wind@500hPa,synoptic,1.973464870177687e-06
aifs,mag_0.003_layer_all,24.0,v_component_of_wind@500hPa,synoptic,0.08728514967022183
aifs,mag_0.003_layer_all,48.0,v_component_of_wind@500hPa,synoptic,0.1708369722650598
aifs,mag_0.003_layer_all,72.0,v_component_of_wind@500hPa,synoptic,0.21573268841987034
aifs,mag_0.003_layer_all,96.0,v_component_of_wind@500hPa,synoptic,0.26937099135348325
aifs,mag_0.003_layer_all,120.0,v_component_of_wind@500hPa,synoptic,0.2880566591196145
aifs,mag_0.003_layer_all,144.0,v_component_of_wind@500hPa,synoptic,0.30053134406207177
aifs,mag_0.003_layer_all,168.0,v_component_of_wind@500hPa,synoptic,0.28398586765200773
aifs,mag_0.003_layer_all,192.0,v_component_of_wind@500hPa,synoptic,0.320876579119322
aifs,mag_0.003_layer_all,216.0,v_component_of_wind@500hPa,synoptic,0.35706313970880027
aifs,mag_0.003_layer_all,240.0,v_component_of_wind@500hPa,synoptic,0.366619451383584
aifs,mag_0.003_layer_all,0.0,v_component_of_wind@500hPa,upper_mesoscale,5.6607711795530895e-06
aifs,mag_0.003_layer_all,24.0,v_component_of_wind@500hPa,upper_mesoscale,0.5448536216127283
aifs,mag_0.003_layer_all,48.0,v_component_of_wind@500hPa,upper_mesoscale,0.7118469607078046
aifs,mag_0.003_layer_all,72.0,v_component_of_wind@500hPa,upper_mesoscale,0.839585027331639
aifs,mag_0.003_layer_all,96.0,v_component_of_wind@500hPa,upper_mesoscale,0.9550933841503394
aifs,mag_0.003_layer_all,120.0,v_component_of_wind@500hPa,upper_mesoscale,0.9989443519157227
aifs,mag_0.003_layer_all,144.0,v_component_of_wind@500hPa,upper_mesoscale,1.0361075963570126
aifs,mag_0.003_layer_all,168.0,v_component_of_wind@500hPa,upper_mesoscale,1.0122816611134187
aifs,mag_0.003_layer_all,192.0,v_component_of_wind@500hPa,upper_mesoscale,1.0493589602491296
aifs,mag_0.003_layer_all,216.0,v_component_of_wind@500hPa,upper_mesoscale,1.0896645331095411
aifs,mag_0.003_layer_all,240.0,v_component_of_wind@500hPa,upper_mesoscale,0.9924526183954404
aifs,mag_0.003_layer_all,0.0,v_component_of_wind@500hPa,lower_mesoscale,0.04720815531516154
aifs,mag_0.003_layer_all,24.0,v_component_of_wind@500hPa,lower_mesoscale,1.3829848490331822
aifs,mag_0.003_layer_all,48.0,v_component_of_wind@500hPa,lower_mesoscale,1.3950277510895586
aifs,mag_0.003_layer_all,72.0,v_component_of_wind@500hPa,lower_mesoscale,1.4153328437861827
aifs,mag_0.003_layer_all,96.0,v_component_of_wind@500hPa,lower_mesoscale,1.4522546914252175
aifs,mag_0.003_layer_all,120.0,v_component_of_wind@500hPa,lower_mesoscale,1.4532982461348045
aifs,mag_0.003_layer_all,144.0,v_component_of_wind@500hPa,lower_mesoscale,1.4429136437985317
aifs,mag_0.003_layer_all,168.0,v_component_of_wind@500hPa,lower_mesoscale,1.4490046228717406
aifs,mag_0.003_layer_all,192.0,v_component_of_wind@500hPa,lower_mesoscale,1.4586104423301467
aifs,mag_0.003_layer_all,216.0,v_component_of_wind@500hPa,lower_mesoscale,1.4429281788916513
aifs,mag_0.003_layer_all,240.0,v_component_of_wind@500hPa,lower_mesoscale,1.42314880495439
aifs,mag_0.01_layer_all,0.0,v_component_of_wind@500hPa,planetary,5.288868557269556e-07
aifs,mag_0.01_layer_all,24.0,v_component_of_wind@500hPa,planetary,0.005729226922865319
aifs,mag_0.01_layer_all,48.0,v_component_of_wind@500hPa,planetary,0.013340360164927083
aifs,mag_0.01_layer_all,72.0,v_component_of_wind@500hPa,planetary,0.020239363997572472
aifs,mag_0.01_layer_all,96.0,v_component_of_wind@500hPa,planetary,0.03326430607263205
aifs,mag_0.01_layer_all,120.0,v_component_of_wind@500hPa,planetary,0.03639529364247527
aifs,mag_0.01_layer_all,144.0,v_component_of_wind@500hPa,planetary,0.05080472192247334
aifs,mag_0.01_layer_all,168.0,v_component_of_wind@500hPa,planetary,0.07204910054450206
aifs,mag_0.01_layer_all,192.0,v_component_of_wind@500hPa,planetary,0.09190398159466853
aifs,mag_0.01_layer_all,216.0,v_component_of_wind@500hPa,planetary,0.1297935325059229
aifs,mag_0.01_layer_all,240.0,v_component_of_wind@500hPa,planetary,0.10439426170850337
aifs,mag_0.01_layer_all,0.0,v_component_of_wind@500hPa,synoptic,1.973464870177687e-06
aifs,mag_0.01_layer_all,24.0,v_component_of_wind@500hPa,synoptic,0.09643397657386915
aifs,mag_0.01_layer_all,48.0,v_component_of_wind@500hPa,synoptic,0.17842318107267927
aifs,mag_0.01_layer_all,72.0,v_component_of_wind@500hPa,synoptic,0.21330570062546844
aifs,mag_0.01_layer_all,96.0,v_component_of_wind@500hPa,synoptic,0.2575379455615375
aifs,mag_0.01_layer_all,120.0,v_component_of_wind@500hPa,synoptic,0.26349646180411707
aifs,mag_0.01_layer_all,144.0,v_component_of_wind@500hPa,synoptic,0.2789746134361931
aifs,mag_0.01_layer_all,168.0,v_component_of_wind@500hPa,synoptic,0.2552838197841692
aifs,mag_0.01_layer_all,192.0,v_component_of_wind@500hPa,synoptic,0.2861240405197753
aifs,mag_0.01_layer_all,216.0,v_component_of_wind@500hPa,synoptic,0.3294097044021435
aifs,mag_0.01_layer_all,240.0,v_component_of_wind@500hPa,synoptic,0.33251976563199287
aifs,mag_0.01_layer_all,0.0,v_component_of_wind@500hPa,upper_mesoscale,5.6607711795530895e-06
aifs,mag_0.01_layer_all,24.0,v_component_of_wind@500hPa,upper_mesoscale,0.5484467015472392
aifs,mag_0.01_layer_all,48.0,v_component_of_wind@500hPa,upper_mesoscale,0.6991830745391778
aifs,mag_0.01_layer_all,72.0,v_component_of_wind@500hPa,upper_mesoscale,0.805080479754773
aifs,mag_0.01_layer_all,96.0,v_component_of_wind@500hPa,upper_mesoscale,0.8994131762560333
aifs,mag_0.01_layer_all,120.0,v_component_of_wind@500hPa,upper_mesoscale,0.9179643668992371
aifs,mag_0.01_layer_all,144.0,v_component_of_wind@500hPa,upper_mesoscale,0.9374268626380436
aifs,mag_0.01_layer_all,168.0,v_component_of_wind@500hPa,upper_mesoscale,0.9148012811278812
aifs,mag_0.01_layer_all,192.0,v_component_of_wind@500hPa,upper_mesoscale,0.9557151472634515
aifs,mag_0.01_layer_all,216.0,v_component_of_wind@500hPa,upper_mesoscale,0.9880398404209579
aifs,mag_0.01_layer_all,240.0,v_component_of_wind@500hPa,upper_mesoscale,0.9266967780979027
aifs,mag_0.01_layer_all,0.0,v_component_of_wind@500hPa,lower_mesoscale,0.04720815531516154
aifs,mag_0.01_layer_all,24.0,v_component_of_wind@500hPa,lower_mesoscale,1.3813434531756426
aifs,mag_0.01_layer_all,48.0,v_component_of_wind@500hPa,lower_mesoscale,1.390415352500306
aifs,mag_0.01_layer_all,72.0,v_component_of_wind@500hPa,lower_mesoscale,1.4053265980225689
aifs,mag_0.01_layer_all,96.0,v_component_of_wind@500hPa,lower_mesoscale,1.4354536409803151
aifs,mag_0.01_layer_all,120.0,v_component_of_wind@500hPa,lower_mesoscale,1.4366811675708167
aifs,mag_0.01_layer_all,144.0,v_component_of_wind@500hPa,lower_mesoscale,1.4203768483635006
aifs,mag_0.01_layer_all,168.0,v_component_of_wind@500hPa,lower_mesoscale,1.425788518115696
aifs,mag_0.01_layer_all,192.0,v_component_of_wind@500hPa,lower_mesoscale,1.4395390316631307
aifs,mag_0.01_layer_all,216.0,v_component_of_wind@500hPa,lower_mesoscale,1.4210210722904237
aifs,mag_0.01_layer_all,240.0,v_component_of_wind@500hPa,lower_mesoscale,1.4071257414912424
aifs,mag_0.03_layer_all,0.0,v_component_of_wind@500hPa,planetary,5.288868557269556e-07
aifs,mag_0.03_layer_all,24.0,v_component_of_wind@500hPa,planetary,0.009003013537755308
aifs,mag_0.03_layer_all,48.0,v_component_of_wind@500hPa,planetary,0.01325173752892335
aifs,mag_0.03_layer_all,72.0,v_component_of_wind@500hPa,planetary,0.022500356172606144
aifs,mag_0.03_layer_all,96.0,v_component_of_wind@500hPa,planetary,0.024182255553159875
aifs,mag_0.03_layer_all,120.0,v_component_of_wind@500hPa,planetary,0.03230497557581167
aifs,mag_0.03_layer_all,144.0,v_component_of_wind@500hPa,planetary,0.03579183007783642
aifs,mag_0.03_layer_all,168.0,v_component_of_wind@500hPa,planetary,0.09127580710623548
aifs,mag_0.03_layer_all,192.0,v_component_of_wind@500hPa,planetary,0.09088514882525633
aifs,mag_0.03_layer_all,216.0,v_component_of_wind@500hPa,planetary,0.10988038624405651
aifs,mag_0.03_layer_all,240.0,v_component_of_wind@500hPa,planetary,0.08648804457645749
aifs,mag_0.03_layer_all,0.0,v_component_of_wind@500hPa,synoptic,1.973464870177687e-06
aifs,mag_0.03_layer_all,24.0,v_component_of_wind@500hPa,synoptic,0.13139637304909535
aifs,mag_0.03_layer_all,48.0,v_component_of_wind@500hPa,synoptic,0.19140367267638075
aifs,mag_0.03_layer_all,72.0,v_component_of_wind@500hPa,synoptic,0.1925076750828037
aifs,mag_0.03_layer_all,96.0,v_component_of_wind@500hPa,synoptic,0.20741572918994322
aifs,mag_0.03_layer_all,120.0,v_component_of_wind@500hPa,synoptic,0.1814450061457704
aifs,mag_0.03_layer_all,144.0,v_component_of_wind@500hPa,synoptic,0.19611853175914606
aifs,mag_0.03_layer_all,168.0,v_component_of_wind@500hPa,synoptic,0.18240523551494073
aifs,mag_0.03_layer_all,192.0,v_component_of_wind@500hPa,synoptic,0.19485671950418668
aifs,mag_0.03_layer_all,216.0,v_component_of_wind@500hPa,synoptic,0.2340277275023393
aifs,mag_0.03_layer_all,240.0,v_component_of_wind@500hPa,synoptic,0.2362594123271403
aifs,mag_0.03_layer_all,0.0,v_component_of_wind@500hPa,upper_mesoscale,5.6607711795530895e-06
aifs,mag_0.03_layer_all,24.0,v_component_of_wind@500hPa,upper_mesoscale,0.5273159530672579
aifs,mag_0.03_layer_all,48.0,v_component_of_wind@500hPa,upper_mesoscale,0.5910814517715816
aifs,mag_0.03_layer_all,72.0,v_component_of_wind@500hPa,upper_mesoscale,0.6001754940791296
aifs,mag_0.03_layer_all,96.0,v_component_of_wind@500hPa,upper_mesoscale,0.5956602145144146
aifs,mag_0.03_layer_all,120.0,v_component_of_wind@500hPa,upper_mesoscale,0.5895244415684079
aifs,mag_0.03_layer_all,144.0,v_component_of_wind@500hPa,upper_mesoscale,0.5847626375062323
aifs,mag_0.03_layer_all,168.0,v_component_of_wind@500hPa,upper_mesoscale,0.5966927697610622
aifs,mag_0.03_layer_all,192.0,v_component_of_wind@500hPa,upper_mesoscale,0.6147042213998382
aifs,mag_0.03_layer_all,216.0,v_component_of_wind@500hPa,upper_mesoscale,0.6320070055696161
aifs,mag_0.03_layer_all,240.0,v_component_of_wind@500hPa,upper_mesoscale,0.6362077571262337
aifs,mag_0.03_layer_all,0.0,v_component_of_wind@500hPa,lower_mesoscale,0.04720815531516154
aifs,mag_0.03_layer_all,24.0,v_component_of_wind@500hPa,lower_mesoscale,1.3673784025383593
aifs,mag_0.03_layer_all,48.0,v_component_of_wind@500hPa,lower_mesoscale,1.3678678497430254
aifs,mag_0.03_layer_all,72.0,v_component_of_wind@500hPa,lower_mesoscale,1.3713182767271617
aifs,mag_0.03_layer_all,96.0,v_component_of_wind@500hPa,lower_mesoscale,1.392301466989283
aifs,mag_0.03_layer_all,120.0,v_component_of_wind@500hPa,lower_mesoscale,1.3962958130849898
aifs,mag_0.03_layer_all,144.0,v_component_of_wind@500hPa,lower_mesoscale,1.3778246283253965
aifs,mag_0.03_layer_all,168.0,v_component_of_wind@500hPa,lower_mesoscale,1.3764208938430536
aifs,mag_0.03_layer_all,192.0,v_component_of_wind@500hPa,lower_mesoscale,1.3850009629707023
aifs,mag_0.03_layer_all,216.0,v_component_of_wind@500hPa,lower_mesoscale,1.372189633227149
aifs,mag_0.03_layer_all,240.0,v_component_of_wind@500hPa,lower_mesoscale,1.3644240174173319
aurora,mag_0_layer_all,0.0,v_component_of_wind@850hPa,planetary,6.368986222014902e-08
aurora,mag_0_layer_all,24.0,v_component_of_wind@850hPa,planetary,0.010543482542402206
aurora,mag_0_layer_all,48.0,v_component_of_wind@850hPa,planetary,0.01847936672345771
aurora,mag_0_layer_all,72.0,v_component_of_wind@850hPa,planetary,0.026585343644924216
aurora,mag_0_layer_all,96.0,v_component_of_wind@850hPa,planetary,0.053504430319348054
aurora,mag_0_layer_all,120.0,v_component_of_wind@850hPa,planetary,0.040830040550823926
aurora,mag_0_layer_all,144.0,v_component_of_wind@850hPa,planetary,0.04838883869036707
aurora,mag_0_layer_all,168.0,v_component_of_wind@850hPa,planetary,0.04486053499463265
aurora,mag_0_layer_all,192.0,v_component_of_wind@850hPa,planetary,0.09527721210533537
aurora,mag_0_layer_all,216.0,v_component_of_wind@850hPa,planetary,0.16050901220461386
aurora,mag_0_layer_all,240.0,v_component_of_wind@850hPa,planetary,0.14396423271635145
aurora,mag_0_layer_all,0.0,v_component_of_wind@850hPa,synoptic,3.042449916022804e-07
aurora,mag_0_layer_all,24.0,v_component_of_wind@850hPa,synoptic,0.03631601688145424
aurora,mag_0_layer_all,48.0,v_component_of_wind@850hPa,synoptic,0.04368948543152032
aurora,mag_0_layer_all,72.0,v_component_of_wind@850hPa,synoptic,0.06371868810589114
aurora,mag_0_layer_all,96.0,v_component_of_wind@850hPa,synoptic,0.07250697378688341
aurora,mag_0_layer_all,120.0,v_component_of_wind@850hPa,synoptic,0.06490427667433872
aurora,mag_0_layer_all,144.0,v_component_of_wind@850hPa,synoptic,0.07205018021282669
aurora,mag_0_layer_all,168.0,v_component_of_wind@850hPa,synoptic,0.09288683883847586
aurora,mag_0_layer_all,192.0,v_component_of_wind@850hPa,synoptic,0.09195360861050535
aurora,mag_0_layer_all,216.0,v_component_of_wind@850hPa,synoptic,0.07977536013306918
aurora,mag_0_layer_all,240.0,v_component_of_wind@850hPa,synoptic,0.0960203356310026
aurora,mag_0_layer_all,0.0,v_component_of_wind@850hPa,upper_mesoscale,1.8770552686628043e-06
aurora,mag_0_layer_all,24.0,v_component_of_wind@850hPa,upper_mesoscale,0.15065016634761524
aurora,mag_0_layer_all,48.0,v_component_of_wind@850hPa,upper_mesoscale,0.1716514387992301
aurora,mag_0_layer_all,72.0,v_component_of_wind@850hPa,upper_mesoscale,0.17387753091249894
aurora,mag_0_layer_all,96.0,v_component_of_wind@850hPa,upper_mesoscale,0.1643945135131449
aurora,mag_0_layer_all,120.0,v_component_of_wind@850hPa,upper_mesoscale,0.16790786437373467
aurora,mag_0_layer_all,144.0,v_component_of_wind@850hPa,upper_mesoscale,0.16325812027153114
aurora,mag_0_layer_all,168.0,v_component_of_wind@850hPa,upper_mesoscale,0.15145106756995586
aurora,mag_0_layer_all,192.0,v_component_of_wind@850hPa,upper_mesoscale,0.17792499228894787
aurora,mag_0_layer_all,216.0,v_component_of_wind@850hPa,upper_mesoscale,0.16783045910416353
aurora,mag_0_layer_all,240.0,v_component_of_wind@850hPa,upper_mesoscale,0.18428550158531984
aurora,mag_0_layer_all,0.0,v_component_of_wind@850hPa,lower_mesoscale,0.027007768782903036
aurora,mag_0_layer_all,24.0,v_component_of_wind@850hPa,lower_mesoscale,1.6390418788507872
aurora,mag_0_layer_all,48.0,v_component_of_wind@850hPa,lower_mesoscale,1.6569513238879918
aurora,mag_0_layer_all,72.0,v_component_of_wind@850hPa,lower_mesoscale,1.6216416119437613
aurora,mag_0_layer_all,96.0,v_component_of_wind@850hPa,lower_mesoscale,1.6444917597045074
aurora,mag_0_layer_all,120.0,v_component_of_wind@850hPa,lower_mesoscale,1.61680256885028
aurora,mag_0_layer_all,144.0,v_component_of_wind@850hPa,lower_mesoscale,1.6205817889722396
aurora,mag_0_layer_all,168.0,v_component_of_wind@850hPa,lower_mesoscale,1.6480394784273678
aurora,mag_0_layer_all,192.0,v_component_of_wind@850hPa,lower_mesoscale,1.6177874758978301
aurora,mag_0_layer_all,216.0,v_component_of_wind@850hPa,lower_mesoscale,1.6151253440685658
aurora,mag_0_layer_all,240.0,v_component_of_wind@850hPa,lower_mesoscale,1.6188003300887872
aurora,mag_0.001_layer_all,0.0,v_component_of_wind@850hPa,planetary,6.368986222014902e-08
aurora,mag_0.001_layer_all,24.0,v_component_of_wind@850hPa,planetary,0.010419948846698262
aurora,mag_0.001_layer_all,48.0,v_component_of_wind@850hPa,planetary,0.018384723723944812
aurora,mag_0.001_layer_all,72.0,v_component_of_wind@850hPa,planetary,0.02644728604876532
aurora,mag_0.001_layer_all,96.0,v_component_of_wind@850hPa,planetary,0.05304691967638038
aurora,mag_0.001_layer_all,120.0,v_component_of_wind@850hPa,planetary,0.04048910166647548
aurora,mag_0.001_layer_all,144.0,v_component_of_wind@850hPa,planetary,0.04826198581403567
aurora,mag_0.001_layer_all,168.0,v_component_of_wind@850hPa,planetary,0.044973215476016286
aurora,mag_0.001_layer_all,192.0,v_component_of_wind@850hPa,planetary,0.09398688040380367
aurora,mag_0.001_layer_all,216.0,v_component_of_wind@850hPa,planetary,0.1610126970501
aurora,mag_0.001_layer_all,240.0,v_component_of_wind@850hPa,planetary,0.1420717279969868
aurora,mag_0.001_layer_all,0.0,v_component_of_wind@850hPa,synoptic,3.0424499158814974e-07
aurora,mag_0.001_layer_all,24.0,v_component_of_wind@850hPa,synoptic,0.0362606823043972
aurora,mag_0.001_layer_all,48.0,v_component_of_wind@850hPa,synoptic,0.043719083666859844
aurora,mag_0.001_layer_all,72.0,v_component_of_wind@850hPa,synoptic,0.06365266707046753
aurora,mag_0.001_layer_all,96.0,v_component_of_wind@850hPa,synoptic,0.07251915484892113
aurora,mag_0.001_layer_all,120.0,v_component_of_wind@850hPa,synoptic,0.06453471225667931
aurora,mag_0.001_layer_all,144.0,v_component_of_wind@850hPa,synoptic,0.0711866611114926
aurora,mag_0.001_layer_all,168.0,v_component_of_wind@850hPa,synoptic,0.09178819260969392
aurora,mag_0.001_layer_all,192.0,v_component_of_wind@850hPa,synoptic,0.09080350504033954
aurora,mag_0.001_layer_all,216.0,v_component_of_wind@850hPa,synoptic,0.07845509898250456
aurora,mag_0.001_layer_all,240.0,v_component_of_wind@850hPa,synoptic,0.08771619754079549
aurora,mag_0.001_layer_all,0.0,v_component_of_wind@850hPa,upper_mesoscale,1.8770552686472786e-06
aurora,mag_0.001_layer_all,24.0,v_component_of_wind@850hPa,upper_mesoscale,0.15053826911629767
aurora,mag_0.001_layer_all,48.0,v_component_of_wind@850hPa,upper_mesoscale,0.17140407379097816
aurora,mag_0.001_layer_all,72.0,v_component_of_wind@850hPa,upper_mesoscale,0.17350350099706968
aurora,mag_0.001_layer_all,96.0,v_component_of_wind@850hPa,upper_mesoscale,0.1646152981694341
aurora,mag_0.001_layer_all,120.0,v_component_of_wind@850hPa,upper_mesoscale,0.16754759510308173
aurora,mag_0.001_layer_all,144.0,v_component_of_wind@850hPa,upper_mesoscale,0.1625119800990843
aurora,mag_0.001_layer_all,168.0,v_component_of_wind@850hPa,upper_mesoscale,0.15049414544045198
aurora,mag_0.001_layer_all,192.0,v_component_of_wind@850hPa,upper_mesoscale,0.17644504323097265
aurora,mag_0.001_layer_all,216.0,v_component_of_wind@850hPa,upper_mesoscale,0.1674423699973508
aurora,mag_0.001_layer_all,240.0,v_component_of_wind@850hPa,upper_mesoscale,0.18291130383000823
aurora,mag_0.001_layer_all,0.0,v_component_of_wind@850hPa,lower_mesoscale,0.02700776878290303
aurora,mag_0.001_layer_all,24.0,v_component_of_wind@850hPa,lower_mesoscale,1.6393105322850605
aurora,mag_0.001_layer_all,48.0,v_component_of_wind@850hPa,lower_mesoscale,1.6572843314484098
aurora,mag_0.001_layer_all,72.0,v_component_of_wind@850hPa,lower_mesoscale,1.6219663320551418
aurora,mag_0.001_layer_all,96.0,v_component_of_wind@850hPa,lower_mesoscale,1.644371108742201
aurora,mag_0.001_layer_all,120.0,v_component_of_wind@850hPa,lower_mesoscale,1.6173564265938467
aurora,mag_0.001_layer_all,144.0,v_component_of_wind@850hPa,lower_mesoscale,1.6215826734750087
aurora,mag_0.001_layer_all,168.0,v_component_of_wind@850hPa,lower_mesoscale,1.647968113067505
aurora,mag_0.001_layer_all,192.0,v_component_of_wind@850hPa,lower_mesoscale,1.6181391170244093
aurora,mag_0.001_layer_all,216.0,v_component_of_wind@850hPa,lower_mesoscale,1.6138315608079081
aurora,mag_0.001_layer_all,240.0,v_component_of_wind@850hPa,lower_mesoscale,1.6191378200677038
aurora,mag_0.003_layer_all,0.0,v_component_of_wind@850hPa,planetary,6.368986222014902e-08
aurora,mag_0.003_layer_all,24.0,v_component_of_wind@850hPa,planetary,0.010337130004051426
aurora,mag_0.003_layer_all,48.0,v_component_of_wind@850hPa,planetary,0.018307754832504516
aurora,mag_0.003_layer_all,72.0,v_component_of_wind@850hPa,planetary,0.02642606662899561
aurora,mag_0.003_layer_all,96.0,v_component_of_wind@850hPa,planetary,0.052305794671940034
aurora,mag_0.003_layer_all,120.0,v_component_of_wind@850hPa,planetary,0.03949081088799292
aurora,mag_0.003_layer_all,144.0,v_component_of_wind@850hPa,planetary,0.04605069710481942
aurora,mag_0.003_layer_all,168.0,v_component_of_wind@850hPa,planetary,0.04584924264880597
aurora,mag_0.003_layer_all,192.0,v_component_of_wind@850hPa,planetary,0.08982221782517812
aurora,mag_0.003_layer_all,216.0,v_component_of_wind@850hPa,planetary,0.15920071473549907
aurora,mag_0.003_layer_all,240.0,v_component_of_wind@850hPa,planetary,0.12699805490659086
aurora,mag_0.003_layer_all,0.0,v_component_of_wind@850hPa,synoptic,3.0424499158814974e-07
aurora,mag_0.003_layer_all,24.0,v_component_of_wind@850hPa,synoptic,0.03622289391940601
aurora,mag_0.003_layer_all,48.0,v_component_of_wind@850hPa,synoptic,0.04370877300483987
aurora,mag_0.003_layer_all,72.0,v_component_of_wind@850hPa,synoptic,0.06365983969916894
aurora,mag_0.003_layer_all,96.0,v_component_of_wind@850hPa,synoptic,0.07288155797961543
aurora,mag_0.003_layer_all,120.0,v_component_of_wind@850hPa,synoptic,0.06392268962139724
aurora,mag_0.003_layer_all,144.0,v_component_of_wind@850hPa,synoptic,0.06830754190141397
aurora,mag_0.003_layer_all,168.0,v_component_of_wind@850hPa,synoptic,0.08910403352577707
aurora,mag_0.003_layer_all,192.0,v_component_of_wind@850hPa,synoptic,0.08616722467498356
aurora,mag_0.003_layer_all,216.0,v_component_of_wind@850hPa,synoptic,0.07216643006524172
aurora,mag_0.003_layer_all,240.0,v_component_of_wind@850hPa,synoptic,0.0803123986142232
aurora,mag_0.003_layer_all,0.0,v_component_of_wind@850hPa,upper_mesoscale,1.8770552686472786e-06
aurora,mag_0.003_layer_all,24.0,v_component_of_wind@850hPa,upper_mesoscale,0.15036757770333745
aurora,mag_0.003_layer_all,48.0,v_component_of_wind@850hPa,upper_mesoscale,0.17109884950740523
aurora,mag_0.003_layer_all,72.0,v_component_of_wind@850hPa,upper_mesoscale,0.17284606137931843
aurora,mag_0.003_layer_all,96.0,v_component_of_wind@850hPa,upper_mesoscale,0.1642846195691473
aurora,mag_0.003_layer_all,120.0,v_component_of_wind@850hPa,upper_mesoscale,0.1662865430447427
aurora,mag_0.003_layer_all,144.0,v_component_of_wind@850hPa,upper_mesoscale,0.16112682044368135
aurora,mag_0.003_layer_all,168.0,v_component_of_wind@850hPa,upper_mesoscale,0.14857621159708775
aurora,mag_0.003_layer_all,192.0,v_component_of_wind@850hPa,upper_mesoscale,0.17762137301360034
aurora,mag_0.003_layer_all,216.0,v_component_of_wind@850hPa,upper_mesoscale,0.15939290053978275
aurora,mag_0.003_layer_all,240.0,v_component_of_wind@850hPa,upper_mesoscale,0.17845557321588493
aurora,mag_0.003_layer_all,0.0,v_component_of_wind@850hPa,lower_mesoscale,0.02700776878290303
aurora,mag_0.003_layer_all,24.0,v_component_of_wind@850hPa,lower_mesoscale,1.641879080684896
aurora,mag_0.003_layer_all,48.0,v_component_of_wind@850hPa,lower_mesoscale,1.6601364421024554
aurora,mag_0.003_layer_all,72.0,v_component_of_wind@850hPa,lower_mesoscale,1.6249349599557994
aurora,mag_0.003_layer_all,96.0,v_component_of_wind@850hPa,lower_mesoscale,1.6467537981421416
aurora,mag_0.003_layer_all,120.0,v_component_of_wind@850hPa,lower_mesoscale,1.6205112770029715
aurora,mag_0.003_layer_all,144.0,v_component_of_wind@850hPa,lower_mesoscale,1.624481392607136
aurora,mag_0.003_layer_all,168.0,v_component_of_wind@850hPa,lower_mesoscale,1.6499486610903393
aurora,mag_0.003_layer_all,192.0,v_component_of_wind@850hPa,lower_mesoscale,1.6195666279419105
aurora,mag_0.003_layer_all,216.0,v_component_of_wind@850hPa,lower_mesoscale,1.6158784720630015
aurora,mag_0.003_layer_all,240.0,v_component_of_wind@850hPa,lower_mesoscale,1.6220857906685524
aurora,mag_0.01_layer_all,0.0,v_component_of_wind@850hPa,planetary,6.368986222014902e-08
aurora,mag_0.01_layer_all,24.0,v_component_of_wind@850hPa,planetary,0.010301414550588242
aurora,mag_0.01_layer_all,48.0,v_component_of_wind@850hPa,planetary,0.0185472292434147
aurora,mag_0.01_layer_all,72.0,v_component_of_wind@850hPa,planetary,0.027160933738526835
aurora,mag_0.01_layer_all,96.0,v_component_of_wind@850hPa,planetary,0.04931693397075562
aurora,mag_0.01_layer_all,120.0,v_component_of_wind@850hPa,planetary,0.038381030111663945
aurora,mag_0.01_layer_all,144.0,v_component_of_wind@850hPa,planetary,0.03718684110899346
aurora,mag_0.01_layer_all,168.0,v_component_of_wind@850hPa,planetary,0.048888569337425046
aurora,mag_0.01_layer_all,192.0,v_component_of_wind@850hPa,planetary,0.0765030663490109
aurora,mag_0.01_layer_all,216.0,v_component_of_wind@850hPa,planetary,0.13521332889292506
aurora,mag_0.01_layer_all,240.0,v_component_of_wind@850hPa,planetary,0.11856536413411205
aurora,mag_0.01_layer_all,0.0,v_component_of_wind@850hPa,synoptic,3.0424499158814974e-07
aurora,mag_0.01_layer_all,24.0,v_component_of_wind@850hPa,synoptic,0.036496062849385655
aurora,mag_0.01_layer_all,48.0,v_component_of_wind@850hPa,synoptic,0.04429705042793854
aurora,mag_0.01_layer_all,72.0,v_component_of_wind@850hPa,synoptic,0.064351000764207
aurora,mag_0.01_layer_all,96.0,v_component_of_wind@850hPa,synoptic,0.0739232526368999
aurora,mag_0.01_layer_all,120.0,v_component_of_wind@850hPa,synoptic,0.061913401121735614
aurora,mag_0.01_layer_all,144.0,v_component_of_wind@850hPa,synoptic,0.0635470406511345
aurora,mag_0.01_layer_all,168.0,v_component_of_wind@850hPa,synoptic,0.08455254757494028
aurora,mag_0.01_layer_all,192.0,v_component_of_wind@850hPa,synoptic,0.08361289602693936
aurora,mag_0.01_layer_all,216.0,v_component_of_wind@850hPa,synoptic,0.0850589255420444
aurora,mag_0.01_layer_all,240.0,v_component_of_wind@850hPa,synoptic,0.08671855700406762
aurora,mag_0.01_layer_all,0.0,v_component_of_wind@850hPa,upper_mesoscale,1.8770552686472786e-06
aurora,mag_0.01_layer_all,24.0,v_component_of_wind@850hPa,upper_mesoscale,0.15046766567716735
aurora,mag_0.01_layer_all,48.0,v_component_of_wind@850hPa,upper_mesoscale,0.17087412602093374
aurora,mag_0.01_layer_all,72.0,v_component_of_wind@850hPa,upper_mesoscale,0.1728066525169555
aurora,mag_0.01_layer_all,96.0,v_component_of_wind@850hPa,upper_mesoscale,0.1624092133724788
aurora,mag_0.01_layer_all,120.0,v_component_of_wind@850hPa,upper_mesoscale,0.16247697457661042
aurora,mag_0.01_layer_all,144.0,v_component_of_wind@850hPa,upper_mesoscale,0.15847212264138577
aurora,mag_0.01_layer_all,168.0,v_component_of_wind@850hPa,upper_mesoscale,0.14828088080661103
aurora,mag_0.01_layer_all,192.0,v_component_of_wind@850hPa,upper_mesoscale,0.17758550528186054
aurora,mag_0.01_layer_all,216.0,v_component_of_wind@850hPa,upper_mesoscale,0.1608516569448062
aurora,mag_0.01_layer_all,240.0,v_component_of_wind@850hPa,upper_mesoscale,0.18031343527718618
aurora,mag_0.01_layer_all,0.0,v_component_of_wind@850hPa,lower_mesoscale,0.02700776878290303
aurora,mag_0.01_layer_all,24.0,v_component_of_wind@850hPa,lower_mesoscale,1.6630356075202377
aurora,mag_0.01_layer_all,48.0,v_component_of_wind@850hPa,lower_mesoscale,1.6822920262921126
aurora,mag_0.01_layer_all,72.0,v_component_of_wind@850hPa,lower_mesoscale,1.6480539836991484
aurora,mag_0.01_layer_all,96.0,v_component_of_wind@850hPa,lower_mesoscale,1.6705865850627666
aurora,mag_0.01_layer_all,120.0,v_component_of_wind@850hPa,lower_mesoscale,1.642835972011013
aurora,mag_0.01_layer_all,144.0,v_component_of_wind@850hPa,lower_mesoscale,1.646224966149758
aurora,mag_0.01_layer_all,168.0,v_component_of_wind@850hPa,lower_mesoscale,1.6719330167220772
aurora,mag_0.01_layer_all,192.0,v_component_of_wind@850hPa,lower_mesoscale,1.6405861788357143
aurora,mag_0.01_layer_all,216.0,v_component_of_wind@850hPa,lower_mesoscale,1.6360295549390589
aurora,mag_0.01_layer_all,240.0,v_component_of_wind@850hPa,lower_mesoscale,1.6438216381973272
aurora,mag_0.03_layer_all,0.0,v_component_of_wind@850hPa,planetary,6.368986222014902e-08
aurora,mag_0.03_layer_all,24.0,v_component_of_wind@850hPa,planetary,0.01256277300831299
aurora,mag_0.03_layer_all,48.0,v_component_of_wind@850hPa,planetary,0.023150106478363665
aurora,mag_0.03_layer_all,72.0,v_component_of_wind@850hPa,planetary,0.036669704266832664
aurora,mag_0.03_layer_all,96.0,v_component_of_wind@850hPa,planetary,0.04904781269914102
aurora,mag_0.03_layer_all,120.0,v_component_of_wind@850hPa,planetary,0.049853047503157354
aurora,mag_0.03_layer_all,144.0,v_component_of_wind@850hPa,planetary,0.04155997934206665
aurora,mag_0.03_layer_all,168.0,v_component_of_wind@850hPa,planetary,0.055794654315688086
aurora,mag_0.03_layer_all,192.0,v_component_of_wind@850hPa,planetary,0.10877950874361676
aurora,mag_0.03_layer_all,216.0,v_component_of_wind@850hPa,planetary,0.14718093728345713
aurora,mag_0.03_layer_all,240.0,v_component_of_wind@850hPa,planetary,0.11403982425373571
aurora,mag_0.03_layer_all,0.0,v_component_of_wind@850hPa,synoptic,3.0424499158814974e-07
aurora,mag_0.03_layer_all,24.0,v_component_of_wind@850hPa,synoptic,0.04091702176636718
aurora,mag_0.03_layer_all,48.0,v_component_of_wind@850hPa,synoptic,0.05119628325789641
aurora,mag_0.03_layer_all,72.0,v_component_of_wind@850hPa,synoptic,0.07459186090647281
aurora,mag_0.03_layer_all,96.0,v_component_of_wind@850hPa,synoptic,0.08451002587736263
aurora,mag_0.03_layer_all,120.0,v_component_of_wind@850hPa,synoptic,0.07984917340465982
aurora,mag_0.03_layer_all,144.0,v_component_of_wind@850hPa,synoptic,0.07379308922502109
aurora,mag_0.03_layer_all,168.0,v_component_of_wind@850hPa,synoptic,0.09589502767799897
aurora,mag_0.03_layer_all,192.0,v_component_of_wind@850hPa,synoptic,0.10872297987956045
aurora,mag_0.03_layer_all,216.0,v_component_of_wind@850hPa,synoptic,0.119835425687853
aurora,mag_0.03_layer_all,240.0,v_component_of_wind@850hPa,synoptic,0.09497662514171389
aurora,mag_0.03_layer_all,0.0,v_component_of_wind@850hPa,upper_mesoscale,1.8770552686472786e-06
aurora,mag_0.03_layer_all,24.0,v_component_of_wind@850hPa,upper_mesoscale,0.15580716473259298
aurora,mag_0.03_layer_all,48.0,v_component_of_wind@850hPa,upper_mesoscale,0.17904519646994677
aurora,mag_0.03_layer_all,72.0,v_component_of_wind@850hPa,upper_mesoscale,0.17404979740387005
aurora,mag_0.03_layer_all,96.0,v_component_of_wind@850hPa,upper_mesoscale,0.1721493915362443
aurora,mag_0.03_layer_all,120.0,v_component_of_wind@850hPa,upper_mesoscale,0.17689219437917783
aurora,mag_0.03_layer_all,144.0,v_component_of_wind@850hPa,upper_mesoscale,0.1745146514690962
aurora,mag_0.03_layer_all,168.0,v_component_of_wind@850hPa,upper_mesoscale,0.16705496791694044
aurora,mag_0.03_layer_all,192.0,v_component_of_wind@850hPa,upper_mesoscale,0.20983356018892285
aurora,mag_0.03_layer_all,216.0,v_component_of_wind@850hPa,upper_mesoscale,0.1917859262882297
aurora,mag_0.03_layer_all,240.0,v_component_of_wind@850hPa,upper_mesoscale,0.2061908400328466
aurora,mag_0.03_layer_all,0.0,v_component_of_wind@850hPa,lower_mesoscale,0.02700776878290303
aurora,mag_0.03_layer_all,24.0,v_component_of_wind@850hPa,lower_mesoscale,1.7441747148985522
aurora,mag_0.03_layer_all,48.0,v_component_of_wind@850hPa,lower_mesoscale,1.765366643012885
aurora,mag_0.03_layer_all,72.0,v_component_of_wind@850hPa,lower_mesoscale,1.7321414991251995
aurora,mag_0.03_layer_all,96.0,v_component_of_wind@850hPa,lower_mesoscale,1.757259089452753
aurora,mag_0.03_layer_all,120.0,v_component_of_wind@850hPa,lower_mesoscale,1.7261654327604028
aurora,mag_0.03_layer_all,144.0,v_component_of_wind@850hPa,lower_mesoscale,1.7272118422726963
aurora,mag_0.03_layer_all,168.0,v_component_of_wind@850hPa,lower_mesoscale,1.752732850104808
aurora,mag_0.03_layer_all,192.0,v_component_of_wind@850hPa,lower_mesoscale,1.717983979075521
aurora,mag_0.03_layer_all,216.0,v_component_of_wind@850hPa,lower_mesoscale,1.7129194121694002
aurora,mag_0.03_layer_all,240.0,v_component_of_wind@850hPa,lower_mesoscale,1.7226744299692718
aurora,mag_0.1_layer_all,0.0,v_component_of_wind@850hPa,planetary,6.368986222014902e-08
aurora,mag_0.1_layer_all,24.0,v_component_of_wind@850hPa,planetary,0.059347656828960496
aurora,mag_0.1_layer_all,48.0,v_component_of_wind@850hPa,planetary,0.09394145413452987
aurora,mag_0.1_layer_all,72.0,v_component_of_wind@850hPa,planetary,0.12217820711989245
aurora,mag_0.1_layer_all,96.0,v_component_of_wind@850hPa,planetary,0.12812638620870775
aurora,mag_0.1_layer_all,120.0,v_component_of_wind@850hPa,planetary,0.12111229547731113
aurora,mag_0.1_layer_all,144.0,v_component_of_wind@850hPa,planetary,0.13579227529369414
aurora,mag_0.1_layer_all,168.0,v_component_of_wind@850hPa,planetary,0.16006791142838178
aurora,mag_0.1_layer_all,192.0,v_component_of_wind@850hPa,planetary,0.21164336749061288
aurora,mag_0.1_layer_all,216.0,v_component_of_wind@850hPa,planetary,0.2173068261814098
aurora,mag_0.1_layer_all,240.0,v_component_of_wind@850hPa,planetary,0.17730580928979364
aurora,mag_0.1_layer_all,0.0,v_component_of_wind@850hPa,synoptic,3.0424499158814974e-07
aurora,mag_0.1_layer_all,24.0,v_component_of_wind@850hPa,synoptic,0.1289487630449572
aurora,mag_0.1_layer_all,48.0,v_component_of_wind@850hPa,synoptic,0.16693655016928927
aurora,mag_0.1_layer_all,72.0,v_component_of_wind@850hPa,synoptic,0.16621502505975105
aurora,mag_0.1_layer_all,96.0,v_component_of_wind@850hPa,synoptic,0.21601429843150646
aurora,mag_0.1_layer_all,120.0,v_component_of_wind@850hPa,synoptic,0.20603694259504907
aurora,mag_0.1_layer_all,144.0,v_component_of_wind@850hPa,synoptic,0.1792758417145804
aurora,mag_0.1_layer_all,168.0,v_component_of_wind@850hPa,synoptic,0.19653084880295804
aurora,mag_0.1_layer_all,192.0,v_component_of_wind@850hPa,synoptic,0.22648212306198567
aurora,mag_0.1_layer_all,216.0,v_component_of_wind@850hPa,synoptic,0.24794907048838197
aurora,mag_0.1_layer_all,240.0,v_component_of_wind@850hPa,synoptic,0.22833394360192572
aurora,mag_0.1_layer_all,0.0,v_component_of_wind@850hPa,upper_mesoscale,1.8770552686472786e-06
aurora,mag_0.1_layer_all,24.0,v_component_of_wind@850hPa,upper_mesoscale,0.22305734324023363
aurora,mag_0.1_layer_all,48.0,v_component_of_wind@850hPa,upper_mesoscale,0.27243702716387125
aurora,mag_0.1_layer_all,72.0,v_component_of_wind@850hPa,upper_mesoscale,0.2586459195547966
aurora,mag_0.1_layer_all,96.0,v_component_of_wind@850hPa,upper_mesoscale,0.2682679553748914
aurora,mag_0.1_layer_all,120.0,v_component_of_wind@850hPa,upper_mesoscale,0.278717347098223
aurora,mag_0.1_layer_all,144.0,v_component_of_wind@850hPa,upper_mesoscale,0.26542047137793195
aurora,mag_0.1_layer_all,168.0,v_component_of_wind@850hPa,upper_mesoscale,0.25621820139972556
aurora,mag_0.1_layer_all,192.0,v_component_of_wind@850hPa,upper_mesoscale,0.3101339631700522
aurora,mag_0.1_layer_all,216.0,v_component_of_wind@850hPa,upper_mesoscale,0.28830725375562166
aurora,mag_0.1_layer_all,240.0,v_component_of_wind@850hPa,upper_mesoscale,0.3077675285363679
aurora,mag_0.1_layer_all,0.0,v_component_of_wind@850hPa,lower_mesoscale,0.02700776878290303
aurora,mag_0.1_layer_all,24.0,v_component_of_wind@850hPa,lower_mesoscale,2.0122919143968345
aurora,mag_0.1_layer_all,48.0,v_component_of_wind@850hPa,lower_mesoscale,2.0484324364026496
aurora,mag_0.1_layer_all,72.0,v_component_of_wind@850hPa,lower_mesoscale,2.034447207440251
aurora,mag_0.1_layer_all,96.0,v_component_of_wind@850hPa,lower_mesoscale,2.065835987765003
aurora,mag_0.1_layer_all,120.0,v_component_of_wind@850hPa,lower_mesoscale,2.035432518158701
aurora,mag_0.1_layer_all,144.0,v_component_of_wind@850hPa,lower_mesoscale,2.031887967115978
aurora,mag_0.1_layer_all,168.0,v_component_of_wind@850hPa,lower_mesoscale,2.0636717185981377
aurora,mag_0.1_layer_all,192.0,v_component_of_wind@850hPa,lower_mesoscale,2.0261573403528756
aurora,mag_0.1_layer_all,216.0,v_component_of_wind@850hPa,lower_mesoscale,2.023457301467618
aurora,mag_0.1_layer_all,240.0,v_component_of_wind@850hPa,lower_mesoscale,2.029615037346999
graphcast_operational,mag_0_layer_all,0.0,v_component_of_wind@850hPa,planetary,6.368986222014902e-08
graphcast_operational,mag_0_layer_all,24.0,v_component_of_wind@850hPa,planetary,0.010757873886874091
graphcast_operational,mag_0_layer_all,48.0,v_component_of_wind@850hPa,planetary,0.012810069555519414
graphcast_operational,mag_0_layer_all,72.0,v_component_of_wind@850hPa,planetary,0.020435134367247722
graphcast_operational,mag_0_layer_all,96.0,v_component_of_wind@850hPa,planetary,0.044230720259465714
graphcast_operational,mag_0_layer_all,120.0,v_component_of_wind@850hPa,planetary,0.06395672045199569
graphcast_operational,mag_0_layer_all,144.0,v_component_of_wind@850hPa,planetary,0.07528167615435136
graphcast_operational,mag_0_layer_all,168.0,v_component_of_wind@850hPa,planetary,0.08558783285250557
graphcast_operational,mag_0_layer_all,192.0,v_component_of_wind@850hPa,planetary,0.11848829334480596
graphcast_operational,mag_0_layer_all,216.0,v_component_of_wind@850hPa,planetary,0.12817048694683414
graphcast_operational,mag_0_layer_all,240.0,v_component_of_wind@850hPa,planetary,0.18163602232365234
graphcast_operational,mag_0_layer_all,0.0,v_component_of_wind@850hPa,synoptic,3.042449916022804e-07
graphcast_operational,mag_0_layer_all,24.0,v_component_of_wind@850hPa,synoptic,0.0850327334034405
graphcast_operational,mag_0_layer_all,48.0,v_component_of_wind@850hPa,synoptic,0.11469927786033428
graphcast_operational,mag_0_layer_all,72.0,v_component_of_wind@850hPa,synoptic,0.1425121805178785
graphcast_operational,mag_0_layer_all,96.0,v_component_of_wind@850hPa,synoptic,0.17224328980692424
graphcast_operational,mag_0_layer_all,120.0,v_component_of_wind@850hPa,synoptic,0.1626451488153126
graphcast_operational,mag_0_layer_all,144.0,v_component_of_wind@850hPa,synoptic,0.19098093242099423
graphcast_operational,mag_0_layer_all,168.0,v_component_of_wind@850hPa,synoptic,0.1724502795166138
graphcast_operational,mag_0_layer_all,192.0,v_component_of_wind@850hPa,synoptic,0.21977553399832603
graphcast_operational,mag_0_layer_all,216.0,v_component_of_wind@850hPa,synoptic,0.20528051954858967
graphcast_operational,mag_0_layer_all,240.0,v_component_of_wind@850hPa,synoptic,0.18842974274872965
graphcast_operational,mag_0_layer_all,0.0,v_component_of_wind@850hPa,upper_mesoscale,1.8770552686628043e-06
graphcast_operational,mag_0_layer_all,24.0,v_component_of_wind@850hPa,upper_mesoscale,0.30485854067170826
graphcast_operational,mag_0_layer_all,48.0,v_component_of_wind@850hPa,upper_mesoscale,0.35825950336380674
graphcast_operational,mag_0_layer_all,72.0,v_component_of_wind@850hPa,upper_mesoscale,0.4021807592874597
graphcast_operational,mag_0_layer_all,96.0,v_component_of_wind@850hPa,upper_mesoscale,0.4172397956208953
graphcast_operational,mag_0_layer_all,120.0,v_component_of_wind@850hPa,upper_mesoscale,0.4329481516116424
graphcast_operational,mag_0_layer_all,144.0,v_component_of_wind@850hPa,upper_mesoscale,0.4511660323203874
graphcast_operational,mag_0_layer_all,168.0,v_component_of_wind@850hPa,upper_mesoscale,0.4282432694472945
graphcast_operational,mag_0_layer_all,192.0,v_component_of_wind@850hPa,upper_mesoscale,0.4713669590266211
graphcast_operational,mag_0_layer_all,216.0,v_component_of_wind@850hPa,upper_mesoscale,0.42358335787537765
graphcast_operational,mag_0_layer_all,240.0,v_component_of_wind@850hPa,upper_mesoscale,0.4526627942843513
graphcast_operational,mag_0_layer_all,0.0,v_component_of_wind@850hPa,lower_mesoscale,0.027007768782903036
graphcast_operational,mag_0_layer_all,24.0,v_component_of_wind@850hPa,lower_mesoscale,1.513710240498757
graphcast_operational,mag_0_layer_all,48.0,v_component_of_wind@850hPa,lower_mesoscale,1.5387704896404046
graphcast_operational,mag_0_layer_all,72.0,v_component_of_wind@850hPa,lower_mesoscale,1.5112042390914615
graphcast_operational,mag_0_layer_all,96.0,v_component_of_wind@850hPa,lower_mesoscale,1.5312793252212344
graphcast_operational,mag_0_layer_all,120.0,v_component_of_wind@850hPa,lower_mesoscale,1.5065878252377034
graphcast_operational,mag_0_layer_all,144.0,v_component_of_wind@850hPa,lower_mesoscale,1.5144646057007203
graphcast_operational,mag_0_layer_all,168.0,v_component_of_wind@850hPa,lower_mesoscale,1.5405331230117227
graphcast_operational,mag_0_layer_all,192.0,v_component_of_wind@850hPa,lower_mesoscale,1.514402404628352
graphcast_operational,mag_0_layer_all,216.0,v_component_of_wind@850hPa,lower_mesoscale,1.5136209309728674
graphcast_operational,mag_0_layer_all,240.0,v_component_of_wind@850hPa,lower_mesoscale,1.5272309252890748
graphcast_operational,mag_0.001_layer_all,0.0,v_component_of_wind@850hPa,planetary,6.368986222014902e-08
graphcast_operational,mag_0.001_layer_all,24.0,v_component_of_wind@850hPa,planetary,0.009445723811899577
graphcast_operational,mag_0.001_layer_all,48.0,v_component_of_wind@850hPa,planetary,0.010964430497548142
graphcast_operational,mag_0.001_layer_all,72.0,v_component_of_wind@850hPa,planetary,0.017129497281476846
graphcast_operational,mag_0.001_layer_all,96.0,v_component_of_wind@850hPa,planetary,0.03958209513122305
graphcast_operational,mag_0.001_layer_all,120.0,v_component_of_wind@850hPa,planetary,0.06151765114523375
graphcast_operational,mag_0.001_layer_all,144.0,v_component_of_wind@850hPa,planetary,0.0784899537009384
graphcast_operational,mag_0.001_layer_all,168.0,v_component_of_wind@850hPa,planetary,0.08336182720545024
graphcast_operational,mag_0.001_layer_all,192.0,v_component_of_wind@850hPa,planetary,0.1019906246965831
graphcast_operational,mag_0.001_layer_all,216.0,v_component_of_wind@850hPa,planetary,0.12006329902183413
graphcast_operational,mag_0.001_layer_all,240.0,v_component_of_wind@850hPa,planetary,0.1440043429317804
graphcast_operational,mag_0.001_layer_all,0.0,v_component_of_wind@850hPa,synoptic,3.0424499158814974e-07
graphcast_operational,mag_0.001_layer_all,24.0,v_component_of_wind@850hPa,synoptic,0.08508524822289643
graphcast_operational,mag_0.001_layer_all,48.0,v_component_of_wind@850hPa,synoptic,0.11401974116204322
graphcast_operational,mag_0.001_layer_all,72.0,v_component_of_wind@850hPa,synoptic,0.1412963716494975
graphcast_operational,mag_0.001_layer_all,96.0,v_component_of_wind@850hPa,synoptic,0.16926311018083565
graphcast_operational,mag_0.001_layer_all,120.0,v_component_of_wind@850hPa,synoptic,0.15719664167039435
graphcast_operational,mag_0.001_layer_all,144.0,v_component_of_wind@850hPa,synoptic,0.18247266055997383
graphcast_operational,mag_0.001_layer_all,168.0,v_component_of_wind@850hPa,synoptic,0.17086224080067222
graphcast_operational,mag_0.001_layer_all,192.0,v_component_of_wind@850hPa,synoptic,0.2058764723011511
graphcast_operational,mag_0.001_layer_all,216.0,v_component_of_wind@850hPa,synoptic,0.19198648585367312
graphcast_operational,mag_0.001_layer_all,240.0,v_component_of_wind@850hPa,synoptic,0.17338499551760103
graphcast_operational,mag_0.001_layer_all,0.0,v_component_of_wind@850hPa,upper_mesoscale,1.8770552686472786e-06
graphcast_operational,mag_0.001_layer_all,24.0,v_component_of_wind@850hPa,upper_mesoscale,0.3055745301308826
graphcast_operational,mag_0.001_layer_all,48.0,v_component_of_wind@850hPa,upper_mesoscale,0.35890480829127797
graphcast_operational,mag_0.001_layer_all,72.0,v_component_of_wind@850hPa,upper_mesoscale,0.39979545061674093
graphcast_operational,mag_0.001_layer_all,96.0,v_component_of_wind@850hPa,upper_mesoscale,0.4136928439803452
graphcast_operational,mag_0.001_layer_all,120.0,v_component_of_wind@850hPa,upper_mesoscale,0.42759100354038737
graphcast_operational,mag_0.001_layer_all,144.0,v_component_of_wind@850hPa,upper_mesoscale,0.4447266812066584
graphcast_operational,mag_0.001_layer_all,168.0,v_component_of_wind@850hPa,upper_mesoscale,0.42254981748496384
graphcast_operational,mag_0.001_layer_all,192.0,v_component_of_wind@850hPa,upper_mesoscale,0.46071921843117464
graphcast_operational,mag_0.001_layer_all,216.0,v_component_of_wind@850hPa,upper_mesoscale,0.41644953209954566
graphcast_operational,mag_0.001_layer_all,240.0,v_component_of_wind@850hPa,upper_mesoscale,0.4400864429082338
graphcast_operational,mag_0.001_layer_all,0.0,v_component_of_wind@850hPa,lower_mesoscale,0.02700776878290303
graphcast_operational,mag_0.001_layer_all,24.0,v_component_of_wind@850hPa,lower_mesoscale,1.512840448367634
graphcast_operational,mag_0.001_layer_all,48.0,v_component_of_wind@850hPa,lower_mesoscale,1.5380967591278902
graphcast_operational,mag_0.001_layer_all,72.0,v_component_of_wind@850hPa,lower_mesoscale,1.5118953568172881
graphcast_operational,mag_0.001_layer_all,96.0,v_component_of_wind@850hPa,lower_mesoscale,1.5315150845941474
graphcast_operational,mag_0.001_layer_all,120.0,v_component_of_wind@850hPa,lower_mesoscale,1.507181921874773
graphcast_operational,mag_0.001_layer_all,144.0,v_component_of_wind@850hPa,lower_mesoscale,1.5158945894567712
graphcast_operational,mag_0.001_layer_all,168.0,v_component_of_wind@850hPa,lower_mesoscale,1.5417349520351045
graphcast_operational,mag_0.001_layer_all,192.0,v_component_of_wind@850hPa,lower_mesoscale,1.5175351209463128
graphcast_operational,mag_0.001_layer_all,216.0,v_component_of_wind@850hPa,lower_mesoscale,1.5171059705834313
graphcast_operational,mag_0.001_layer_all,240.0,v_component_of_wind@850hPa,lower_mesoscale,1.5306679338367117
graphcast_operational,mag_0.003_layer_all,0.0,v_component_of_wind@850hPa,planetary,6.368986222014902e-08
graphcast_operational,mag_0.003_layer_all,24.0,v_component_of_wind@850hPa,planetary,0.008094286771908338
graphcast_operational,mag_0.003_layer_all,48.0,v_component_of_wind@850hPa,planetary,0.00986178537346213
graphcast_operational,mag_0.003_layer_all,72.0,v_component_of_wind@850hPa,planetary,0.013350257610072599
graphcast_operational,mag_0.003_layer_all,96.0,v_component_of_wind@850hPa,planetary,0.036586244736602595
graphcast_operational,mag_0.003_layer_all,120.0,v_component_of_wind@850hPa,planetary,0.06328894574038244
graphcast_operational,mag_0.003_layer_all,144.0,v_component_of_wind@850hPa,planetary,0.08043390826193927
graphcast_operational,mag_0.003_layer_all,168.0,v_component_of_wind@850hPa,planetary,0.07874972530208064
graphcast_operational,mag_0.003_layer_all,192.0,v_component_of_wind@850hPa,planetary,0.08250615521594355
graphcast_operational,mag_0.003_layer_all,216.0,v_component_of_wind@850hPa,planetary,0.10264332269246731
graphcast_operational,mag_0.003_layer_all,240.0,v_component_of_wind@850hPa,planetary,0.13571821526893632
graphcast_operational,mag_0.003_layer_all,0.0,v_component_of_wind@850hPa,synoptic,3.0424499158814974e-07
graphcast_operational,mag_0.003_layer_all,24.0,v_component_of_wind@850hPa,synoptic,0.08395684417823485
graphcast_operational,mag_0.003_layer_all,48.0,v_component_of_wind@850hPa,synoptic,0.11200497098555398
graphcast_operational,mag_0.003_layer_all,72.0,v_component_of_wind@850hPa,synoptic,0.13858557316110393
graphcast_operational,mag_0.003_layer_all,96.0,v_component_of_wind@850hPa,synoptic,0.16720232864590504
graphcast_operational,mag_0.003_layer_all,120.0,v_component_of_wind@850hPa,synoptic,0.15541559033132027
graphcast_operational,mag_0.003_layer_all,144.0,v_component_of_wind@850hPa,synoptic,0.17771026735577233
graphcast_operational,mag_0.003_layer_all,168.0,v_component_of_wind@850hPa,synoptic,0.16719088343686178
graphcast_operational,mag_0.003_layer_all,192.0,v_component_of_wind@850hPa,synoptic,0.2015209629570892
graphcast_operational,mag_0.003_layer_all,216.0,v_component_of_wind@850hPa,synoptic,0.1868084835863515
graphcast_operational,mag_0.003_layer_all,240.0,v_component_of_wind@850hPa,synoptic,0.172313016320467
graphcast_operational,mag_0.003_layer_all,0.0,v_component_of_wind@850hPa,upper_mesoscale,1.8770552686472786e-06
graphcast_operational,mag_0.003_layer_all,24.0,v_component_of_wind@850hPa,upper_mesoscale,0.3039261508412768
graphcast_operational,mag_0.003_layer_all,48.0,v_component_of_wind@850hPa,upper_mesoscale,0.35576382373479704
graphcast_operational,mag_0.003_layer_all,72.0,v_component_of_wind@850hPa,upper_mesoscale,0.39516891902324147
graphcast_operational,mag_0.003_layer_all,96.0,v_component_of_wind@850hPa,upper_mesoscale,0.40872699636062937
graphcast_operational,mag_0.003_layer_all,120.0,v_component_of_wind@850hPa,upper_mesoscale,0.4208099584113483
graphcast_operational,mag_0.003_layer_all,144.0,v_component_of_wind@850hPa,upper_mesoscale,0.4368861952787883
graphcast_operational,mag_0.003_layer_all,168.0,v_component_of_wind@850hPa,upper_mesoscale,0.41754918836333355
graphcast_operational,mag_0.003_layer_all,192.0,v_component_of_wind@850hPa,upper_mesoscale,0.4562560037181078
graphcast_operational,mag_0.003_layer_all,216.0,v_component_of_wind@850hPa,upper_mesoscale,0.4135377496826815
graphcast_operational,mag_0.003_layer_all,240.0,v_component_of_wind@850hPa,upper_mesoscale,0.4368814869631421
graphcast_operational,mag_0.003_layer_all,0.0,v_component_of_wind@850hPa,lower_mesoscale,0.02700776878290303
graphcast_operational,mag_0.003_layer_all,24.0,v_component_of_wind@850hPa,lower_mesoscale,1.5128841342190904
graphcast_operational,mag_0.003_layer_all,48.0,v_component_of_wind@850hPa,lower_mesoscale,1.5386093529720757
graphcast_operational,mag_0.003_layer_all,72.0,v_component_of_wind@850hPa,lower_mesoscale,1.512411793503805
graphcast_operational,mag_0.003_layer_all,96.0,v_component_of_wind@850hPa,lower_mesoscale,1.532365114861378
graphcast_operational,mag_0.003_layer_all,120.0,v_component_of_wind@850hPa,lower_mesoscale,1.5073876370621182
graphcast_operational,mag_0.003_layer_all,144.0,v_component_of_wind@850hPa,lower_mesoscale,1.5165762053536609
graphcast_operational,mag_0.003_layer_all,168.0,v_component_of_wind@850hPa,lower_mesoscale,1.5427585501651606
graphcast_operational,mag_0.003_layer_all,192.0,v_component_of_wind@850hPa,lower_mesoscale,1.5173646209461602
graphcast_operational,mag_0.003_layer_all,216.0,v_component_of_wind@850hPa,lower_mesoscale,1.5173299742697446
graphcast_operational,mag_0.003_layer_all,240.0,v_component_of_wind@850hPa,lower_mesoscale,1.531045141463108
graphcast_operational,mag_0.01_layer_all,0.0,v_component_of_wind@850hPa,planetary,6.368986222014902e-08
graphcast_operational,mag_0.01_layer_all,24.0,v_component_of_wind@850hPa,planetary,0.006365765806753887
graphcast_operational,mag_0.01_layer_all,48.0,v_component_of_wind@850hPa,planetary,0.011002550720713529
graphcast_operational,mag_0.01_layer_all,72.0,v_component_of_wind@850hPa,planetary,0.007910303989613182
graphcast_operational,mag_0.01_layer_all,96.0,v_component_of_wind@850hPa,planetary,0.03199296566388512
graphcast_operational,mag_0.01_layer_all,120.0,v_component_of_wind@850hPa,planetary,0.06711105636563852
graphcast_operational,mag_0.01_layer_all,144.0,v_component_of_wind@850hPa,planetary,0.08095620138037653
graphcast_operational,mag_0.01_layer_all,168.0,v_component_of_wind@850hPa,planetary,0.0660013548030094
graphcast_operational,mag_0.01_layer_all,192.0,v_component_of_wind@850hPa,planetary,0.07170414370018384
graphcast_operational,mag_0.01_layer_all,216.0,v_component_of_wind@850hPa,planetary,0.09387798236840783
graphcast_operational,mag_0.01_layer_all,240.0,v_component_of_wind@850hPa,planetary,0.0764222752474121
graphcast_operational,mag_0.01_layer_all,0.0,v_component_of_wind@850hPa,synoptic,3.0424499158814974e-07
graphcast_operational,mag_0.01_layer_all,24.0,v_component_of_wind@850hPa,synoptic,0.08400667081324925
graphcast_operational,mag_0.01_layer_all,48.0,v_component_of_wind@850hPa,synoptic,0.11188248402572247
graphcast_operational,mag_0.01_layer_all,72.0,v_component_of_wind@850hPa,synoptic,0.13472713761049948
graphcast_operational,mag_0.01_layer_all,96.0,v_component_of_wind@850hPa,synoptic,0.16442054177502383
graphcast_operational,mag_0.01_layer_all,120.0,v_component_of_wind@850hPa,synoptic,0.15974448016255471
graphcast_operational,mag_0.01_layer_all,144.0,v_component_of_wind@850hPa,synoptic,0.16768280678104427
graphcast_operational,mag_0.01_layer_all,168.0,v_component_of_wind@850hPa,synoptic,0.17027278907216736
graphcast_operational,mag_0.01_layer_all,192.0,v_component_of_wind@850hPa,synoptic,0.19223552497671356
graphcast_operational,mag_0.01_layer_all,216.0,v_component_of_wind@850hPa,synoptic,0.19164920176597064
graphcast_operational,mag_0.01_layer_all,240.0,v_component_of_wind@850hPa,synoptic,0.18591678972620196
graphcast_operational,mag_0.01_layer_all,0.0,v_component_of_wind@850hPa,upper_mesoscale,1.8770552686472786e-06
graphcast_operational,mag_0.01_layer_all,24.0,v_component_of_wind@850hPa,upper_mesoscale,0.306848426737804
graphcast_operational,mag_0.01_layer_all,48.0,v_component_of_wind@850hPa,upper_mesoscale,0.35656719251015817
graphcast_operational,mag_0.01_layer_all,72.0,v_component_of_wind@850hPa,upper_mesoscale,0.39574594273344776
graphcast_operational,mag_0.01_layer_all,96.0,v_component_of_wind@850hPa,upper_mesoscale,0.4123738613630029
graphcast_operational,mag_0.01_layer_all,120.0,v_component_of_wind@850hPa,upper_mesoscale,0.4188606343879478
graphcast_operational,mag_0.01_layer_all,144.0,v_component_of_wind@850hPa,upper_mesoscale,0.4284734936687675
graphcast_operational,mag_0.01_layer_all,168.0,v_component_of_wind@850hPa,upper_mesoscale,0.4119774607556568
graphcast_operational,mag_0.01_layer_all,192.0,v_component_of_wind@850hPa,upper_mesoscale,0.449755547175535
graphcast_operational,mag_0.01_layer_all,216.0,v_component_of_wind@850hPa,upper_mesoscale,0.4254056258009342
graphcast_operational,mag_0.01_layer_all,240.0,v_component_of_wind@850hPa,upper_mesoscale,0.4445085551908299
graphcast_operational,mag_0.01_layer_all,0.0,v_component_of_wind@850hPa,lower_mesoscale,0.02700776878290303
graphcast_operational,mag_0.01_layer_all,24.0,v_component_of_wind@850hPa,lower_mesoscale,1.513541819470871
graphcast_operational,mag_0.01_layer_all,48.0,v_component_of_wind@850hPa,lower_mesoscale,1.539867873647182
graphcast_operational,mag_0.01_layer_all,72.0,v_component_of_wind@850hPa,lower_mesoscale,1.5135412906295982
graphcast_operational,mag_0.01_layer_all,96.0,v_component_of_wind@850hPa,lower_mesoscale,1.534959749185158
graphcast_operational,mag_0.01_layer_all,120.0,v_component_of_wind@850hPa,lower_mesoscale,1.5100427852384384
graphcast_operational,mag_0.01_layer_all,144.0,v_component_of_wind@850hPa,lower_mesoscale,1.5187697546762984
graphcast_operational,mag_0.01_layer_all,168.0,v_component_of_wind@850hPa,lower_mesoscale,1.5471693007535008
graphcast_operational,mag_0.01_layer_all,192.0,v_component_of_wind@850hPa,lower_mesoscale,1.519975496179256
graphcast_operational,mag_0.01_layer_all,216.0,v_component_of_wind@850hPa,lower_mesoscale,1.5196068422251705
graphcast_operational,mag_0.01_layer_all,240.0,v_component_of_wind@850hPa,lower_mesoscale,1.5354045144331165
graphcast_operational,mag_0.03_layer_all,0.0,v_component_of_wind@850hPa,planetary,6.368986222014902e-08
graphcast_operational,mag_0.03_layer_all,24.0,v_component_of_wind@850hPa,planetary,0.008709974480811816
graphcast_operational,mag_0.03_layer_all,48.0,v_component_of_wind@850hPa,planetary,0.02742962629718498
graphcast_operational,mag_0.03_layer_all,72.0,v_component_of_wind@850hPa,planetary,0.033769022056982206
graphcast_operational,mag_0.03_layer_all,96.0,v_component_of_wind@850hPa,planetary,0.03929460868447123
graphcast_operational,mag_0.03_layer_all,120.0,v_component_of_wind@850hPa,planetary,0.09057524519730975
graphcast_operational,mag_0.03_layer_all,144.0,v_component_of_wind@850hPa,planetary,0.11812081311722472
graphcast_operational,mag_0.03_layer_all,168.0,v_component_of_wind@850hPa,planetary,0.0876969066604291
graphcast_operational,mag_0.03_layer_all,192.0,v_component_of_wind@850hPa,planetary,0.08745335531001593
graphcast_operational,mag_0.03_layer_all,216.0,v_component_of_wind@850hPa,planetary,0.11790757109462978
graphcast_operational,mag_0.03_layer_all,240.0,v_component_of_wind@850hPa,planetary,0.10378849757905353
graphcast_operational,mag_0.03_layer_all,0.0,v_component_of_wind@850hPa,synoptic,3.0424499158814974e-07
graphcast_operational,mag_0.03_layer_all,24.0,v_component_of_wind@850hPa,synoptic,0.0885792938583177
graphcast_operational,mag_0.03_layer_all,48.0,v_component_of_wind@850hPa,synoptic,0.11354344334252672
graphcast_operational,mag_0.03_layer_all,72.0,v_component_of_wind@850hPa,synoptic,0.12574011330549156
graphcast_operational,mag_0.03_layer_all,96.0,v_component_of_wind@850hPa,synoptic,0.15408214709491172
graphcast_operational,mag_0.03_layer_all,120.0,v_component_of_wind@850hPa,synoptic,0.1531474291464791
graphcast_operational,mag_0.03_layer_all,144.0,v_component_of_wind@850hPa,synoptic,0.15074213022724772
graphcast_operational,mag_0.03_layer_all,168.0,v_component_of_wind@850hPa,synoptic,0.16291898292519003
graphcast_operational,mag_0.03_layer_all,192.0,v_component_of_wind@850hPa,synoptic,0.17731920362484788
graphcast_operational,mag_0.03_layer_all,216.0,v_component_of_wind@850hPa,synoptic,0.18855544156469495
graphcast_operational,mag_0.03_layer_all,240.0,v_component_of_wind@850hPa,synoptic,0.1764610254897528
graphcast_operational,mag_0.03_layer_all,0.0,v_component_of_wind@850hPa,upper_mesoscale,1.8770552686472786e-06
graphcast_operational,mag_0.03_layer_all,24.0,v_component_of_wind@850hPa,upper_mesoscale,0.31787196433128123
graphcast_operational,mag_0.03_layer_all,48.0,v_component_of_wind@850hPa,upper_mesoscale,0.36280254413517243
graphcast_operational,mag_0.03_layer_all,72.0,v_component_of_wind@850hPa,upper_mesoscale,0.3994072444987899
graphcast_operational,mag_0.03_layer_all,96.0,v_component_of_wind@850hPa,upper_mesoscale,0.40967085677392706
graphcast_operational,mag_0.03_layer_all,120.0,v_component_of_wind@850hPa,upper_mesoscale,0.42045901550641956
graphcast_operational,mag_0.03_layer_all,144.0,v_component_of_wind@850hPa,upper_mesoscale,0.42549223954222004
graphcast_operational,mag_0.03_layer_all,168.0,v_component_of_wind@850hPa,upper_mesoscale,0.41447530852059183
graphcast_operational,mag_0.03_layer_all,192.0,v_component_of_wind@850hPa,upper_mesoscale,0.45636862053339555
graphcast_operational,mag_0.03_layer_all,216.0,v_component_of_wind@850hPa,upper_mesoscale,0.43574223247709387
graphcast_operational,mag_0.03_layer_all,240.0,v_component_of_wind@850hPa,upper_mesoscale,0.4496350957227628
graphcast_operational,mag_0.03_layer_all,0.0,v_component_of_wind@850hPa,lower_mesoscale,0.02700776878290303
graphcast_operational,mag_0.03_layer_all,24.0,v_component_of_wind@850hPa,lower_mesoscale,1.5210906691018884
graphcast_operational,mag_0.03_layer_all,48.0,v_component_of_wind@850hPa,lower_mesoscale,1.5498997428429298
graphcast_operational,mag_0.03_layer_all,72.0,v_component_of_wind@850hPa,lower_mesoscale,1.524708150737316
graphcast_operational,mag_0.03_layer_all,96.0,v_component_of_wind@850hPa,lower_mesoscale,1.5520449159569722
graphcast_operational,mag_0.03_layer_all,120.0,v_component_of_wind@850hPa,lower_mesoscale,1.5280895256401876
graphcast_operational,mag_0.03_layer_all,144.0,v_component_of_wind@850hPa,lower_mesoscale,1.537101586323172
graphcast_operational,mag_0.03_layer_all,168.0,v_component_of_wind@850hPa,lower_mesoscale,1.567036141239196
graphcast_operational,mag_0.03_layer_all,192.0,v_component_of_wind@850hPa,lower_mesoscale,1.5406476265572857
graphcast_operational,mag_0.03_layer_all,216.0,v_component_of_wind@850hPa,lower_mesoscale,1.5392055766699484
graphcast_operational,mag_0.03_layer_all,240.0,v_component_of_wind@850hPa,lower_mesoscale,1.5524149548174542
graphcast_operational,mag_0.1_layer_all,0.0,v_component_of_wind@850hPa,planetary,6.368986222014902e-08
graphcast_operational,mag_0.1_layer_all,24.0,v_component_of_wind@850hPa,planetary,0.030330377205486394
graphcast_operational,mag_0.1_layer_all,48.0,v_component_of_wind@850hPa,planetary,0.05333642461350301
graphcast_operational,mag_0.1_layer_all,72.0,v_component_of_wind@850hPa,planetary,0.11253488156268791
graphcast_operational,mag_0.1_layer_all,96.0,v_component_of_wind@850hPa,planetary,0.11547202192671871
graphcast_operational,mag_0.1_layer_all,120.0,v_component_of_wind@850hPa,planetary,0.13390713360825648
graphcast_operational,mag_0.1_layer_all,144.0,v_component_of_wind@850hPa,planetary,0.13760355089573648
graphcast_operational,mag_0.1_layer_all,168.0,v_component_of_wind@850hPa,planetary,0.10746576999170131
graphcast_operational,mag_0.1_layer_all,192.0,v_component_of_wind@850hPa,planetary,0.11697059083255457
graphcast_operational,mag_0.1_layer_all,216.0,v_component_of_wind@850hPa,planetary,0.16356569403297583
graphcast_operational,mag_0.1_layer_all,240.0,v_component_of_wind@850hPa,planetary,0.14734340091834183
graphcast_operational,mag_0.1_layer_all,0.0,v_component_of_wind@850hPa,synoptic,3.0424499158814974e-07
graphcast_operational,mag_0.1_layer_all,24.0,v_component_of_wind@850hPa,synoptic,0.15842704582037337
graphcast_operational,mag_0.1_layer_all,48.0,v_component_of_wind@850hPa,synoptic,0.17092157173462497
graphcast_operational,mag_0.1_layer_all,72.0,v_component_of_wind@850hPa,synoptic,0.15513747518894352
graphcast_operational,mag_0.1_layer_all,96.0,v_component_of_wind@850hPa,synoptic,0.1985260386013804
graphcast_operational,mag_0.1_layer_all,120.0,v_component_of_wind@850hPa,synoptic,0.1939233040011674
graphcast_operational,mag_0.1_layer_all,144.0,v_component_of_wind@850hPa,synoptic,0.1815757678400324
graphcast_operational,mag_0.1_layer_all,168.0,v_component_of_wind@850hPa,synoptic,0.19561952291655113
graphcast_operational,mag_0.1_layer_all,192.0,v_component_of_wind@850hPa,synoptic,0.22891694357488315
graphcast_operational,mag_0.1_layer_all,216.0,v_component_of_wind@850hPa,synoptic,0.24708583634154635
graphcast_operational,mag_0.1_layer_all,240.0,v_component_of_wind@850hPa,synoptic,0.251917814691487
graphcast_operational,mag_0.1_layer_all,0.0,v_component_of_wind@850hPa,upper_mesoscale,1.8770552686472786e-06
graphcast_operational,mag_0.1_layer_all,24.0,v_component_of_wind@850hPa,upper_mesoscale,0.3694238315533069
graphcast_operational,mag_0.1_layer_all,48.0,v_component_of_wind@850hPa,upper_mesoscale,0.39874992289974864
graphcast_operational,mag_0.1_layer_all,72.0,v_component_of_wind@850hPa,upper_mesoscale,0.38953844403979787
graphcast_operational,mag_0.1_layer_all,96.0,v_component_of_wind@850hPa,upper_mesoscale,0.40364627554033683
graphcast_operational,mag_0.1_layer_all,120.0,v_component_of_wind@850hPa,upper_mesoscale,0.40280019196404593
graphcast_operational,mag_0.1_layer_all,144.0,v_component_of_wind@850hPa,upper_mesoscale,0.39137100819594417
graphcast_operational,mag_0.1_layer_all,168.0,v_component_of_wind@850hPa,upper_mesoscale,0.38653947900650903
graphcast_operational,mag_0.1_layer_all,192.0,v_component_of_wind@850hPa,upper_mesoscale,0.43946696944913344
graphcast_operational,mag_0.1_layer_all,216.0,v_component_of_wind@850hPa,upper_mesoscale,0.4318774909726255
graphcast_operational,mag_0.1_layer_all,240.0,v_component_of_wind@850hPa,upper_mesoscale,0.4426587616002925
graphcast_operational,mag_0.1_layer_all,0.0,v_component_of_wind@850hPa,lower_mesoscale,0.02700776878290303
graphcast_operational,mag_0.1_layer_all,24.0,v_component_of_wind@850hPa,lower_mesoscale,1.6369709782611812
graphcast_operational,mag_0.1_layer_all,48.0,v_component_of_wind@850hPa,lower_mesoscale,1.6754889477718398
graphcast_operational,mag_0.1_layer_all,72.0,v_component_of_wind@850hPa,lower_mesoscale,1.6640598356734417
graphcast_operational,mag_0.1_layer_all,96.0,v_component_of_wind@850hPa,lower_mesoscale,1.7013237449996819
graphcast_operational,mag_0.1_layer_all,120.0,v_component_of_wind@850hPa,lower_mesoscale,1.6820522797222348
graphcast_operational,mag_0.1_layer_all,144.0,v_component_of_wind@850hPa,lower_mesoscale,1.6905907320689142
graphcast_operational,mag_0.1_layer_all,168.0,v_component_of_wind@850hPa,lower_mesoscale,1.7289919343029738
graphcast_operational,mag_0.1_layer_all,192.0,v_component_of_wind@850hPa,lower_mesoscale,1.7008690999465834
graphcast_operational,mag_0.1_layer_all,216.0,v_component_of_wind@850hPa,lower_mesoscale,1.7045468222645441
graphcast_operational,mag_0.1_layer_all,240.0,v_component_of_wind@850hPa,lower_mesoscale,1.7151435576402088
sfno,mag_0_layer_all,0.0,v_component_of_wind@850hPa,planetary,6.368986222014902e-08
sfno,mag_0_layer_all,24.0,v_component_of_wind@850hPa,planetary,0.02279934590675336
sfno,mag_0_layer_all,48.0,v_component_of_wind@850hPa,planetary,0.031256330993508906
sfno,mag_0_layer_all,72.0,v_component_of_wind@850hPa,planetary,0.03871059021694291
sfno,mag_0_layer_all,96.0,v_component_of_wind@850hPa,planetary,0.05415711193776894
sfno,mag_0_layer_all,120.0,v_component_of_wind@850hPa,planetary,0.0954455187159722
sfno,mag_0_layer_all,144.0,v_component_of_wind@850hPa,planetary,0.0723363697445913
sfno,mag_0_layer_all,168.0,v_component_of_wind@850hPa,planetary,0.07589556304052553
sfno,mag_0_layer_all,192.0,v_component_of_wind@850hPa,planetary,0.08949027830263583
sfno,mag_0_layer_all,216.0,v_component_of_wind@850hPa,planetary,0.12320872463096146
sfno,mag_0_layer_all,240.0,v_component_of_wind@850hPa,planetary,0.10250022582084205
sfno,mag_0_layer_all,0.0,v_component_of_wind@850hPa,synoptic,3.042449916022804e-07
sfno,mag_0_layer_all,24.0,v_component_of_wind@850hPa,synoptic,0.07796030245772813
sfno,mag_0_layer_all,48.0,v_component_of_wind@850hPa,synoptic,0.09700209504756606
sfno,mag_0_layer_all,72.0,v_component_of_wind@850hPa,synoptic,0.10724422754957995
sfno,mag_0_layer_all,96.0,v_component_of_wind@850hPa,synoptic,0.11938260509017333
sfno,mag_0_layer_all,120.0,v_component_of_wind@850hPa,synoptic,0.12107158203324987
sfno,mag_0_layer_all,144.0,v_component_of_wind@850hPa,synoptic,0.11384081289789512
sfno,mag_0_layer_all,168.0,v_component_of_wind@850hPa,synoptic,0.1521942928809903
sfno,mag_0_layer_all,192.0,v_component_of_wind@850hPa,synoptic,0.15749890123919313
sfno,mag_0_layer_all,216.0,v_component_of_wind@850hPa,synoptic,0.16769119559888276
sfno,mag_0_layer_all,240.0,v_component_of_wind@850hPa,synoptic,0.1455183057057185
sfno,mag_0_layer_all,0.0,v_component_of_wind@850hPa,upper_mesoscale,1.8770552686628043e-06
sfno,mag_0_layer_all,24.0,v_component_of_wind@850hPa,upper_mesoscale,0.2643449515191597
sfno,mag_0_layer_all,48.0,v_component_of_wind@850hPa,upper_mesoscale,0.2932199225853315
sfno,mag_0_layer_all,72.0,v_component_of_wind@850hPa,upper_mesoscale,0.3029924184062803
sfno,mag_0_layer_all,96.0,v_component_of_wind@850hPa,upper_mesoscale,0.2916626423257245
sfno,mag_0_layer_all,120.0,v_component_of_wind@850hPa,upper_mesoscale,0.31677140484913646
sfno,mag_0_layer_all,144.0,v_component_of_wind@850hPa,upper_mesoscale,0.3061759394357532
sfno,mag_0_layer_all,168.0,v_component_of_wind@850hPa,upper_mesoscale,0.3332543565051061
sfno,mag_0_layer_all,192.0,v_component_of_wind@850hPa,upper_mesoscale,0.3600366726725384
sfno,mag_0_layer_all,216.0,v_component_of_wind@850hPa,upper_mesoscale,0.3399965481003648
sfno,mag_0_layer_all,240.0,v_component_of_wind@850hPa,upper_mesoscale,0.34549691618693634
sfno,mag_0_layer_all,0.0,v_component_of_wind@850hPa,lower_mesoscale,0.027007768782903036
sfno,mag_0_layer_all,24.0,v_component_of_wind@850hPa,lower_mesoscale,1.3027349211556585
sfno,mag_0_layer_all,48.0,v_component_of_wind@850hPa,lower_mesoscale,1.333663595106395
sfno,mag_0_layer_all,72.0,v_component_of_wind@850hPa,lower_mesoscale,1.2983130857384098
sfno,mag_0_layer_all,96.0,v_component_of_wind@850hPa,lower_mesoscale,1.307997154013252
sfno,mag_0_layer_all,120.0,v_component_of_wind@850hPa,lower_mesoscale,1.2858326161296394
sfno,mag_0_layer_all,144.0,v_component_of_wind@850hPa,lower_mesoscale,1.3000483088164603
sfno,mag_0_layer_all,168.0,v_component_of_wind@850hPa,lower_mesoscale,1.3275819354901626
sfno,mag_0_layer_all,192.0,v_component_of_wind@850hPa,lower_mesoscale,1.299873770210763
sfno,mag_0_layer_all,216.0,v_component_of_wind@850hPa,lower_mesoscale,1.2936111475264267
sfno,mag_0_layer_all,240.0,v_component_of_wind@850hPa,lower_mesoscale,1.3053798201602855
sfno,mag_0.001_layer_all,0.0,v_component_of_wind@850hPa,planetary,6.368986222014902e-08
sfno,mag_0.001_layer_all,24.0,v_component_of_wind@850hPa,planetary,0.022638212382192692
sfno,mag_0.001_layer_all,48.0,v_component_of_wind@850hPa,planetary,0.03099396966088825
sfno,mag_0.001_layer_all,72.0,v_component_of_wind@850hPa,planetary,0.038549557725244675
sfno,mag_0.001_layer_all,96.0,v_component_of_wind@850hPa,planetary,0.05395586958922066
sfno,mag_0.001_layer_all,120.0,v_component_of_wind@850hPa,planetary,0.09479017028096734
sfno,mag_0.001_layer_all,144.0,v_component_of_wind@850hPa,planetary,0.0725959447344241
sfno,mag_0.001_layer_all,168.0,v_component_of_wind@850hPa,planetary,0.07609872567895574
sfno,mag_0.001_layer_all,192.0,v_component_of_wind@850hPa,planetary,0.08923763245997732
sfno,mag_0.001_layer_all,216.0,v_component_of_wind@850hPa,planetary,0.11903162827220595
sfno,mag_0.001_layer_all,240.0,v_component_of_wind@850hPa,planetary,0.09654007839989048
sfno,mag_0.001_layer_all,0.0,v_component_of_wind@850hPa,synoptic,3.0424499158814974e-07
sfno,mag_0.001_layer_all,24.0,v_component_of_wind@850hPa,synoptic,0.07770442288478076
sfno,mag_0.001_layer_all,48.0,v_component_of_wind@850hPa,synoptic,0.09663189386173328
sfno,mag_0.001_layer_all,72.0,v_component_of_wind@850hPa,synoptic,0.10674660534954097
sfno,mag_0.001_layer_all,96.0,v_component_of_wind@850hPa,synoptic,0.11897455322419577
sfno,mag_0.001_layer_all,120.0,v_component_of_wind@850hPa,synoptic,0.12072975684465409
sfno,mag_0.001_layer_all,144.0,v_component_of_wind@850hPa,synoptic,0.11368864885130404
sfno,mag_0.001_layer_all,168.0,v_component_of_wind@850hPa,synoptic,0.15056487320097192
sfno,mag_0.001_layer_all,192.0,v_component_of_wind@850hPa,synoptic,0.15701847128288765
sfno,mag_0.001_layer_all,216.0,v_component_of_wind@850hPa,synoptic,0.16587430299220216
sfno,mag_0.001_layer_all,240.0,v_component_of_wind@850hPa,synoptic,0.14350776649494612
sfno,mag_0.001_layer_all,0.0,v_component_of_wind@850hPa,upper_mesoscale,1.8770552686472786e-06
sfno,mag_0.001_layer_all,24.0,v_component_of_wind@850hPa,upper_mesoscale,0.2643497385193573
sfno,mag_0.001_layer_all,48.0,v_component_of_wind@850hPa,upper_mesoscale,0.2932752071851786
sfno,mag_0.001_layer_all,72.0,v_component_of_wind@850hPa,upper_mesoscale,0.3029895999869674
sfno,mag_0.001_layer_all,96.0,v_component_of_wind@850hPa,upper_mesoscale,0.29156311263746815
sfno,mag_0.001_layer_all,120.0,v_component_of_wind@850hPa,upper_mesoscale,0.31645734006976034
sfno,mag_0.001_layer_all,144.0,v_component_of_wind@850hPa,upper_mesoscale,0.30606589249083954
sfno,mag_0.001_layer_all,168.0,v_component_of_wind@850hPa,upper_mesoscale,0.33317028287655537
sfno,mag_0.001_layer_all,192.0,v_component_of_wind@850hPa,upper_mesoscale,0.3612616090738002
sfno,mag_0.001_layer_all,216.0,v_component_of_wind@850hPa,upper_mesoscale,0.3369572713729992
sfno,mag_0.001_layer_all,240.0,v_component_of_wind@850hPa,upper_mesoscale,0.3423739246334494
sfno,mag_0.001_layer_all,0.0,v_component_of_wind@850hPa,lower_mesoscale,0.02700776878290303
sfno,mag_0.001_layer_all,24.0,v_component_of_wind@850hPa,lower_mesoscale,1.3027571370363311
sfno,mag_0.001_layer_all,48.0,v_component_of_wind@850hPa,lower_mesoscale,1.3337333390885384
sfno,mag_0.001_layer_all,72.0,v_component_of_wind@850hPa,lower_mesoscale,1.2984128428352268
sfno,mag_0.001_layer_all,96.0,v_component_of_wind@850hPa,lower_mesoscale,1.308114602357667
sfno,mag_0.001_layer_all,120.0,v_component_of_wind@850hPa,lower_mesoscale,1.2856931767206703
sfno,mag_0.001_layer_all,144.0,v_component_of_wind@850hPa,lower_mesoscale,1.2998763819689156
sfno,mag_0.001_layer_all,168.0,v_component_of_wind@850hPa,lower_mesoscale,1.326959309619748
sfno,mag_0.001_layer_all,192.0,v_component_of_wind@850hPa,lower_mesoscale,1.2992808158335254
sfno,mag_0.001_layer_all,216.0,v_component_of_wind@850hPa,lower_mesoscale,1.2915116618660956
sfno,mag_0.001_layer_all,240.0,v_component_of_wind@850hPa,lower_mesoscale,1.3041790994673639
sfno,mag_0.003_layer_all,0.0,v_component_of_wind@850hPa,planetary,6.368986222014902e-08
sfno,mag_0.003_layer_all,24.0,v_component_of_wind@850hPa,planetary,0.022372115737433872
sfno,mag_0.003_layer_all,48.0,v_component_of_wind@850hPa,planetary,0.03043070792864138
sfno,mag_0.003_layer_all,72.0,v_component_of_wind@850hPa,planetary,0.03812688798917127
sfno,mag_0.003_layer_all,96.0,v_component_of_wind@850hPa,planetary,0.0528897138602123
sfno,mag_0.003_layer_all,120.0,v_component_of_wind@850hPa,planetary,0.09335514615913716
sfno,mag_0.003_layer_all,144.0,v_component_of_wind@850hPa,planetary,0.07200613306827508
sfno,mag_0.003_layer_all,168.0,v_component_of_wind@850hPa,planetary,0.07523132132943931
sfno,mag_0.003_layer_all,192.0,v_component_of_wind@850hPa,planetary,0.08557598531905085
sfno,mag_0.003_layer_all,216.0,v_component_of_wind@850hPa,planetary,0.1086057203389323
sfno,mag_0.003_layer_all,240.0,v_component_of_wind@850hPa,planetary,0.08911142942766512
sfno,mag_0.003_layer_all,0.0,v_component_of_wind@850hPa,synoptic,3.0424499158814974e-07
sfno,mag_0.003_layer_all,24.0,v_component_of_wind@850hPa,synoptic,0.07728422197199411
sfno,mag_0.003_layer_all,48.0,v_component_of_wind@850hPa,synoptic,0.09594487025672292
sfno,mag_0.003_layer_all,72.0,v_component_of_wind@850hPa,synoptic,0.10584540953070536
sfno,mag_0.003_layer_all,96.0,v_component_of_wind@850hPa,synoptic,0.1183989780868286
sfno,mag_0.003_layer_all,120.0,v_component_of_wind@850hPa,synoptic,0.11973692101676586
sfno,mag_0.003_layer_all,144.0,v_component_of_wind@850hPa,synoptic,0.11258876211543649
sfno,mag_0.003_layer_all,168.0,v_component_of_wind@850hPa,synoptic,0.143365357426042
sfno,mag_0.003_layer_all,192.0,v_component_of_wind@850hPa,synoptic,0.15211826658057376
sfno,mag_0.003_layer_all,216.0,v_component_of_wind@850hPa,synoptic,0.15518283750857514
sfno,mag_0.003_layer_all,240.0,v_component_of_wind@850hPa,synoptic,0.1309815633718879
sfno,mag_0.003_layer_all,0.0,v_component_of_wind@850hPa,upper_mesoscale,1.8770552686472786e-06
sfno,mag_0.003_layer_all,24.0,v_component_of_wind@850hPa,upper_mesoscale,0.2643953845197283
sfno,mag_0.003_layer_all,48.0,v_component_of_wind@850hPa,upper_mesoscale,0.2934219960020294
sfno,mag_0.003_layer_all,72.0,v_component_of_wind@850hPa,upper_mesoscale,0.3028418232893656
sfno,mag_0.003_layer_all,96.0,v_component_of_wind@850hPa,upper_mesoscale,0.2912229101165618
sfno,mag_0.003_layer_all,120.0,v_component_of_wind@850hPa,upper_mesoscale,0.3154260883971217
sfno,mag_0.003_layer_all,144.0,v_component_of_wind@850hPa,upper_mesoscale,0.3085366956246723
sfno,mag_0.003_layer_all,168.0,v_component_of_wind@850hPa,upper_mesoscale,0.3333347897943964
sfno,mag_0.003_layer_all,192.0,v_component_of_wind@850hPa,upper_mesoscale,0.36166367468997546
sfno,mag_0.003_layer_all,216.0,v_component_of_wind@850hPa,upper_mesoscale,0.32854282022787107
sfno,mag_0.003_layer_all,240.0,v_component_of_wind@850hPa,upper_mesoscale,0.33078835816335544
sfno,mag_0.003_layer_all,0.0,v_component_of_wind@850hPa,lower_mesoscale,0.02700776878290303
sfno,mag_0.003_layer_all,24.0,v_component_of_wind@850hPa,lower_mesoscale,1.302915117351777
sfno,mag_0.003_layer_all,48.0,v_component_of_wind@850hPa,lower_mesoscale,1.3339668353808143
sfno,mag_0.003_layer_all,72.0,v_component_of_wind@850hPa,lower_mesoscale,1.2988684207374268
sfno,mag_0.003_layer_all,96.0,v_component_of_wind@850hPa,lower_mesoscale,1.3086319439916303
sfno,mag_0.003_layer_all,120.0,v_component_of_wind@850hPa,lower_mesoscale,1.2859136359636083
sfno,mag_0.003_layer_all,144.0,v_component_of_wind@850hPa,lower_mesoscale,1.3001592875451147
sfno,mag_0.003_layer_all,168.0,v_component_of_wind@850hPa,lower_mesoscale,1.3265714303653953
sfno,mag_0.003_layer_all,192.0,v_component_of_wind@850hPa,lower_mesoscale,1.2975451373809053
sfno,mag_0.003_layer_all,216.0,v_component_of_wind@850hPa,lower_mesoscale,1.2881154566231967
sfno,mag_0.003_layer_all,240.0,v_component_of_wind@850hPa,lower_mesoscale,1.30395962422904
sfno,mag_0.01_layer_all,0.0,v_component_of_wind@850hPa,planetary,6.368986222014902e-08
sfno,mag_0.01_layer_all,24.0,v_component_of_wind@850hPa,planetary,0.021440310538909234
sfno,mag_0.01_layer_all,48.0,v_component_of_wind@850hPa,planetary,0.02857826071810215
sfno,mag_0.01_layer_all,72.0,v_component_of_wind@850hPa,planetary,0.03698089169516611
sfno,mag_0.01_layer_all,96.0,v_component_of_wind@850hPa,planetary,0.049033879567561243
sfno,mag_0.01_layer_all,120.0,v_component_of_wind@850hPa,planetary,0.08128919812282194
sfno,mag_0.01_layer_all,144.0,v_component_of_wind@850hPa,planetary,0.06593085055782465
sfno,mag_0.01_layer_all,168.0,v_component_of_wind@850hPa,planetary,0.06624314841696151
sfno,mag_0.01_layer_all,192.0,v_component_of_wind@850hPa,planetary,0.0835660530713967
sfno,mag_0.01_layer_all,216.0,v_component_of_wind@850hPa,planetary,0.10713615824785298
sfno,mag_0.01_layer_all,240.0,v_component_of_wind@850hPa,planetary,0.11418616727330409
sfno,mag_0.01_layer_all,0.0,v_component_of_wind@850hPa,synoptic,3.0424499158814974e-07
sfno,mag_0.01_layer_all,24.0,v_component_of_wind@850hPa,synoptic,0.07592649207913646
sfno,mag_0.01_layer_all,48.0,v_component_of_wind@850hPa,synoptic,0.0937015820607487
sfno,mag_0.01_layer_all,72.0,v_component_of_wind@850hPa,synoptic,0.10200967557804248
sfno,mag_0.01_layer_all,96.0,v_component_of_wind@850hPa,synoptic,0.11634460628112359
sfno,mag_0.01_layer_all,120.0,v_component_of_wind@850hPa,synoptic,0.1138869240967182
sfno,mag_0.01_layer_all,144.0,v_component_of_wind@850hPa,synoptic,0.11155317262528884
sfno,mag_0.01_layer_all,168.0,v_component_of_wind@850hPa,synoptic,0.12759159794057698
sfno,mag_0.01_layer_all,192.0,v_component_of_wind@850hPa,synoptic,0.13686484900127432
sfno,mag_0.01_layer_all,216.0,v_component_of_wind@850hPa,synoptic,0.14312907031315986
sfno,mag_0.01_layer_all,240.0,v_component_of_wind@850hPa,synoptic,0.11435186568067854
sfno,mag_0.01_layer_all,0.0,v_component_of_wind@850hPa,upper_mesoscale,1.8770552686472786e-06
sfno,mag_0.01_layer_all,24.0,v_component_of_wind@850hPa,upper_mesoscale,0.26450461309336326
sfno,mag_0.01_layer_all,48.0,v_component_of_wind@850hPa,upper_mesoscale,0.29388497341596903
sfno,mag_0.01_layer_all,72.0,v_component_of_wind@850hPa,upper_mesoscale,0.30121594158755904
sfno,mag_0.01_layer_all,96.0,v_component_of_wind@850hPa,upper_mesoscale,0.29296394350932164
sfno,mag_0.01_layer_all,120.0,v_component_of_wind@850hPa,upper_mesoscale,0.31147964341604417
sfno,mag_0.01_layer_all,144.0,v_component_of_wind@850hPa,upper_mesoscale,0.31172423598474697
sfno,mag_0.01_layer_all,168.0,v_component_of_wind@850hPa,upper_mesoscale,0.32580958947244754
sfno,mag_0.01_layer_all,192.0,v_component_of_wind@850hPa,upper_mesoscale,0.35737992281139613
sfno,mag_0.01_layer_all,216.0,v_component_of_wind@850hPa,upper_mesoscale,0.32164941212010384
sfno,mag_0.01_layer_all,240.0,v_component_of_wind@850hPa,upper_mesoscale,0.32184945970397233
sfno,mag_0.01_layer_all,0.0,v_component_of_wind@850hPa,lower_mesoscale,0.02700776878290303
sfno,mag_0.01_layer_all,24.0,v_component_of_wind@850hPa,lower_mesoscale,1.303611409417201
sfno,mag_0.01_layer_all,48.0,v_component_of_wind@850hPa,lower_mesoscale,1.3348604639724473
sfno,mag_0.01_layer_all,72.0,v_component_of_wind@850hPa,lower_mesoscale,1.3003095718470254
sfno,mag_0.01_layer_all,96.0,v_component_of_wind@850hPa,lower_mesoscale,1.31060322087254
sfno,mag_0.01_layer_all,120.0,v_component_of_wind@850hPa,lower_mesoscale,1.2864576505732053
sfno,mag_0.01_layer_all,144.0,v_component_of_wind@850hPa,lower_mesoscale,1.3017993406879327
sfno,mag_0.01_layer_all,168.0,v_component_of_wind@850hPa,lower_mesoscale,1.3269562477321837
sfno,mag_0.01_layer_all,192.0,v_component_of_wind@850hPa,lower_mesoscale,1.2965812979345719
sfno,mag_0.01_layer_all,216.0,v_component_of_wind@850hPa,lower_mesoscale,1.2871180806885667
sfno,mag_0.01_layer_all,240.0,v_component_of_wind@850hPa,lower_mesoscale,1.3033031514240805
sfno,mag_0.03_layer_all,0.0,v_component_of_wind@850hPa,planetary,6.368986222014902e-08
sfno,mag_0.03_layer_all,24.0,v_component_of_wind@850hPa,planetary,0.019882697585600687
sfno,mag_0.03_layer_all,48.0,v_component_of_wind@850hPa,planetary,0.024644710614769416
sfno,mag_0.03_layer_all,72.0,v_component_of_wind@850hPa,planetary,0.03518056900355469
sfno,mag_0.03_layer_all,96.0,v_component_of_wind@850hPa,planetary,0.03968124795376591
sfno,mag_0.03_layer_all,120.0,v_component_of_wind@850hPa,planetary,0.056056725391882535
sfno,mag_0.03_layer_all,144.0,v_component_of_wind@850hPa,planetary,0.06980837878437686
sfno,mag_0.03_layer_all,168.0,v_component_of_wind@850hPa,planetary,0.06435138786241189
sfno,mag_0.03_layer_all,192.0,v_component_of_wind@850hPa,planetary,0.09882643212392628
sfno,mag_0.03_layer_all,216.0,v_component_of_wind@850hPa,planetary,0.112121845670758
sfno,mag_0.03_layer_all,240.0,v_component_of_wind@850hPa,planetary,0.11574173213803919
sfno,mag_0.03_layer_all,0.0,v_component_of_wind@850hPa,synoptic,3.0424499158814974e-07
sfno,mag_0.03_layer_all,24.0,v_component_of_wind@850hPa,synoptic,0.07374651813797777
sfno,mag_0.03_layer_all,48.0,v_component_of_wind@850hPa,synoptic,0.09087486537417971
sfno,mag_0.03_layer_all,72.0,v_component_of_wind@850hPa,synoptic,0.09000699925940235
sfno,mag_0.03_layer_all,96.0,v_component_of_wind@850hPa,synoptic,0.11732188236383292
sfno,mag_0.03_layer_all,120.0,v_component_of_wind@850hPa,synoptic,0.1080668336509619
sfno,mag_0.03_layer_all,144.0,v_component_of_wind@850hPa,synoptic,0.09849426575591655
sfno,mag_0.03_layer_all,168.0,v_component_of_wind@850hPa,synoptic,0.11220515624818603
sfno,mag_0.03_layer_all,192.0,v_component_of_wind@850hPa,synoptic,0.11427261738225944
sfno,mag_0.03_layer_all,216.0,v_component_of_wind@850hPa,synoptic,0.11812228093807942
sfno,mag_0.03_layer_all,240.0,v_component_of_wind@850hPa,synoptic,0.10221487664075353
sfno,mag_0.03_layer_all,0.0,v_component_of_wind@850hPa,upper_mesoscale,1.8770552686472786e-06
sfno,mag_0.03_layer_all,24.0,v_component_of_wind@850hPa,upper_mesoscale,0.26652773286332937
sfno,mag_0.03_layer_all,48.0,v_component_of_wind@850hPa,upper_mesoscale,0.2985145976107903
sfno,mag_0.03_layer_all,72.0,v_component_of_wind@850hPa,upper_mesoscale,0.2932516465253055
sfno,mag_0.03_layer_all,96.0,v_component_of_wind@850hPa,upper_mesoscale,0.2956778847490181
sfno,mag_0.03_layer_all,120.0,v_component_of_wind@850hPa,upper_mesoscale,0.3047113596798517
sfno,mag_0.03_layer_all,144.0,v_component_of_wind@850hPa,upper_mesoscale,0.3002644874405718
sfno,mag_0.03_layer_all,168.0,v_component_of_wind@850hPa,upper_mesoscale,0.2942228001154297
sfno,mag_0.03_layer_all,192.0,v_component_of_wind@850hPa,upper_mesoscale,0.3244489082162861
sfno,mag_0.03_layer_all,216.0,v_component_of_wind@850hPa,upper_mesoscale,0.297588866614628
sfno,mag_0.03_layer_all,240.0,v_component_of_wind@850hPa,upper_mesoscale,0.30156041490932195
sfno,mag_0.03_layer_all,0.0,v_component_of_wind@850hPa,lower_mesoscale,0.02700776878290303
sfno,mag_0.03_layer_all,24.0,v_component_of_wind@850hPa,lower_mesoscale,1.3062279429104757
sfno,mag_0.03_layer_all,48.0,v_component_of_wind@850hPa,lower_mesoscale,1.3371027301034686
sfno,mag_0.03_layer_all,72.0,v_component_of_wind@850hPa,lower_mesoscale,1.302746201858997
sfno,mag_0.03_layer_all,96.0,v_component_of_wind@850hPa,lower_mesoscale,1.320074469095733
sfno,mag_0.03_layer_all,120.0,v_component_of_wind@850hPa,lower_mesoscale,1.2968347605261992
sfno,mag_0.03_layer_all,144.0,v_component_of_wind@850hPa,lower_mesoscale,1.3111583802868683
sfno,mag_0.03_layer_all,168.0,v_component_of_wind@850hPa,lower_mesoscale,1.3331633664290914
sfno,mag_0.03_layer_all,192.0,v_component_of_wind@850hPa,lower_mesoscale,1.3062660872375034
sfno,mag_0.03_layer_all,216.0,v_component_of_wind@850hPa,lower_mesoscale,1.297453044153172
sfno,mag_0.03_layer_all,240.0,v_component_of_wind@850hPa,lower_mesoscale,1.3117219392985093
sfno,mag_0.1_layer_all,0.0,v_component_of_wind@850hPa,planetary,6.368986222014902e-08
sfno,mag_0.1_layer_all,24.0,v_component_of_wind@850hPa,planetary,0.030974269659738207
sfno,mag_0.1_layer_all,48.0,v_component_of_wind@850hPa,planetary,0.05519928567278742
sfno,mag_0.1_layer_all,72.0,v_component_of_wind@850hPa,planetary,0.09414397713487091
sfno,mag_0.1_layer_all,96.0,v_component_of_wind@850hPa,planetary,0.1088737383680498
sfno,mag_0.1_layer_all,120.0,v_component_of_wind@850hPa,planetary,0.06486538440495145
sfno,mag_0.1_layer_all,144.0,v_component_of_wind@850hPa,planetary,0.09100206613819675
sfno,mag_0.1_layer_all,168.0,v_component_of_wind@850hPa,planetary,0.14445817823801158
sfno,mag_0.1_layer_all,192.0,v_component_of_wind@850hPa,planetary,0.21085355392214578
sfno,mag_0.1_layer_all,216.0,v_component_of_wind@850hPa,planetary,0.2951437996107814
sfno,mag_0.1_layer_all,240.0,v_component_of_wind@850hPa,planetary,0.3715240761852325
sfno,mag_0.1_layer_all,0.0,v_component_of_wind@850hPa,synoptic,3.0424499158814974e-07
sfno,mag_0.1_layer_all,24.0,v_component_of_wind@850hPa,synoptic,0.07953413982585383
sfno,mag_0.1_layer_all,48.0,v_component_of_wind@850hPa,synoptic,0.08569991158881213
sfno,mag_0.1_layer_all,72.0,v_component_of_wind@850hPa,synoptic,0.059299771462950956
sfno,mag_0.1_layer_all,96.0,v_component_of_wind@850hPa,synoptic,0.0676646325811927
sfno,mag_0.1_layer_all,120.0,v_component_of_wind@850hPa,synoptic,0.19829747276188345
sfno,mag_0.1_layer_all,144.0,v_component_of_wind@850hPa,synoptic,0.3051619766974998
sfno,mag_0.1_layer_all,168.0,v_component_of_wind@850hPa,synoptic,0.389911841956634
sfno,mag_0.1_layer_all,192.0,v_component_of_wind@850hPa,synoptic,0.47431292095762656
sfno,mag_0.1_layer_all,216.0,v_component_of_wind@850hPa,synoptic,0.5506838921220729
sfno,mag_0.1_layer_all,240.0,v_component_of_wind@850hPa,synoptic,0.6656617254721935
sfno,mag_0.1_layer_all,0.0,v_component_of_wind@850hPa,upper_mesoscale,1.8770552686472786e-06
sfno,mag_0.1_layer_all,24.0,v_component_of_wind@850hPa,upper_mesoscale,0.2696518491538334
sfno,mag_0.1_layer_all,48.0,v_component_of_wind@850hPa,upper_mesoscale,0.24579701423101796
sfno,mag_0.1_layer_all,72.0,v_component_of_wind@850hPa,upper_mesoscale,0.10049021251861232
sfno,mag_0.1_layer_all,96.0,v_component_of_wind@850hPa,upper_mesoscale,0.08852001208194805
sfno,mag_0.1_layer_all,120.0,v_component_of_wind@850hPa,upper_mesoscale,0.4214777920975983
sfno,mag_0.1_layer_all,144.0,v_component_of_wind@850hPa,upper_mesoscale,0.4821910981076441
sfno,mag_0.1_layer_all,168.0,v_component_of_wind@850hPa,upper_mesoscale,0.6111108339181689
sfno,mag_0.1_layer_all,192.0,v_component_of_wind@850hPa,upper_mesoscale,0.7105899265445016
sfno,mag_0.1_layer_all,216.0,v_component_of_wind@850hPa,upper_mesoscale,0.7789066973624047
sfno,mag_0.1_layer_all,240.0,v_component_of_wind@850hPa,upper_mesoscale,0.8462035942932097
sfno,mag_0.1_layer_all,0.0,v_component_of_wind@850hPa,lower_mesoscale,0.02700776878290303
sfno,mag_0.1_layer_all,24.0,v_component_of_wind@850hPa,lower_mesoscale,1.3257728241503983
sfno,mag_0.1_layer_all,48.0,v_component_of_wind@850hPa,lower_mesoscale,1.3632984258176402
sfno,mag_0.1_layer_all,72.0,v_component_of_wind@850hPa,lower_mesoscale,1.365371954762071
sfno,mag_0.1_layer_all,96.0,v_component_of_wind@850hPa,lower_mesoscale,1.4310503320637302
sfno,mag_0.1_layer_all,120.0,v_component_of_wind@850hPa,lower_mesoscale,1.5619620689887166
sfno,mag_0.1_layer_all,144.0,v_component_of_wind@850hPa,lower_mesoscale,1.5815969846436269
sfno,mag_0.1_layer_all,168.0,v_component_of_wind@850hPa,lower_mesoscale,1.7230199269524786
sfno,mag_0.1_layer_all,192.0,v_component_of_wind@850hPa,lower_mesoscale,1.7685478652944067
sfno,mag_0.1_layer_all,216.0,v_component_of_wind@850hPa,lower_mesoscale,1.759432827398954
sfno,mag_0.1_layer_all,240.0,v_component_of_wind@850hPa,lower_mesoscale,1.8533583910195794
aifs,mag_0_layer_all,0.0,v_component_of_wind@850hPa,planetary,7.225274945677705e-07
aifs,mag_0_layer_all,24.0,v_component_of_wind@850hPa,planetary,0.01067007703950405
aifs,mag_0_layer_all,48.0,v_component_of_wind@850hPa,planetary,0.012306624829344626
aifs,mag_0_layer_all,72.0,v_component_of_wind@850hPa,planetary,0.0216850253965413
aifs,mag_0_layer_all,96.0,v_component_of_wind@850hPa,planetary,0.033318577148921995
aifs,mag_0_layer_all,120.0,v_component_of_wind@850hPa,planetary,0.04830821019688795
aifs,mag_0_layer_all,144.0,v_component_of_wind@850hPa,planetary,0.07146386644800012
aifs,mag_0_layer_all,168.0,v_component_of_wind@850hPa,planetary,0.06519118256439319
aifs,mag_0_layer_all,192.0,v_component_of_wind@850hPa,planetary,0.0917333260952116
aifs,mag_0_layer_all,216.0,v_component_of_wind@850hPa,planetary,0.14259595244697887
aifs,mag_0_layer_all,240.0,v_component_of_wind@850hPa,planetary,0.16723428080469527
aifs,mag_0_layer_all,0.0,v_component_of_wind@850hPa,synoptic,2.116759024800366e-06
aifs,mag_0_layer_all,24.0,v_component_of_wind@850hPa,synoptic,0.06025090070973306
aifs,mag_0_layer_all,48.0,v_component_of_wind@850hPa,synoptic,0.10078067401262654
aifs,mag_0_layer_all,72.0,v_component_of_wind@850hPa,synoptic,0.14096176876321984
aifs,mag_0_layer_all,96.0,v_component_of_wind@850hPa,synoptic,0.1691774803070695
aifs,mag_0_layer_all,120.0,v_component_of_wind@850hPa,synoptic,0.16416202907472469
aifs,mag_0_layer_all,144.0,v_component_of_wind@850hPa,synoptic,0.193309032558154
aifs,mag_0_layer_all,168.0,v_component_of_wind@850hPa,synoptic,0.2048047353621842
aifs,mag_0_layer_all,192.0,v_component_of_wind@850hPa,synoptic,0.22579460192442255
aifs,mag_0_layer_all,216.0,v_component_of_wind@850hPa,synoptic,0.24364560339646738
aifs,mag_0_layer_all,240.0,v_component_of_wind@850hPa,synoptic,0.2256219518741316
aifs,mag_0_layer_all,0.0,v_component_of_wind@850hPa,upper_mesoscale,7.966763471135887e-06
aifs,mag_0_layer_all,24.0,v_component_of_wind@850hPa,upper_mesoscale,0.28539479331617357
aifs,mag_0_layer_all,48.0,v_component_of_wind@850hPa,upper_mesoscale,0.37326544900494285
aifs,mag_0_layer_all,72.0,v_component_of_wind@850hPa,upper_mesoscale,0.4439400596081106
aifs,mag_0_layer_all,96.0,v_component_of_wind@850hPa,upper_mesoscale,0.47584195891236186
aifs,mag_0_layer_all,120.0,v_component_of_wind@850hPa,upper_mesoscale,0.4942507535081052
aifs,mag_0_layer_all,144.0,v_component_of_wind@850hPa,upper_mesoscale,0.5062891520090501
aifs,mag_0_layer_all,168.0,v_component_of_wind@850hPa,upper_mesoscale,0.5061609063793266
aifs,mag_0_layer_all,192.0,v_component_of_wind@850hPa,upper_mesoscale,0.5455692401543408
aifs,mag_0_layer_all,216.0,v_component_of_wind@850hPa,upper_mesoscale,0.528933613115723
aifs,mag_0_layer_all,240.0,v_component_of_wind@850hPa,upper_mesoscale,0.5243903904851335
aifs,mag_0_layer_all,0.0,v_component_of_wind@850hPa,lower_mesoscale,0.07251501419024188
aifs,mag_0_layer_all,24.0,v_component_of_wind@850hPa,lower_mesoscale,1.527760737964277
aifs,mag_0_layer_all,48.0,v_component_of_wind@850hPa,lower_mesoscale,1.5427451081542405
aifs,mag_0_layer_all,72.0,v_component_of_wind@850hPa,lower_mesoscale,1.5061584148555331
aifs,mag_0_layer_all,96.0,v_component_of_wind@850hPa,lower_mesoscale,1.5281925216488608
aifs,mag_0_layer_all,120.0,v_component_of_wind@850hPa,lower_mesoscale,1.500447339461264
aifs,mag_0_layer_all,144.0,v_component_of_wind@850hPa,lower_mesoscale,1.507601299780413
aifs,mag_0_layer_all,168.0,v_component_of_wind@850hPa,lower_mesoscale,1.5287737631250824
aifs,mag_0_layer_all,192.0,v_component_of_wind@850hPa,lower_mesoscale,1.4998177362596528
aifs,mag_0_layer_all,216.0,v_component_of_wind@850hPa,lower_mesoscale,1.4849301710112688
aifs,mag_0_layer_all,240.0,v_component_of_wind@850hPa,lower_mesoscale,1.4977908242936284
aifs,mag_0.003_layer_all,0.0,v_component_of_wind@850hPa,planetary,7.225274945677705e-07
aifs,mag_0.003_layer_all,24.0,v_component_of_wind@850hPa,planetary,0.009069143972597398
aifs,mag_0.003_layer_all,48.0,v_component_of_wind@850hPa,planetary,0.010200157727057046
aifs,mag_0.003_layer_all,72.0,v_component_of_wind@850hPa,planetary,0.019837432036572646
aifs,mag_0.003_layer_all,96.0,v_component_of_wind@850hPa,planetary,0.033324598296349615
aifs,mag_0.003_layer_all,120.0,v_component_of_wind@850hPa,planetary,0.048421596355065835
aifs,mag_0.003_layer_all,144.0,v_component_of_wind@850hPa,planetary,0.0716361418559312
aifs,mag_0.003_layer_all,168.0,v_component_of_wind@850hPa,planetary,0.06196634863379365
aifs,mag_0.003_layer_all,192.0,v_component_of_wind@850hPa,planetary,0.08959562403337921
aifs,mag_0.003_layer_all,216.0,v_component_of_wind@850hPa,planetary,0.12981383604526994
aifs,mag_0.003_layer_all,240.0,v_component_of_wind@850hPa,planetary,0.13862535121644667
aifs,mag_0.003_layer_all,0.0,v_component_of_wind@850hPa,synoptic,2.116759024821429e-06
aifs,mag_0.003_layer_all,24.0,v_component_of_wind@850hPa,synoptic,0.060083656801798425
aifs,mag_0.003_layer_all,48.0,v_component_of_wind@850hPa,synoptic,0.09913598392816468
aifs,mag_0.003_layer_all,72.0,v_component_of_wind@850hPa,synoptic,0.13779231417499752
aifs,mag_0.003_layer_all,96.0,v_component_of_wind@850hPa,synoptic,0.166285358097639
aifs,mag_0.003_layer_all,120.0,v_component_of_wind@850hPa,synoptic,0.1615812332022361
aifs,mag_0.003_layer_all,144.0,v_component_of_wind@850hPa,synoptic,0.18832079268737548
aifs,mag_0.003_layer_all,168.0,v_component_of_wind@850hPa,synoptic,0.2005392631319438
aifs,mag_0.003_layer_all,192.0,v_component_of_wind@850hPa,synoptic,0.2199165082657553
aifs,mag_0.003_layer_all,216.0,v_component_of_wind@850hPa,synoptic,0.2409396508454054
aifs,mag_0.003_layer_all,240.0,v_component_of_wind@850hPa,synoptic,0.21720830851746661
aifs,mag_0.003_layer_all,0.0,v_component_of_wind@850hPa,upper_mesoscale,7.966763471151531e-06
aifs,mag_0.003_layer_all,24.0,v_component_of_wind@850hPa,upper_mesoscale,0.28453505067082374
aifs,mag_0.003_layer_all,48.0,v_component_of_wind@850hPa,upper_mesoscale,0.3700065858821426
aifs,mag_0.003_layer_all,72.0,v_component_of_wind@850hPa,upper_mesoscale,0.44010412808542654
aifs,mag_0.003_layer_all,96.0,v_component_of_wind@850hPa,upper_mesoscale,0.47067459131360245
aifs,mag_0.003_layer_all,120.0,v_component_of_wind@850hPa,upper_mesoscale,0.48905235287131554
aifs,mag_0.003_layer_all,144.0,v_component_of_wind@850hPa,upper_mesoscale,0.5003416009837707
aifs,mag_0.003_layer_all,168.0,v_component_of_wind@850hPa,upper_mesoscale,0.4987839393678785
aifs,mag_0.003_layer_all,192.0,v_component_of_wind@850hPa,upper_mesoscale,0.538049745454114
aifs,mag_0.003_layer_all,216.0,v_component_of_wind@850hPa,upper_mesoscale,0.5210499236341808
aifs,mag_0.003_layer_all,240.0,v_component_of_wind@850hPa,upper_mesoscale,0.5172550799390401
aifs,mag_0.003_layer_all,0.0,v_component_of_wind@850hPa,lower_mesoscale,0.07251501419024188
aifs,mag_0.003_layer_all,24.0,v_component_of_wind@850hPa,lower_mesoscale,1.5279741154885098
aifs,mag_0.003_layer_all,48.0,v_component_of_wind@850hPa,lower_mesoscale,1.5433039563579507
aifs,mag_0.003_layer_all,72.0,v_component_of_wind@850hPa,lower_mesoscale,1.5063640585564584
aifs,mag_0.003_layer_all,96.0,v_component_of_wind@850hPa,lower_mesoscale,1.528544429532181
aifs,mag_0.003_layer_all,120.0,v_component_of_wind@850hPa,lower_mesoscale,1.500571263031947
aifs,mag_0.003_layer_all,144.0,v_component_of_wind@850hPa,lower_mesoscale,1.5077433654786088
aifs,mag_0.003_layer_all,168.0,v_component_of_wind@850hPa,lower_mesoscale,1.52848912911916
aifs,mag_0.003_layer_all,192.0,v_component_of_wind@850hPa,lower_mesoscale,1.500808001469419
aifs,mag_0.003_layer_all,216.0,v_component_of_wind@850hPa,lower_mesoscale,1.4865438821112227
aifs,mag_0.003_layer_all,240.0,v_component_of_wind@850hPa,lower_mesoscale,1.4975404944273694
aifs,mag_0.01_layer_all,0.0,v_component_of_wind@850hPa,planetary,7.225274945677705e-07
aifs,mag_0.01_layer_all,24.0,v_component_of_wind@850hPa,planetary,0.006102307717553837
aifs,mag_0.01_layer_all,48.0,v_component_of_wind@850hPa,planetary,0.007937822783661373
aifs,mag_0.01_layer_all,72.0,v_component_of_wind@850hPa,planetary,0.016179529771001067
aifs,mag_0.01_layer_all,96.0,v_component_of_wind@850hPa,planetary,0.03495588549588633
aifs,mag_0.01_layer_all,120.0,v_component_of_wind@850hPa,planetary,0.05293525848704374
aifs,mag_0.01_layer_all,144.0,v_component_of_wind@850hPa,planetary,0.06883828003799393
aifs,mag_0.01_layer_all,168.0,v_component_of_wind@850hPa,planetary,0.06241433627778329
aifs,mag_0.01_layer_all,192.0,v_component_of_wind@850hPa,planetary,0.0982418735309317
aifs,mag_0.01_layer_all,216.0,v_component_of_wind@850hPa,planetary,0.13670404072942868
aifs,mag_0.01_layer_all,240.0,v_component_of_wind@850hPa,planetary,0.1138169795551385
aifs,mag_0.01_layer_all,0.0,v_component_of_wind@850hPa,synoptic,2.116759024821429e-06
aifs,mag_0.01_layer_all,24.0,v_component_of_wind@850hPa,synoptic,0.06457942476505135
aifs,mag_0.01_layer_all,48.0,v_component_of_wind@850hPa,synoptic,0.09958658635777973
aifs,mag_0.01_layer_all,72.0,v_component_of_wind@850hPa,synoptic,0.1345622732255912
aifs,mag_0.01_layer_all,96.0,v_component_of_wind@850hPa,synoptic,0.16550456080667306
aifs,mag_0.01_layer_all,120.0,v_component_of_wind@850hPa,synoptic,0.15892536758523534
aifs,mag_0.01_layer_all,144.0,v_component_of_wind@850hPa,synoptic,0.1760337357146112
aifs,mag_0.01_layer_all,168.0,v_component_of_wind@850hPa,synoptic,0.18772094866072409
aifs,mag_0.01_layer_all,192.0,v_component_of_wind@850hPa,synoptic,0.2080013917443182
aifs,mag_0.01_layer_all,216.0,v_component_of_wind@850hPa,synoptic,0.23340426389002542
aifs,mag_0.01_layer_all,240.0,v_component_of_wind@850hPa,synoptic,0.2077533579740661
aifs,mag_0.01_layer_all,0.0,v_component_of_wind@850hPa,upper_mesoscale,7.966763471151531e-06
aifs,mag_0.01_layer_all,24.0,v_component_of_wind@850hPa,upper_mesoscale,0.2891961760974534
aifs,mag_0.01_layer_all,48.0,v_component_of_wind@850hPa,upper_mesoscale,0.36721115494756085
aifs,mag_0.01_layer_all,72.0,v_component_of_wind@850hPa,upper_mesoscale,0.432315942213039
aifs,mag_0.01_layer_all,96.0,v_component_of_wind@850hPa,upper_mesoscale,0.45997495180203235
aifs,mag_0.01_layer_all,120.0,v_component_of_wind@850hPa,upper_mesoscale,0.47281529244079196
aifs,mag_0.01_layer_all,144.0,v_component_of_wind@850hPa,upper_mesoscale,0.48056796734990453
aifs,mag_0.01_layer_all,168.0,v_component_of_wind@850hPa,upper_mesoscale,0.472546912642765
aifs,mag_0.01_layer_all,192.0,v_component_of_wind@850hPa,upper_mesoscale,0.5204281186859188
aifs,mag_0.01_layer_all,216.0,v_component_of_wind@850hPa,upper_mesoscale,0.510116583438942
aifs,mag_0.01_layer_all,240.0,v_component_of_wind@850hPa,upper_mesoscale,0.5093733265415731
aifs,mag_0.01_layer_all,0.0,v_component_of_wind@850hPa,lower_mesoscale,0.07251501419024188
aifs,mag_0.01_layer_all,24.0,v_component_of_wind@850hPa,lower_mesoscale,1.5286064980779177
aifs,mag_0.01_layer_all,48.0,v_component_of_wind@850hPa,lower_mesoscale,1.545305675439438
aifs,mag_0.01_layer_all,72.0,v_component_of_wind@850hPa,lower_mesoscale,1.507810112054014
aifs,mag_0.01_layer_all,96.0,v_component_of_wind@850hPa,lower_mesoscale,1.5294455063383428
aifs,mag_0.01_layer_all,120.0,v_component_of_wind@850hPa,lower_mesoscale,1.501163753837192
aifs,mag_0.01_layer_all,144.0,v_component_of_wind@850hPa,lower_mesoscale,1.5089470573266837
aifs,mag_0.01_layer_all,168.0,v_component_of_wind@850hPa,lower_mesoscale,1.5296563534122343
aifs,mag_0.01_layer_all,192.0,v_component_of_wind@850hPa,lower_mesoscale,1.502843909310944
aifs,mag_0.01_layer_all,216.0,v_component_of_wind@850hPa,lower_mesoscale,1.4899279302590125
aifs,mag_0.01_layer_all,240.0,v_component_of_wind@850hPa,lower_mesoscale,1.5003629300303911
aifs,mag_0.03_layer_all,0.0,v_component_of_wind@850hPa,planetary,7.225274945677705e-07
aifs,mag_0.03_layer_all,24.0,v_component_of_wind@850hPa,planetary,0.012732721728242646
aifs,mag_0.03_layer_all,48.0,v_component_of_wind@850hPa,planetary,0.018749643725128076
aifs,mag_0.03_layer_all,72.0,v_component_of_wind@850hPa,planetary,0.018790384320827462
aifs,mag_0.03_layer_all,96.0,v_component_of_wind@850hPa,planetary,0.03194283704509909
aifs,mag_0.03_layer_all,120.0,v_component_of_wind@850hPa,planetary,0.051091550165780666
aifs,mag_0.03_layer_all,144.0,v_component_of_wind@850hPa,planetary,0.05375473076535063
aifs,mag_0.03_layer_all,168.0,v_component_of_wind@850hPa,planetary,0.0807994482733678
aifs,mag_0.03_layer_all,192.0,v_component_of_wind@850hPa,planetary,0.11667965732124001
aifs,mag_0.03_layer_all,216.0,v_component_of_wind@850hPa,planetary,0.12498870350938193
aifs,mag_0.03_layer_all,240.0,v_component_of_wind@850hPa,planetary,0.0991011653470971
aifs,mag_0.03_layer_all,0.0,v_component_of_wind@850hPa,synoptic,2.116759024821429e-06
aifs,mag_0.03_layer_all,24.0,v_component_of_wind@850hPa,synoptic,0.08933713818481268
aifs,mag_0.03_layer_all,48.0,v_component_of_wind@850hPa,synoptic,0.11516038574263156
aifs,mag_0.03_layer_all,72.0,v_component_of_wind@850hPa,synoptic,0.13338892719661746
aifs,mag_0.03_layer_all,96.0,v_component_of_wind@850hPa,synoptic,0.15981635397913915
aifs,mag_0.03_layer_all,120.0,v_component_of_wind@850hPa,synoptic,0.1494852124827897
aifs,mag_0.03_layer_all,144.0,v_component_of_wind@850hPa,synoptic,0.13162679155450188
aifs,mag_0.03_layer_all,168.0,v_component_of_wind@850hPa,synoptic,0.16153959986882413
aifs,mag_0.03_layer_all,192.0,v_component_of_wind@850hPa,synoptic,0.17533293833624516
aifs,mag_0.03_layer_all,216.0,v_component_of_wind@850hPa,synoptic,0.19447446049366385
aifs,mag_0.03_layer_all,240.0,v_component_of_wind@850hPa,synoptic,0.17816608563355285
aifs,mag_0.03_layer_all,0.0,v_component_of_wind@850hPa,upper_mesoscale,7.966763471151531e-06
aifs,mag_0.03_layer_all,24.0,v_component_of_wind@850hPa,upper_mesoscale,0.32224761896538107
aifs,mag_0.03_layer_all,48.0,v_component_of_wind@850hPa,upper_mesoscale,0.36872482589929145
aifs,mag_0.03_layer_all,72.0,v_component_of_wind@850hPa,upper_mesoscale,0.3920687758230747
aifs,mag_0.03_layer_all,96.0,v_component_of_wind@850hPa,upper_mesoscale,0.3983084346501752
aifs,mag_0.03_layer_all,120.0,v_component_of_wind@850hPa,upper_mesoscale,0.4007762381815889
aifs,mag_0.03_layer_all,144.0,v_component_of_wind@850hPa,upper_mesoscale,0.3883902907864435
aifs,mag_0.03_layer_all,168.0,v_component_of_wind@850hPa,upper_mesoscale,0.38497040825831047
aifs,mag_0.03_layer_all,192.0,v_component_of_wind@850hPa,upper_mesoscale,0.4409775601592936
aifs,mag_0.03_layer_all,216.0,v_component_of_wind@850hPa,upper_mesoscale,0.42869660640997576
aifs,mag_0.03_layer_all,240.0,v_component_of_wind@850hPa,upper_mesoscale,0.43801601303810467
aifs,mag_0.03_layer_all,0.0,v_component_of_wind@850hPa,lower_mesoscale,0.07251501419024188
aifs,mag_0.03_layer_all,24.0,v_component_of_wind@850hPa,lower_mesoscale,1.5327947983558
aifs,mag_0.03_layer_all,48.0,v_component_of_wind@850hPa,lower_mesoscale,1.553453622622081
aifs,mag_0.03_layer_all,72.0,v_component_of_wind@850hPa,lower_mesoscale,1.5168320125026866
aifs,mag_0.03_layer_all,96.0,v_component_of_wind@850hPa,lower_mesoscale,1.53939839472868
aifs,mag_0.03_layer_all,120.0,v_component_of_wind@850hPa,lower_mesoscale,1.5120989561344622
aifs,mag_0.03_layer_all,144.0,v_component_of_wind@850hPa,lower_mesoscale,1.5184951664976847
aifs,mag_0.03_layer_all,168.0,v_component_of_wind@850hPa,lower_mesoscale,1.5365381289823794
aifs,mag_0.03_layer_all,192.0,v_component_of_wind@850hPa,lower_mesoscale,1.5089211853338902
aifs,mag_0.03_layer_all,216.0,v_component_of_wind@850hPa,lower_mesoscale,1.498581110305537
aifs,mag_0.03_layer_all,240.0,v_component_of_wind@850hPa,lower_mesoscale,1.5097147189053912
aurora,mag_0_layer_all,0.0,mean_sea_level_pressure,planetary,1.2584055652165186e-07
aurora,mag_0_layer_all,24.0,mean_sea_level_pressure,planetary,0.006751378209604059
aurora,mag_0_layer_all,48.0,mean_sea_level_pressure,planetary,0.011396320803282156
aurora,mag_0_layer_all,72.0,mean_sea_level_pressure,planetary,0.01593517778436926
aurora,mag_0_layer_all,96.0,mean_sea_level_pressure,planetary,0.05680102491572958
aurora,mag_0_layer_all,120.0,mean_sea_level_pressure,planetary,0.05632666093153719
aurora,mag_0_layer_all,144.0,mean_sea_level_pressure,planetary,0.0721641887843109
aurora,mag_0_layer_all,168.0,mean_sea_level_pressure,planetary,0.05199401579730637
aurora,mag_0_layer_all,192.0,mean_sea_level_pressure,planetary,0.08268759171890018
aurora,mag_0_layer_all,216.0,mean_sea_level_pressure,planetary,0.1619931502520686
aurora,mag_0_layer_all,240.0,mean_sea_level_pressure,planetary,0.133932812454177
aurora,mag_0_layer_all,0.0,mean_sea_level_pressure,synoptic,1.0886112063857973e-06
aurora,mag_0_layer_all,24.0,mean_sea_level_pressure,synoptic,0.02219207551467987
aurora,mag_0_layer_all,48.0,mean_sea_level_pressure,synoptic,0.025829788442775444
aurora,mag_0_layer_all,72.0,mean_sea_level_pressure,synoptic,0.03762497211566232
aurora,mag_0_layer_all,96.0,mean_sea_level_pressure,synoptic,0.046560638046464396
aurora,mag_0_layer_all,120.0,mean_sea_level_pressure,synoptic,0.04169541760173862
aurora,mag_0_layer_all,144.0,mean_sea_level_pressure,synoptic,0.05072891662458021
aurora,mag_0_layer_all,168.0,mean_sea_level_pressure,synoptic,0.0748010096181055
aurora,mag_0_layer_all,192.0,mean_sea_level_pressure,synoptic,0.06309406184608073
aurora,mag_0_layer_all,216.0,mean_sea_level_pressure,synoptic,0.06325243955577523
aurora,mag_0_layer_all,240.0,mean_sea_level_pressure,synoptic,0.07104329825813106
aurora,mag_0_layer_all,0.0,mean_sea_level_pressure,upper_mesoscale,5.453985967782581e-06
aurora,mag_0_layer_all,24.0,mean_sea_level_pressure,upper_mesoscale,0.04258830290025861
aurora,mag_0_layer_all,48.0,mean_sea_level_pressure,upper_mesoscale,0.0508878045827904
aurora,mag_0_layer_all,72.0,mean_sea_level_pressure,upper_mesoscale,0.05790546256671648
aurora,mag_0_layer_all,96.0,mean_sea_level_pressure,upper_mesoscale,0.05751348046325371
aurora,mag_0_layer_all,120.0,mean_sea_level_pressure,upper_mesoscale,0.06853905485515129
aurora,mag_0_layer_all,144.0,mean_sea_level_pressure,upper_mesoscale,0.07568445343002982
aurora,mag_0_layer_all,168.0,mean_sea_level_pressure,upper_mesoscale,0.08463243483010574
aurora,mag_0_layer_all,192.0,mean_sea_level_pressure,upper_mesoscale,0.07757366256700814
aurora,mag_0_layer_all,216.0,mean_sea_level_pressure,upper_mesoscale,0.07475636818309836
aurora,mag_0_layer_all,240.0,mean_sea_level_pressure,upper_mesoscale,0.08346192470386657
aurora,mag_0_layer_all,0.0,mean_sea_level_pressure,lower_mesoscale,6.692188487952188e-05
aurora,mag_0_layer_all,24.0,mean_sea_level_pressure,lower_mesoscale,0.1759154411573444
aurora,mag_0_layer_all,48.0,mean_sea_level_pressure,lower_mesoscale,0.17369538657307737
aurora,mag_0_layer_all,72.0,mean_sea_level_pressure,lower_mesoscale,0.1771042835614226
aurora,mag_0_layer_all,96.0,mean_sea_level_pressure,lower_mesoscale,0.17267921823377838
aurora,mag_0_layer_all,120.0,mean_sea_level_pressure,lower_mesoscale,0.18386492293773718
aurora,mag_0_layer_all,144.0,mean_sea_level_pressure,lower_mesoscale,0.18656137219807303
aurora,mag_0_layer_all,168.0,mean_sea_level_pressure,lower_mesoscale,0.19688322666653044
aurora,mag_0_layer_all,192.0,mean_sea_level_pressure,lower_mesoscale,0.18752796493932142
aurora,mag_0_layer_all,216.0,mean_sea_level_pressure,lower_mesoscale,0.1881360579394999
aurora,mag_0_layer_all,240.0,mean_sea_level_pressure,lower_mesoscale,0.19839806879819855
aurora,mag_0.001_layer_all,0.0,mean_sea_level_pressure,planetary,1.2584055652165186e-07
aurora,mag_0.001_layer_all,24.0,mean_sea_level_pressure,planetary,0.006628662069022225
aurora,mag_0.001_layer_all,48.0,mean_sea_level_pressure,planetary,0.011213130851230284
aurora,mag_0.001_layer_all,72.0,mean_sea_level_pressure,planetary,0.015606212151655184
aurora,mag_0.001_layer_all,96.0,mean_sea_level_pressure,planetary,0.05646448492977574
aurora,mag_0.001_layer_all,120.0,mean_sea_level_pressure,planetary,0.055974323978959004
aurora,mag_0.001_layer_all,144.0,mean_sea_level_pressure,planetary,0.07148795154345565
aurora,mag_0.001_layer_all,168.0,mean_sea_level_pressure,planetary,0.051336576991483945
aurora,mag_0.001_layer_all,192.0,mean_sea_level_pressure,planetary,0.08265535533129796
aurora,mag_0.001_layer_all,216.0,mean_sea_level_pressure,planetary,0.15939195479848445
aurora,mag_0.001_layer_all,240.0,mean_sea_level_pressure,planetary,0.13255072657744038
aurora,mag_0.001_layer_all,0.0,mean_sea_level_pressure,synoptic,1.0886112063506336e-06
aurora,mag_0.001_layer_all,24.0,mean_sea_level_pressure,synoptic,0.02212289727920846
aurora,mag_0.001_layer_all,48.0,mean_sea_level_pressure,synoptic,0.025742045332807238
aurora,mag_0.001_layer_all,72.0,mean_sea_level_pressure,synoptic,0.03751483439413612
aurora,mag_0.001_layer_all,96.0,mean_sea_level_pressure,synoptic,0.046492670821952665
aurora,mag_0.001_layer_all,120.0,mean_sea_level_pressure,synoptic,0.04168947806000438
aurora,mag_0.001_layer_all,144.0,mean_sea_level_pressure,synoptic,0.05055243360899807
aurora,mag_0.001_layer_all,168.0,mean_sea_level_pressure,synoptic,0.07380213640894184
aurora,mag_0.001_layer_all,192.0,mean_sea_level_pressure,synoptic,0.062375896160908224
aurora,mag_0.001_layer_all,216.0,mean_sea_level_pressure,synoptic,0.061976749546302896
aurora,mag_0.001_layer_all,240.0,mean_sea_level_pressure,synoptic,0.07111493795489895
aurora,mag_0.001_layer_all,0.0,mean_sea_level_pressure,upper_mesoscale,5.453985967782688e-06
aurora,mag_0.001_layer_all,24.0,mean_sea_level_pressure,upper_mesoscale,0.042562001323996616
aurora,mag_0.001_layer_all,48.0,mean_sea_level_pressure,upper_mesoscale,0.05085485141182462
aurora,mag_0.001_layer_all,72.0,mean_sea_level_pressure,upper_mesoscale,0.05778577345883303
aurora,mag_0.001_layer_all,96.0,mean_sea_level_pressure,upper_mesoscale,0.057307651667228926
aurora,mag_0.001_layer_all,120.0,mean_sea_level_pressure,upper_mesoscale,0.06869076441260594
aurora,mag_0.001_layer_all,144.0,mean_sea_level_pressure,upper_mesoscale,0.07562890827912984
aurora,mag_0.001_layer_all,168.0,mean_sea_level_pressure,upper_mesoscale,0.08435014988773676
aurora,mag_0.001_layer_all,192.0,mean_sea_level_pressure,upper_mesoscale,0.07766560572342246
aurora,mag_0.001_layer_all,216.0,mean_sea_level_pressure,upper_mesoscale,0.07481217674561783
aurora,mag_0.001_layer_all,240.0,mean_sea_level_pressure,upper_mesoscale,0.08193921624108773
aurora,mag_0.001_layer_all,0.0,mean_sea_level_pressure,lower_mesoscale,6.692188487952208e-05
aurora,mag_0.001_layer_all,24.0,mean_sea_level_pressure,lower_mesoscale,0.17786770477506084
aurora,mag_0.001_layer_all,48.0,mean_sea_level_pressure,lower_mesoscale,0.17555703890750685
aurora,mag_0.001_layer_all,72.0,mean_sea_level_pressure,lower_mesoscale,0.17890582212158707
aurora,mag_0.001_layer_all,96.0,mean_sea_level_pressure,lower_mesoscale,0.1743721191747613
aurora,mag_0.001_layer_all,120.0,mean_sea_level_pressure,lower_mesoscale,0.1858207781288566
aurora,mag_0.001_layer_all,144.0,mean_sea_level_pressure,lower_mesoscale,0.18841313936294765
aurora,mag_0.001_layer_all,168.0,mean_sea_level_pressure,lower_mesoscale,0.19878175975472925
aurora,mag_0.001_layer_all,192.0,mean_sea_level_pressure,lower_mesoscale,0.1893150399918627
aurora,mag_0.001_layer_all,216.0,mean_sea_level_pressure,lower_mesoscale,0.19046986709189814
aurora,mag_0.001_layer_all,240.0,mean_sea_level_pressure,lower_mesoscale,0.20073737735584418
aurora,mag_0.003_layer_all,0.0,mean_sea_level_pressure,planetary,1.2584055652165186e-07
aurora,mag_0.003_layer_all,24.0,mean_sea_level_pressure,planetary,0.006514050010520854
aurora,mag_0.003_layer_all,48.0,mean_sea_level_pressure,planetary,0.011079149486619817
aurora,mag_0.003_layer_all,72.0,mean_sea_level_pressure,planetary,0.015275340768851757
aurora,mag_0.003_layer_all,96.0,mean_sea_level_pressure,planetary,0.05563491068305438
aurora,mag_0.003_layer_all,120.0,mean_sea_level_pressure,planetary,0.05489719973948802
aurora,mag_0.003_layer_all,144.0,mean_sea_level_pressure,planetary,0.06924625661911621
aurora,mag_0.003_layer_all,168.0,mean_sea_level_pressure,planetary,0.05147057472775297
aurora,mag_0.003_layer_all,192.0,mean_sea_level_pressure,planetary,0.07682484544501353
aurora,mag_0.003_layer_all,216.0,mean_sea_level_pressure,planetary,0.14977302485063823
aurora,mag_0.003_layer_all,240.0,mean_sea_level_pressure,planetary,0.11975075050179619
aurora,mag_0.003_layer_all,0.0,mean_sea_level_pressure,synoptic,1.0886112063506336e-06
aurora,mag_0.003_layer_all,24.0,mean_sea_level_pressure,synoptic,0.022010809670402476
aurora,mag_0.003_layer_all,48.0,mean_sea_level_pressure,synoptic,0.025659290237288176
aurora,mag_0.003_layer_all,72.0,mean_sea_level_pressure,synoptic,0.037388465264579215
aurora,mag_0.003_layer_all,96.0,mean_sea_level_pressure,synoptic,0.04637355359743497
aurora,mag_0.003_layer_all,120.0,mean_sea_level_pressure,synoptic,0.0416346945925356
aurora,mag_0.003_layer_all,144.0,mean_sea_level_pressure,synoptic,0.049086216499705126
aurora,mag_0.003_layer_all,168.0,mean_sea_level_pressure,synoptic,0.07120182931662877
aurora,mag_0.003_layer_all,192.0,mean_sea_level_pressure,synoptic,0.06192727345842495
aurora,mag_0.003_layer_all,216.0,mean_sea_level_pressure,synoptic,0.05875239504486084
aurora,mag_0.003_layer_all,240.0,mean_sea_level_pressure,synoptic,0.06445214542729315
aurora,mag_0.003_layer_all,0.0,mean_sea_level_pressure,upper_mesoscale,5.453985967782688e-06
aurora,mag_0.003_layer_all,24.0,mean_sea_level_pressure,upper_mesoscale,0.04250071648559032
aurora,mag_0.003_layer_all,48.0,mean_sea_level_pressure,upper_mesoscale,0.05098135705345402
aurora,mag_0.003_layer_all,72.0,mean_sea_level_pressure,upper_mesoscale,0.05783725446042759
aurora,mag_0.003_layer_all,96.0,mean_sea_level_pressure,upper_mesoscale,0.05719824604920031
aurora,mag_0.003_layer_all,120.0,mean_sea_level_pressure,upper_mesoscale,0.06886145014169766
aurora,mag_0.003_layer_all,144.0,mean_sea_level_pressure,upper_mesoscale,0.07594798051288089
aurora,mag_0.003_layer_all,168.0,mean_sea_level_pressure,upper_mesoscale,0.08422689468407936
aurora,mag_0.003_layer_all,192.0,mean_sea_level_pressure,upper_mesoscale,0.07734335391184126
aurora,mag_0.003_layer_all,216.0,mean_sea_level_pressure,upper_mesoscale,0.07459496405007843
aurora,mag_0.003_layer_all,240.0,mean_sea_level_pressure,upper_mesoscale,0.0821500625038682
aurora,mag_0.003_layer_all,0.0,mean_sea_level_pressure,lower_mesoscale,6.692188487952208e-05
aurora,mag_0.003_layer_all,24.0,mean_sea_level_pressure,lower_mesoscale,0.18788423137839497
aurora,mag_0.003_layer_all,48.0,mean_sea_level_pressure,lower_mesoscale,0.18571049546983764
aurora,mag_0.003_layer_all,72.0,mean_sea_level_pressure,lower_mesoscale,0.1886185310195378
aurora,mag_0.003_layer_all,96.0,mean_sea_level_pressure,lower_mesoscale,0.18405083651483234
aurora,mag_0.003_layer_all,120.0,mean_sea_level_pressure,lower_mesoscale,0.19567951522739685
aurora,mag_0.003_layer_all,144.0,mean_sea_level_pressure,lower_mesoscale,0.19895307408180934
aurora,mag_0.003_layer_all,168.0,mean_sea_level_pressure,lower_mesoscale,0.2085541805221899
aurora,mag_0.003_layer_all,192.0,mean_sea_level_pressure,lower_mesoscale,0.19961560045673307
aurora,mag_0.003_layer_all,216.0,mean_sea_level_pressure,lower_mesoscale,0.20007928183099677
aurora,mag_0.003_layer_all,240.0,mean_sea_level_pressure,lower_mesoscale,0.210866803862137
aurora,mag_0.01_layer_all,0.0,mean_sea_level_pressure,planetary,1.2584055652165186e-07
aurora,mag_0.01_layer_all,24.0,mean_sea_level_pressure,planetary,0.0061568168318163015
aurora,mag_0.01_layer_all,48.0,mean_sea_level_pressure,planetary,0.01078808757719278
aurora,mag_0.01_layer_all,72.0,mean_sea_level_pressure,planetary,0.01475539944936512
aurora,mag_0.01_layer_all,96.0,mean_sea_level_pressure,planetary,0.0506901079501008
aurora,mag_0.01_layer_all,120.0,mean_sea_level_pressure,planetary,0.05208329056546114
aurora,mag_0.01_layer_all,144.0,mean_sea_level_pressure,planetary,0.05965669474215218
aurora,mag_0.01_layer_all,168.0,mean_sea_level_pressure,planetary,0.051262974010316396
aurora,mag_0.01_layer_all,192.0,mean_sea_level_pressure,planetary,0.060413602790663705
aurora,mag_0.01_layer_all,216.0,mean_sea_level_pressure,planetary,0.11869764586138186
aurora,mag_0.01_layer_all,240.0,mean_sea_level_pressure,planetary,0.11596166142801653
aurora,mag_0.01_layer_all,0.0,mean_sea_level_pressure,synoptic,1.0886112063506336e-06
aurora,mag_0.01_layer_all,24.0,mean_sea_level_pressure,synoptic,0.021776710168434854
aurora,mag_0.01_layer_all,48.0,mean_sea_level_pressure,synoptic,0.02549977535198456
aurora,mag_0.01_layer_all,72.0,mean_sea_level_pressure,synoptic,0.037418762555783636
aurora,mag_0.01_layer_all,96.0,mean_sea_level_pressure,synoptic,0.04437178403371174
aurora,mag_0.01_layer_all,120.0,mean_sea_level_pressure,synoptic,0.04203318233082118
aurora,mag_0.01_layer_all,144.0,mean_sea_level_pressure,synoptic,0.04556301702713587
aurora,mag_0.01_layer_all,168.0,mean_sea_level_pressure,synoptic,0.06857969320834857
aurora,mag_0.01_layer_all,192.0,mean_sea_level_pressure,synoptic,0.05810082303582083
aurora,mag_0.01_layer_all,216.0,mean_sea_level_pressure,synoptic,0.06716776551035152
aurora,mag_0.01_layer_all,240.0,mean_sea_level_pressure,synoptic,0.0646479867588062
aurora,mag_0.01_layer_all,0.0,mean_sea_level_pressure,upper_mesoscale,5.453985967782688e-06
aurora,mag_0.01_layer_all,24.0,mean_sea_level_pressure,upper_mesoscale,0.04249158272767652
aurora,mag_0.01_layer_all,48.0,mean_sea_level_pressure,upper_mesoscale,0.051857852056169704
aurora,mag_0.01_layer_all,72.0,mean_sea_level_pressure,upper_mesoscale,0.05821441159599477
aurora,mag_0.01_layer_all,96.0,mean_sea_level_pressure,upper_mesoscale,0.05785615017588552
aurora,mag_0.01_layer_all,120.0,mean_sea_level_pressure,upper_mesoscale,0.06928019641902206
aurora,mag_0.01_layer_all,144.0,mean_sea_level_pressure,upper_mesoscale,0.07414118033398172
aurora,mag_0.01_layer_all,168.0,mean_sea_level_pressure,upper_mesoscale,0.0844256044051822
aurora,mag_0.01_layer_all,192.0,mean_sea_level_pressure,upper_mesoscale,0.07528796105274627
aurora,mag_0.01_layer_all,216.0,mean_sea_level_pressure,upper_mesoscale,0.07613492896233112
aurora,mag_0.01_layer_all,240.0,mean_sea_level_pressure,upper_mesoscale,0.0854797479704986
aurora,mag_0.01_layer_all,0.0,mean_sea_level_pressure,lower_mesoscale,6.692188487952208e-05
aurora,mag_0.01_layer_all,24.0,mean_sea_level_pressure,lower_mesoscale,0.24409701481214247
aurora,mag_0.01_layer_all,48.0,mean_sea_level_pressure,lower_mesoscale,0.243051435357335
aurora,mag_0.01_layer_all,72.0,mean_sea_level_pressure,lower_mesoscale,0.24397170487926476
aurora,mag_0.01_layer_all,96.0,mean_sea_level_pressure,lower_mesoscale,0.24149782638888018
aurora,mag_0.01_layer_all,120.0,mean_sea_level_pressure,lower_mesoscale,0.2509452542853648
aurora,mag_0.01_layer_all,144.0,mean_sea_level_pressure,lower_mesoscale,0.25378035945029875
aurora,mag_0.01_layer_all,168.0,mean_sea_level_pressure,lower_mesoscale,0.2603156038927951
aurora,mag_0.01_layer_all,192.0,mean_sea_level_pressure,lower_mesoscale,0.2553147241835965
aurora,mag_0.01_layer_all,216.0,mean_sea_level_pressure,lower_mesoscale,0.25445399309290695
aurora,mag_0.01_layer_all,240.0,mean_sea_level_pressure,lower_mesoscale,0.26224366158983675
aurora,mag_0.03_layer_all,0.0,mean_sea_level_pressure,planetary,1.2584055652165186e-07
aurora,mag_0.03_layer_all,24.0,mean_sea_level_pressure,planetary,0.00525097452475168
aurora,mag_0.03_layer_all,48.0,mean_sea_level_pressure,planetary,0.012149563992928217
aurora,mag_0.03_layer_all,72.0,mean_sea_level_pressure,planetary,0.019340320639097127
aurora,mag_0.03_layer_all,96.0,mean_sea_level_pressure,planetary,0.03857967132699444
aurora,mag_0.03_layer_all,120.0,mean_sea_level_pressure,planetary,0.05521101571006365
aurora,mag_0.03_layer_all,144.0,mean_sea_level_pressure,planetary,0.0538260101793265
aurora,mag_0.03_layer_all,168.0,mean_sea_level_pressure,planetary,0.05876650299395528
aurora,mag_0.03_layer_all,192.0,mean_sea_level_pressure,planetary,0.08943546766922077
aurora,mag_0.03_layer_all,216.0,mean_sea_level_pressure,planetary,0.12203383803407775
aurora,mag_0.03_layer_all,240.0,mean_sea_level_pressure,planetary,0.09152624671559251
aurora,mag_0.03_layer_all,0.0,mean_sea_level_pressure,synoptic,1.0886112063506336e-06
aurora,mag_0.03_layer_all,24.0,mean_sea_level_pressure,synoptic,0.022460888220359784
aurora,mag_0.03_layer_all,48.0,mean_sea_level_pressure,synoptic,0.02748717329428208
aurora,mag_0.03_layer_all,72.0,mean_sea_level_pressure,synoptic,0.04252280407767881
aurora,mag_0.03_layer_all,96.0,mean_sea_level_pressure,synoptic,0.04659693158773847
aurora,mag_0.03_layer_all,120.0,mean_sea_level_pressure,synoptic,0.04895046349409949
aurora,mag_0.03_layer_all,144.0,mean_sea_level_pressure,synoptic,0.054969341251838624
aurora,mag_0.03_layer_all,168.0,mean_sea_level_pressure,synoptic,0.07188690223012065
aurora,mag_0.03_layer_all,192.0,mean_sea_level_pressure,synoptic,0.07036616605043522
aurora,mag_0.03_layer_all,216.0,mean_sea_level_pressure,synoptic,0.07193625794477462
aurora,mag_0.03_layer_all,240.0,mean_sea_level_pressure,synoptic,0.059513947211566984
aurora,mag_0.03_layer_all,0.0,mean_sea_level_pressure,upper_mesoscale,5.453985967782688e-06
aurora,mag_0.03_layer_all,24.0,mean_sea_level_pressure,upper_mesoscale,0.04367587758115967
aurora,mag_0.03_layer_all,48.0,mean_sea_level_pressure,upper_mesoscale,0.05717062733959504
aurora,mag_0.03_layer_all,72.0,mean_sea_level_pressure,upper_mesoscale,0.06252235830373269
aurora,mag_0.03_layer_all,96.0,mean_sea_level_pressure,upper_mesoscale,0.06196936963801288
aurora,mag_0.03_layer_all,120.0,mean_sea_level_pressure,upper_mesoscale,0.07157893959472839
aurora,mag_0.03_layer_all,144.0,mean_sea_level_pressure,upper_mesoscale,0.07416213202973308
aurora,mag_0.03_layer_all,168.0,mean_sea_level_pressure,upper_mesoscale,0.08069985681794982
aurora,mag_0.03_layer_all,192.0,mean_sea_level_pressure,upper_mesoscale,0.07934816960229045
aurora,mag_0.03_layer_all,216.0,mean_sea_level_pressure,upper_mesoscale,0.08366658969267075
aurora,mag_0.03_layer_all,240.0,mean_sea_level_pressure,upper_mesoscale,0.09394919710816999
aurora,mag_0.03_layer_all,0.0,mean_sea_level_pressure,lower_mesoscale,6.692188487952208e-05
aurora,mag_0.03_layer_all,24.0,mean_sea_level_pressure,lower_mesoscale,0.3958367520320076
aurora,mag_0.03_layer_all,48.0,mean_sea_level_pressure,lower_mesoscale,0.39811257891859075
aurora,mag_0.03_layer_all,72.0,mean_sea_level_pressure,lower_mesoscale,0.39684289454777694
aurora,mag_0.03_layer_all,96.0,mean_sea_level_pressure,lower_mesoscale,0.398145571874873
aurora,mag_0.03_layer_all,120.0,mean_sea_level_pressure,lower_mesoscale,0.40270229636845495
aurora,mag_0.03_layer_all,144.0,mean_sea_level_pressure,lower_mesoscale,0.4045076078710149
aurora,mag_0.03_layer_all,168.0,mean_sea_level_pressure,lower_mesoscale,0.4023519368199335
aurora,mag_0.03_layer_all,192.0,mean_sea_level_pressure,lower_mesoscale,0.4028759955761576
aurora,mag_0.03_layer_all,216.0,mean_sea_level_pressure,lower_mesoscale,0.3991529704237042
aurora,mag_0.03_layer_all,240.0,mean_sea_level_pressure,lower_mesoscale,0.39851517671244097
aurora,mag_0.1_layer_all,0.0,mean_sea_level_pressure,planetary,1.2584055652165186e-07
aurora,mag_0.1_layer_all,24.0,mean_sea_level_pressure,planetary,0.02208604506705487
aurora,mag_0.1_layer_all,48.0,mean_sea_level_pressure,planetary,0.07030267062959242
aurora,mag_0.1_layer_all,72.0,mean_sea_level_pressure,planetary,0.07732214860459852
aurora,mag_0.1_layer_all,96.0,mean_sea_level_pressure,planetary,0.08859103997337849
aurora,mag_0.1_layer_all,120.0,mean_sea_level_pressure,planetary,0.09206761359815914
aurora,mag_0.1_layer_all,144.0,mean_sea_level_pressure,planetary,0.11486593688530607
aurora,mag_0.1_layer_all,168.0,mean_sea_level_pressure,planetary,0.1204525423234045
aurora,mag_0.1_layer_all,192.0,mean_sea_level_pressure,planetary,0.15137475995419544
aurora,mag_0.1_layer_all,216.0,mean_sea_level_pressure,planetary,0.14859651453589048
aurora,mag_0.1_layer_all,240.0,mean_sea_level_pressure,planetary,0.11759903930286328
aurora,mag_0.1_layer_all,0.0,mean_sea_level_pressure,synoptic,1.0886112063506336e-06
aurora,mag_0.1_layer_all,24.0,mean_sea_level_pressure,synoptic,0.049094156115572773
aurora,mag_0.1_layer_all,48.0,mean_sea_level_pressure,synoptic,0.08558050191230797
aurora,mag_0.1_layer_all,72.0,mean_sea_level_pressure,synoptic,0.09710986437202032
aurora,mag_0.1_layer_all,96.0,mean_sea_level_pressure,synoptic,0.10922750153153311
aurora,mag_0.1_layer_all,120.0,mean_sea_level_pressure,synoptic,0.11310209868961922
aurora,mag_0.1_layer_all,144.0,mean_sea_level_pressure,synoptic,0.11057575435451791
aurora,mag_0.1_layer_all,168.0,mean_sea_level_pressure,synoptic,0.10870499662881208
aurora,mag_0.1_layer_all,192.0,mean_sea_level_pressure,synoptic,0.10128253854206413
aurora,mag_0.1_layer_all,216.0,mean_sea_level_pressure,synoptic,0.10894111526735162
aurora,mag_0.1_layer_all,240.0,mean_sea_level_pressure,synoptic,0.0935287147051928
aurora,mag_0.1_layer_all,0.0,mean_sea_level_pressure,upper_mesoscale,5.453985967782688e-06
aurora,mag_0.1_layer_all,24.0,mean_sea_level_pressure,upper_mesoscale,0.05497311876204764
aurora,mag_0.1_layer_all,48.0,mean_sea_level_pressure,upper_mesoscale,0.07632481506070186
aurora,mag_0.1_layer_all,72.0,mean_sea_level_pressure,upper_mesoscale,0.08209536958841375
aurora,mag_0.1_layer_all,96.0,mean_sea_level_pressure,upper_mesoscale,0.07185628656487096
aurora,mag_0.1_layer_all,120.0,mean_sea_level_pressure,upper_mesoscale,0.07548117931294063
aurora,mag_0.1_layer_all,144.0,mean_sea_level_pressure,upper_mesoscale,0.07889218203819283
aurora,mag_0.1_layer_all,168.0,mean_sea_level_pressure,upper_mesoscale,0.0803778392884907
aurora,mag_0.1_layer_all,192.0,mean_sea_level_pressure,upper_mesoscale,0.07697457154693879
aurora,mag_0.1_layer_all,216.0,mean_sea_level_pressure,upper_mesoscale,0.07745157181121695
aurora,mag_0.1_layer_all,240.0,mean_sea_level_pressure,upper_mesoscale,0.08556363069843885
aurora,mag_0.1_layer_all,0.0,mean_sea_level_pressure,lower_mesoscale,6.692188487952208e-05
aurora,mag_0.1_layer_all,24.0,mean_sea_level_pressure,lower_mesoscale,0.7620047595942236
aurora,mag_0.1_layer_all,48.0,mean_sea_level_pressure,lower_mesoscale,0.7679643710244879
aurora,mag_0.1_layer_all,72.0,mean_sea_level_pressure,lower_mesoscale,0.7679587586992439
aurora,mag_0.1_layer_all,96.0,mean_sea_level_pressure,lower_mesoscale,0.7756681998479662
aurora,mag_0.1_layer_all,120.0,mean_sea_level_pressure,lower_mesoscale,0.7759448830901451
aurora,mag_0.1_layer_all,144.0,mean_sea_level_pressure,lower_mesoscale,0.7837539726587711
aurora,mag_0.1_layer_all,168.0,mean_sea_level_pressure,lower_mesoscale,0.7785677503285083
aurora,mag_0.1_layer_all,192.0,mean_sea_level_pressure,lower_mesoscale,0.7809359294328264
aurora,mag_0.1_layer_all,216.0,mean_sea_level_pressure,lower_mesoscale,0.7735905458368114
aurora,mag_0.1_layer_all,240.0,mean_sea_level_pressure,lower_mesoscale,0.7607629400453454
graphcast_operational,mag_0_layer_all,0.0,mean_sea_level_pressure,planetary,1.2584055652165186e-07
graphcast_operational,mag_0_layer_all,24.0,mean_sea_level_pressure,planetary,0.007036017564109442
graphcast_operational,mag_0_layer_all,48.0,mean_sea_level_pressure,planetary,0.012355356638800075
graphcast_operational,mag_0_layer_all,72.0,mean_sea_level_pressure,planetary,0.013954771027330979
graphcast_operational,mag_0_layer_all,96.0,mean_sea_level_pressure,planetary,0.04564630597633265
graphcast_operational,mag_0_layer_all,120.0,mean_sea_level_pressure,planetary,0.07465607868913775
graphcast_operational,mag_0_layer_all,144.0,mean_sea_level_pressure,planetary,0.08737168036216857
graphcast_operational,mag_0_layer_all,168.0,mean_sea_level_pressure,planetary,0.09887422537122875
graphcast_operational,mag_0_layer_all,192.0,mean_sea_level_pressure,planetary,0.10259276376851369
graphcast_operational,mag_0_layer_all,216.0,mean_sea_level_pressure,planetary,0.1420880629678243
graphcast_operational,mag_0_layer_all,240.0,mean_sea_level_pressure,planetary,0.1979793405498568
graphcast_operational,mag_0_layer_all,0.0,mean_sea_level_pressure,synoptic,1.0886112063857973e-06
graphcast_operational,mag_0_layer_all,24.0,mean_sea_level_pressure,synoptic,0.03801443953258082
graphcast_operational,mag_0_layer_all,48.0,mean_sea_level_pressure,synoptic,0.05493051855107517
graphcast_operational,mag_0_layer_all,72.0,mean_sea_level_pressure,synoptic,0.07407527271928833
graphcast_operational,mag_0_layer_all,96.0,mean_sea_level_pressure,synoptic,0.08633079832345562
graphcast_operational,mag_0_layer_all,120.0,mean_sea_level_pressure,synoptic,0.08354821622147252
graphcast_operational,mag_0_layer_all,144.0,mean_sea_level_pressure,synoptic,0.1017442153961114
graphcast_operational,mag_0_layer_all,168.0,mean_sea_level_pressure,synoptic,0.09701159873367166
graphcast_operational,mag_0_layer_all,192.0,mean_sea_level_pressure,synoptic,0.10450572371068778
graphcast_operational,mag_0_layer_all,216.0,mean_sea_level_pressure,synoptic,0.10614638944630077
graphcast_operational,mag_0_layer_all,240.0,mean_sea_level_pressure,synoptic,0.10004478232312462
graphcast_operational,mag_0_layer_all,0.0,mean_sea_level_pressure,upper_mesoscale,5.453985967782581e-06
graphcast_operational,mag_0_layer_all,24.0,mean_sea_level_pressure,upper_mesoscale,0.023666318752951443
graphcast_operational,mag_0_layer_all,48.0,mean_sea_level_pressure,upper_mesoscale,0.03808281777674699
graphcast_operational,mag_0_layer_all,72.0,mean_sea_level_pressure,upper_mesoscale,0.042203495940026245
graphcast_operational,mag_0_layer_all,96.0,mean_sea_level_pressure,upper_mesoscale,0.036581854906121564
graphcast_operational,mag_0_layer_all,120.0,mean_sea_level_pressure,upper_mesoscale,0.0410566419918642
graphcast_operational,mag_0_layer_all,144.0,mean_sea_level_pressure,upper_mesoscale,0.043296574639819285
graphcast_operational,mag_0_layer_all,168.0,mean_sea_level_pressure,upper_mesoscale,0.04923472006340355
graphcast_operational,mag_0_layer_all,192.0,mean_sea_level_pressure,upper_mesoscale,0.04543600281125091
graphcast_operational,mag_0_layer_all,216.0,mean_sea_level_pressure,upper_mesoscale,0.04566590244259568
graphcast_operational,mag_0_layer_all,240.0,mean_sea_level_pressure,upper_mesoscale,0.04094035835400039
graphcast_operational,mag_0_layer_all,0.0,mean_sea_level_pressure,lower_mesoscale,6.692188487952188e-05
graphcast_operational,mag_0_layer_all,24.0,mean_sea_level_pressure,lower_mesoscale,0.14340196067363611
graphcast_operational,mag_0_layer_all,48.0,mean_sea_level_pressure,lower_mesoscale,0.20452869472361193
graphcast_operational,mag_0_layer_all,72.0,mean_sea_level_pressure,lower_mesoscale,0.24404423804839276
graphcast_operational,mag_0_layer_all,96.0,mean_sea_level_pressure,lower_mesoscale,0.29652975604169973
graphcast_operational,mag_0_layer_all,120.0,mean_sea_level_pressure,lower_mesoscale,0.33517670716985515
graphcast_operational,mag_0_layer_all,144.0,mean_sea_level_pressure,lower_mesoscale,0.377823169489681
graphcast_operational,mag_0_layer_all,168.0,mean_sea_level_pressure,lower_mesoscale,0.4125690686930824
graphcast_operational,mag_0_layer_all,192.0,mean_sea_level_pressure,lower_mesoscale,0.46179026900817916
graphcast_operational,mag_0_layer_all,216.0,mean_sea_level_pressure,lower_mesoscale,0.4850942838961686
graphcast_operational,mag_0_layer_all,240.0,mean_sea_level_pressure,lower_mesoscale,0.49551093789847295
graphcast_operational,mag_0.001_layer_all,0.0,mean_sea_level_pressure,planetary,1.2584055652165186e-07
graphcast_operational,mag_0.001_layer_all,24.0,mean_sea_level_pressure,planetary,0.005930757256354652
graphcast_operational,mag_0.001_layer_all,48.0,mean_sea_level_pressure,planetary,0.011144779307592398
graphcast_operational,mag_0.001_layer_all,72.0,mean_sea_level_pressure,planetary,0.011087296776854872
graphcast_operational,mag_0.001_layer_all,96.0,mean_sea_level_pressure,planetary,0.041896832207864776
graphcast_operational,mag_0.001_layer_all,120.0,mean_sea_level_pressure,planetary,0.07240277638843896
graphcast_operational,mag_0.001_layer_all,144.0,mean_sea_level_pressure,planetary,0.08972037179706094
graphcast_operational,mag_0.001_layer_all,168.0,mean_sea_level_pressure,planetary,0.09453329935411099
graphcast_operational,mag_0.001_layer_all,192.0,mean_sea_level_pressure,planetary,0.0882273324248597
graphcast_operational,mag_0.001_layer_all,216.0,mean_sea_level_pressure,planetary,0.12869127468208014
graphcast_operational,mag_0.001_layer_all,240.0,mean_sea_level_pressure,planetary,0.16565013566582862
graphcast_operational,mag_0.001_layer_all,0.0,mean_sea_level_pressure,synoptic,1.0886112063506336e-06
graphcast_operational,mag_0.001_layer_all,24.0,mean_sea_level_pressure,synoptic,0.038515390398767606
graphcast_operational,mag_0.001_layer_all,48.0,mean_sea_level_pressure,synoptic,0.05468459224046029
graphcast_operational,mag_0.001_layer_all,72.0,mean_sea_level_pressure,synoptic,0.07356735561798179
graphcast_operational,mag_0.001_layer_all,96.0,mean_sea_level_pressure,synoptic,0.08308998908225829
graphcast_operational,mag_0.001_layer_all,120.0,mean_sea_level_pressure,synoptic,0.08011467859312922
graphcast_operational,mag_0.001_layer_all,144.0,mean_sea_level_pressure,synoptic,0.09341898884647898
graphcast_operational,mag_0.001_layer_all,168.0,mean_sea_level_pressure,synoptic,0.09609399857975973
graphcast_operational,mag_0.001_layer_all,192.0,mean_sea_level_pressure,synoptic,0.09087579412188032
graphcast_operational,mag_0.001_layer_all,216.0,mean_sea_level_pressure,synoptic,0.10217772524720008
graphcast_operational,mag_0.001_layer_all,240.0,mean_sea_level_pressure,synoptic,0.08361375758529965
graphcast_operational,mag_0.001_layer_all,0.0,mean_sea_level_pressure,upper_mesoscale,5.453985967782688e-06
graphcast_operational,mag_0.001_layer_all,24.0,mean_sea_level_pressure,upper_mesoscale,0.02438420678765666
graphcast_operational,mag_0.001_layer_all,48.0,mean_sea_level_pressure,upper_mesoscale,0.039059796081332254
graphcast_operational,mag_0.001_layer_all,72.0,mean_sea_level_pressure,upper_mesoscale,0.0423919702135486
graphcast_operational,mag_0.001_layer_all,96.0,mean_sea_level_pressure,upper_mesoscale,0.03620532626820647
graphcast_operational,mag_0.001_layer_all,120.0,mean_sea_level_pressure,upper_mesoscale,0.039822845083615874
graphcast_operational,mag_0.001_layer_all,144.0,mean_sea_level_pressure,upper_mesoscale,0.04261950170903107
graphcast_operational,mag_0.001_layer_all,168.0,mean_sea_level_pressure,upper_mesoscale,0.04749506384306605
graphcast_operational,mag_0.001_layer_all,192.0,mean_sea_level_pressure,upper_mesoscale,0.045357090260325396
graphcast_operational,mag_0.001_layer_all,216.0,mean_sea_level_pressure,upper_mesoscale,0.04379578306615792
graphcast_operational,mag_0.001_layer_all,240.0,mean_sea_level_pressure,upper_mesoscale,0.03788219147520405
graphcast_operational,mag_0.001_layer_all,0.0,mean_sea_level_pressure,lower_mesoscale,6.692188487952208e-05
graphcast_operational,mag_0.001_layer_all,24.0,mean_sea_level_pressure,lower_mesoscale,0.14285908294940464
graphcast_operational,mag_0.001_layer_all,48.0,mean_sea_level_pressure,lower_mesoscale,0.203504323646184
graphcast_operational,mag_0.001_layer_all,72.0,mean_sea_level_pressure,lower_mesoscale,0.2438222345822449
graphcast_operational,mag_0.001_layer_all,96.0,mean_sea_level_pressure,lower_mesoscale,0.29648105847833633
graphcast_operational,mag_0.001_layer_all,120.0,mean_sea_level_pressure,lower_mesoscale,0.3354357333700184
graphcast_operational,mag_0.001_layer_all,144.0,mean_sea_level_pressure,lower_mesoscale,0.37799385976209915
graphcast_operational,mag_0.001_layer_all,168.0,mean_sea_level_pressure,lower_mesoscale,0.4129703424881975
graphcast_operational,mag_0.001_layer_all,192.0,mean_sea_level_pressure,lower_mesoscale,0.4630953267950347
graphcast_operational,mag_0.001_layer_all,216.0,mean_sea_level_pressure,lower_mesoscale,0.4877197597918974
graphcast_operational,mag_0.001_layer_all,240.0,mean_sea_level_pressure,lower_mesoscale,0.49216383211948384
graphcast_operational,mag_0.003_layer_all,0.0,mean_sea_level_pressure,planetary,1.2584055652165186e-07
graphcast_operational,mag_0.003_layer_all,24.0,mean_sea_level_pressure,planetary,0.0057268111658301995
graphcast_operational,mag_0.003_layer_all,48.0,mean_sea_level_pressure,planetary,0.010708149190425518
graphcast_operational,mag_0.003_layer_all,72.0,mean_sea_level_pressure,planetary,0.009804980461785412
graphcast_operational,mag_0.003_layer_all,96.0,mean_sea_level_pressure,planetary,0.04043677764347561
graphcast_operational,mag_0.003_layer_all,120.0,mean_sea_level_pressure,planetary,0.0738866440195563
graphcast_operational,mag_0.003_layer_all,144.0,mean_sea_level_pressure,planetary,0.09250398384915867
graphcast_operational,mag_0.003_layer_all,168.0,mean_sea_level_pressure,planetary,0.0877666892329635
graphcast_operational,mag_0.003_layer_all,192.0,mean_sea_level_pressure,planetary,0.06779352138955853
graphcast_operational,mag_0.003_layer_all,216.0,mean_sea_level_pressure,planetary,0.11413118333581868
graphcast_operational,mag_0.003_layer_all,240.0,mean_sea_level_pressure,planetary,0.1497557991855265
graphcast_operational,mag_0.003_layer_all,0.0,mean_sea_level_pressure,synoptic,1.0886112063506336e-06
graphcast_operational,mag_0.003_layer_all,24.0,mean_sea_level_pressure,synoptic,0.038212962509252775
graphcast_operational,mag_0.003_layer_all,48.0,mean_sea_level_pressure,synoptic,0.053842602036146936
graphcast_operational,mag_0.003_layer_all,72.0,mean_sea_level_pressure,synoptic,0.0719867731821443
graphcast_operational,mag_0.003_layer_all,96.0,mean_sea_level_pressure,synoptic,0.08090182188681917
graphcast_operational,mag_0.003_layer_all,120.0,mean_sea_level_pressure,synoptic,0.07835656998477117
graphcast_operational,mag_0.003_layer_all,144.0,mean_sea_level_pressure,synoptic,0.0867762017503102
graphcast_operational,mag_0.003_layer_all,168.0,mean_sea_level_pressure,synoptic,0.09101499061116687
graphcast_operational,mag_0.003_layer_all,192.0,mean_sea_level_pressure,synoptic,0.08800830127834225
graphcast_operational,mag_0.003_layer_all,216.0,mean_sea_level_pressure,synoptic,0.09374251968544145
graphcast_operational,mag_0.003_layer_all,240.0,mean_sea_level_pressure,synoptic,0.07726431783211075
graphcast_operational,mag_0.003_layer_all,0.0,mean_sea_level_pressure,upper_mesoscale,5.453985967782688e-06
graphcast_operational,mag_0.003_layer_all,24.0,mean_sea_level_pressure,upper_mesoscale,0.02446444779365834
graphcast_operational,mag_0.003_layer_all,48.0,mean_sea_level_pressure,upper_mesoscale,0.03887556312054897
graphcast_operational,mag_0.003_layer_all,72.0,mean_sea_level_pressure,upper_mesoscale,0.04154058923023884
graphcast_operational,mag_0.003_layer_all,96.0,mean_sea_level_pressure,upper_mesoscale,0.0355940366867139
graphcast_operational,mag_0.003_layer_all,120.0,mean_sea_level_pressure,upper_mesoscale,0.03869993435522681
graphcast_operational,mag_0.003_layer_all,144.0,mean_sea_level_pressure,upper_mesoscale,0.0411708091144714
graphcast_operational,mag_0.003_layer_all,168.0,mean_sea_level_pressure,upper_mesoscale,0.04595950664899755
graphcast_operational,mag_0.003_layer_all,192.0,mean_sea_level_pressure,upper_mesoscale,0.04597899792794052
graphcast_operational,mag_0.003_layer_all,216.0,mean_sea_level_pressure,upper_mesoscale,0.04346087669551389
graphcast_operational,mag_0.003_layer_all,240.0,mean_sea_level_pressure,upper_mesoscale,0.037454950669113876
graphcast_operational,mag_0.003_layer_all,0.0,mean_sea_level_pressure,lower_mesoscale,6.692188487952208e-05
graphcast_operational,mag_0.003_layer_all,24.0,mean_sea_level_pressure,lower_mesoscale,0.14304421911493226
graphcast_operational,mag_0.003_layer_all,48.0,mean_sea_level_pressure,lower_mesoscale,0.20385317517519194
graphcast_operational,mag_0.003_layer_all,72.0,mean_sea_level_pressure,lower_mesoscale,0.2439273089280927
graphcast_operational,mag_0.003_layer_all,96.0,mean_sea_level_pressure,lower_mesoscale,0.2970601311268764
graphcast_operational,mag_0.003_layer_all,120.0,mean_sea_level_pressure,lower_mesoscale,0.33598039919386985
graphcast_operational,mag_0.003_layer_all,144.0,mean_sea_level_pressure,lower_mesoscale,0.37865305675774164
graphcast_operational,mag_0.003_layer_all,168.0,mean_sea_level_pressure,lower_mesoscale,0.4134174363172385
graphcast_operational,mag_0.003_layer_all,192.0,mean_sea_level_pressure,lower_mesoscale,0.46253789226001313
graphcast_operational,mag_0.003_layer_all,216.0,mean_sea_level_pressure,lower_mesoscale,0.4871902618610464
graphcast_operational,mag_0.003_layer_all,240.0,mean_sea_level_pressure,lower_mesoscale,0.49143079303028325
graphcast_operational,mag_0.01_layer_all,0.0,mean_sea_level_pressure,planetary,1.2584055652165186e-07
graphcast_operational,mag_0.01_layer_all,24.0,mean_sea_level_pressure,planetary,0.0053450820526868776
graphcast_operational,mag_0.01_layer_all,48.0,mean_sea_level_pressure,planetary,0.012304395931192992
graphcast_operational,mag_0.01_layer_all,72.0,mean_sea_level_pressure,planetary,0.010835000699077939
graphcast_operational,mag_0.01_layer_all,96.0,mean_sea_level_pressure,planetary,0.03786268529501189
graphcast_operational,mag_0.01_layer_all,120.0,mean_sea_level_pressure,planetary,0.0779619876750892
graphcast_operational,mag_0.01_layer_all,144.0,mean_sea_level_pressure,planetary,0.0939210079882977
graphcast_operational,mag_0.01_layer_all,168.0,mean_sea_level_pressure,planetary,0.07311823399876233
graphcast_operational,mag_0.01_layer_all,192.0,mean_sea_level_pressure,planetary,0.06628241882446335
graphcast_operational,mag_0.01_layer_all,216.0,mean_sea_level_pressure,planetary,0.10446997836281606
graphcast_operational,mag_0.01_layer_all,240.0,mean_sea_level_pressure,planetary,0.10056952579981475
graphcast_operational,mag_0.01_layer_all,0.0,mean_sea_level_pressure,synoptic,1.0886112063506336e-06
graphcast_operational,mag_0.01_layer_all,24.0,mean_sea_level_pressure,synoptic,0.03732358766429102
graphcast_operational,mag_0.01_layer_all,48.0,mean_sea_level_pressure,synoptic,0.05153914631139198
graphcast_operational,mag_0.01_layer_all,72.0,mean_sea_level_pressure,synoptic,0.06505192214679299
graphcast_operational,mag_0.01_layer_all,96.0,mean_sea_level_pressure,synoptic,0.07199659965669616
graphcast_operational,mag_0.01_layer_all,120.0,mean_sea_level_pressure,synoptic,0.07318755344136728
graphcast_operational,mag_0.01_layer_all,144.0,mean_sea_level_pressure,synoptic,0.07104806326544238
graphcast_operational,mag_0.01_layer_all,168.0,mean_sea_level_pressure,synoptic,0.0760183688583455
graphcast_operational,mag_0.01_layer_all,192.0,mean_sea_level_pressure,synoptic,0.06530974948386123
graphcast_operational,mag_0.01_layer_all,216.0,mean_sea_level_pressure,synoptic,0.07545834390798845
graphcast_operational,mag_0.01_layer_all,240.0,mean_sea_level_pressure,synoptic,0.07524348274440242
graphcast_operational,mag_0.01_layer_all,0.0,mean_sea_level_pressure,upper_mesoscale,5.453985967782688e-06
graphcast_operational,mag_0.01_layer_all,24.0,mean_sea_level_pressure,upper_mesoscale,0.02444239405109176
graphcast_operational,mag_0.01_layer_all,48.0,mean_sea_level_pressure,upper_mesoscale,0.037928789625736294
graphcast_operational,mag_0.01_layer_all,72.0,mean_sea_level_pressure,upper_mesoscale,0.03906979978734946
graphcast_operational,mag_0.01_layer_all,96.0,mean_sea_level_pressure,upper_mesoscale,0.034673359580498095
graphcast_operational,mag_0.01_layer_all,120.0,mean_sea_level_pressure,upper_mesoscale,0.038266803914954295
graphcast_operational,mag_0.01_layer_all,144.0,mean_sea_level_pressure,upper_mesoscale,0.04125669206833927
graphcast_operational,mag_0.01_layer_all,168.0,mean_sea_level_pressure,upper_mesoscale,0.04843125149013767
graphcast_operational,mag_0.01_layer_all,192.0,mean_sea_level_pressure,upper_mesoscale,0.05379890267308351
graphcast_operational,mag_0.01_layer_all,216.0,mean_sea_level_pressure,upper_mesoscale,0.05208584838713954
graphcast_operational,mag_0.01_layer_all,240.0,mean_sea_level_pressure,upper_mesoscale,0.04626545714948549
graphcast_operational,mag_0.01_layer_all,0.0,mean_sea_level_pressure,lower_mesoscale,6.692188487952208e-05
graphcast_operational,mag_0.01_layer_all,24.0,mean_sea_level_pressure,lower_mesoscale,0.143968297565766
graphcast_operational,mag_0.01_layer_all,48.0,mean_sea_level_pressure,lower_mesoscale,0.20618020587023467
graphcast_operational,mag_0.01_layer_all,72.0,mean_sea_level_pressure,lower_mesoscale,0.24811487078053088
graphcast_operational,mag_0.01_layer_all,96.0,mean_sea_level_pressure,lower_mesoscale,0.3032384416039983
graphcast_operational,mag_0.01_layer_all,120.0,mean_sea_level_pressure,lower_mesoscale,0.3440421363250605
graphcast_operational,mag_0.01_layer_all,144.0,mean_sea_level_pressure,lower_mesoscale,0.38900124272611736
graphcast_operational,mag_0.01_layer_all,168.0,mean_sea_level_pressure,lower_mesoscale,0.424094280526485
graphcast_operational,mag_0.01_layer_all,192.0,mean_sea_level_pressure,lower_mesoscale,0.47198255466914696
graphcast_operational,mag_0.01_layer_all,216.0,mean_sea_level_pressure,lower_mesoscale,0.49603331421023633
graphcast_operational,mag_0.01_layer_all,240.0,mean_sea_level_pressure,lower_mesoscale,0.5037214447669511
graphcast_operational,mag_0.03_layer_all,0.0,mean_sea_level_pressure,planetary,1.2584055652165186e-07
graphcast_operational,mag_0.03_layer_all,24.0,mean_sea_level_pressure,planetary,0.008734361577558782
graphcast_operational,mag_0.03_layer_all,48.0,mean_sea_level_pressure,planetary,0.023040022951362326
graphcast_operational,mag_0.03_layer_all,72.0,mean_sea_level_pressure,planetary,0.037251169287653825
graphcast_operational,mag_0.03_layer_all,96.0,mean_sea_level_pressure,planetary,0.04569138516942655
graphcast_operational,mag_0.03_layer_all,120.0,mean_sea_level_pressure,planetary,0.08503501935241324
graphcast_operational,mag_0.03_layer_all,144.0,mean_sea_level_pressure,planetary,0.11094394544437709
graphcast_operational,mag_0.03_layer_all,168.0,mean_sea_level_pressure,planetary,0.08039861391351416
graphcast_operational,mag_0.03_layer_all,192.0,mean_sea_level_pressure,planetary,0.09956504310183904
graphcast_operational,mag_0.03_layer_all,216.0,mean_sea_level_pressure,planetary,0.12406944213359447
graphcast_operational,mag_0.03_layer_all,240.0,mean_sea_level_pressure,planetary,0.12726294072953007
graphcast_operational,mag_0.03_layer_all,0.0,mean_sea_level_pressure,synoptic,1.0886112063506336e-06
graphcast_operational,mag_0.03_layer_all,24.0,mean_sea_level_pressure,synoptic,0.03611030965851748
graphcast_operational,mag_0.03_layer_all,48.0,mean_sea_level_pressure,synoptic,0.04614964134890381
graphcast_operational,mag_0.03_layer_all,72.0,mean_sea_level_pressure,synoptic,0.047454325334746805
graphcast_operational,mag_0.03_layer_all,96.0,mean_sea_level_pressure,synoptic,0.048953126166944555
graphcast_operational,mag_0.03_layer_all,120.0,mean_sea_level_pressure,synoptic,0.05109721985707288
graphcast_operational,mag_0.03_layer_all,144.0,mean_sea_level_pressure,synoptic,0.05174147822316157
graphcast_operational,mag_0.03_layer_all,168.0,mean_sea_level_pressure,synoptic,0.06252830729525181
graphcast_operational,mag_0.03_layer_all,192.0,mean_sea_level_pressure,synoptic,0.04029764358644464
graphcast_operational,mag_0.03_layer_all,216.0,mean_sea_level_pressure,synoptic,0.05921078789139928
graphcast_operational,mag_0.03_layer_all,240.0,mean_sea_level_pressure,synoptic,0.06622533546382742
graphcast_operational,mag_0.03_layer_all,0.0,mean_sea_level_pressure,upper_mesoscale,5.453985967782688e-06
graphcast_operational,mag_0.03_layer_all,24.0,mean_sea_level_pressure,upper_mesoscale,0.024758535076328317
graphcast_operational,mag_0.03_layer_all,48.0,mean_sea_level_pressure,upper_mesoscale,0.03505126639649298
graphcast_operational,mag_0.03_layer_all,72.0,mean_sea_level_pressure,upper_mesoscale,0.03832939460303434
graphcast_operational,mag_0.03_layer_all,96.0,mean_sea_level_pressure,upper_mesoscale,0.04783839070416992
graphcast_operational,mag_0.03_layer_all,120.0,mean_sea_level_pressure,upper_mesoscale,0.06135323115357055
graphcast_operational,mag_0.03_layer_all,144.0,mean_sea_level_pressure,upper_mesoscale,0.07162823804172486
graphcast_operational,mag_0.03_layer_all,168.0,mean_sea_level_pressure,upper_mesoscale,0.07950131185490115
graphcast_operational,mag_0.03_layer_all,192.0,mean_sea_level_pressure,upper_mesoscale,0.09500735620387658
graphcast_operational,mag_0.03_layer_all,216.0,mean_sea_level_pressure,upper_mesoscale,0.09737416987021708
graphcast_operational,mag_0.03_layer_all,240.0,mean_sea_level_pressure,upper_mesoscale,0.09994745877899196
graphcast_operational,mag_0.03_layer_all,0.0,mean_sea_level_pressure,lower_mesoscale,6.692188487952208e-05
graphcast_operational,mag_0.03_layer_all,24.0,mean_sea_level_pressure,lower_mesoscale,0.15214915872240764
graphcast_operational,mag_0.03_layer_all,48.0,mean_sea_level_pressure,lower_mesoscale,0.22205329402948878
graphcast_operational,mag_0.03_layer_all,72.0,mean_sea_level_pressure,lower_mesoscale,0.2726570792208062
graphcast_operational,mag_0.03_layer_all,96.0,mean_sea_level_pressure,lower_mesoscale,0.33444478912142
graphcast_operational,mag_0.03_layer_all,120.0,mean_sea_level_pressure,lower_mesoscale,0.3787426002480766
graphcast_operational,mag_0.03_layer_all,144.0,mean_sea_level_pressure,lower_mesoscale,0.42626116240440415
graphcast_operational,mag_0.03_layer_all,168.0,mean_sea_level_pressure,lower_mesoscale,0.45465930568218577
graphcast_operational,mag_0.03_layer_all,192.0,mean_sea_level_pressure,lower_mesoscale,0.49612622153762537
graphcast_operational,mag_0.03_layer_all,216.0,mean_sea_level_pressure,lower_mesoscale,0.5207645257735172
graphcast_operational,mag_0.03_layer_all,240.0,mean_sea_level_pressure,lower_mesoscale,0.5289291827602437
graphcast_operational,mag_0.1_layer_all,0.0,mean_sea_level_pressure,planetary,1.2584055652165186e-07
graphcast_operational,mag_0.1_layer_all,24.0,mean_sea_level_pressure,planetary,0.03069441343071583
graphcast_operational,mag_0.1_layer_all,48.0,mean_sea_level_pressure,planetary,0.06430598330687598
graphcast_operational,mag_0.1_layer_all,72.0,mean_sea_level_pressure,planetary,0.10738967758023858
graphcast_operational,mag_0.1_layer_all,96.0,mean_sea_level_pressure,planetary,0.10210652723726646
graphcast_operational,mag_0.1_layer_all,120.0,mean_sea_level_pressure,planetary,0.09218475602358198
graphcast_operational,mag_0.1_layer_all,144.0,mean_sea_level_pressure,planetary,0.08782515038240934
graphcast_operational,mag_0.1_layer_all,168.0,mean_sea_level_pressure,planetary,0.0665920749218275
graphcast_operational,mag_0.1_layer_all,192.0,mean_sea_level_pressure,planetary,0.09997285146446573
graphcast_operational,mag_0.1_layer_all,216.0,mean_sea_level_pressure,planetary,0.15939468669680115
graphcast_operational,mag_0.1_layer_all,240.0,mean_sea_level_pressure,planetary,0.1722292425413103
graphcast_operational,mag_0.1_layer_all,0.0,mean_sea_level_pressure,synoptic,1.0886112063506336e-06
graphcast_operational,mag_0.1_layer_all,24.0,mean_sea_level_pressure,synoptic,0.059049741386265155
graphcast_operational,mag_0.1_layer_all,48.0,mean_sea_level_pressure,synoptic,0.06444766379048834
graphcast_operational,mag_0.1_layer_all,72.0,mean_sea_level_pressure,synoptic,0.05040125384463842
graphcast_operational,mag_0.1_layer_all,96.0,mean_sea_level_pressure,synoptic,0.06387132161070067
graphcast_operational,mag_0.1_layer_all,120.0,mean_sea_level_pressure,synoptic,0.07549843346780873
graphcast_operational,mag_0.1_layer_all,144.0,mean_sea_level_pressure,synoptic,0.08292250109276961
graphcast_operational,mag_0.1_layer_all,168.0,mean_sea_level_pressure,synoptic,0.08642107361171092
graphcast_operational,mag_0.1_layer_all,192.0,mean_sea_level_pressure,synoptic,0.07416974359719519
graphcast_operational,mag_0.1_layer_all,216.0,mean_sea_level_pressure,synoptic,0.09566848572927548
graphcast_operational,mag_0.1_layer_all,240.0,mean_sea_level_pressure,synoptic,0.11898357545770596
graphcast_operational,mag_0.1_layer_all,0.0,mean_sea_level_pressure,upper_mesoscale,5.453985967782688e-06
graphcast_operational,mag_0.1_layer_all,24.0,mean_sea_level_pressure,upper_mesoscale,0.051169392438645454
graphcast_operational,mag_0.1_layer_all,48.0,mean_sea_level_pressure,upper_mesoscale,0.09653492516586533
graphcast_operational,mag_0.1_layer_all,72.0,mean_sea_level_pressure,upper_mesoscale,0.13981835212517155
graphcast_operational,mag_0.1_layer_all,96.0,mean_sea_level_pressure,upper_mesoscale,0.18365887537184888
graphcast_operational,mag_0.1_layer_all,120.0,mean_sea_level_pressure,upper_mesoscale,0.20468572768519624
graphcast_operational,mag_0.1_layer_all,144.0,mean_sea_level_pressure,upper_mesoscale,0.22608480708224865
graphcast_operational,mag_0.1_layer_all,168.0,mean_sea_level_pressure,upper_mesoscale,0.24678492459856718
graphcast_operational,mag_0.1_layer_all,192.0,mean_sea_level_pressure,upper_mesoscale,0.27587034528159715
graphcast_operational,mag_0.1_layer_all,216.0,mean_sea_level_pressure,upper_mesoscale,0.2921221632287866
graphcast_operational,mag_0.1_layer_all,240.0,mean_sea_level_pressure,upper_mesoscale,0.2988556613725469
graphcast_operational,mag_0.1_layer_all,0.0,mean_sea_level_pressure,lower_mesoscale,6.692188487952208e-05
graphcast_operational,mag_0.1_layer_all,24.0,mean_sea_level_pressure,lower_mesoscale,0.27219341286851445
graphcast_operational,mag_0.1_layer_all,48.0,mean_sea_level_pressure,lower_mesoscale,0.3913261260065006
graphcast_operational,mag_0.1_layer_all,72.0,mean_sea_level_pressure,lower_mesoscale,0.4738679119101844
graphcast_operational,mag_0.1_layer_all,96.0,mean_sea_level_pressure,lower_mesoscale,0.5488450367543333
graphcast_operational,mag_0.1_layer_all,120.0,mean_sea_level_pressure,lower_mesoscale,0.5990039912001486
graphcast_operational,mag_0.1_layer_all,144.0,mean_sea_level_pressure,lower_mesoscale,0.6454697951307644
graphcast_operational,mag_0.1_layer_all,168.0,mean_sea_level_pressure,lower_mesoscale,0.6715870817572716
graphcast_operational,mag_0.1_layer_all,192.0,mean_sea_level_pressure,lower_mesoscale,0.7105925101085472
graphcast_operational,mag_0.1_layer_all,216.0,mean_sea_level_pressure,lower_mesoscale,0.7351470753806947
graphcast_operational,mag_0.1_layer_all,240.0,mean_sea_level_pressure,lower_mesoscale,0.7376853849320588
sfno,mag_0_layer_all,0.0,mean_sea_level_pressure,planetary,1.2584055652165186e-07
sfno,mag_0_layer_all,24.0,mean_sea_level_pressure,planetary,0.010120947527128646
sfno,mag_0_layer_all,48.0,mean_sea_level_pressure,planetary,0.01897323613873858
sfno,mag_0_layer_all,72.0,mean_sea_level_pressure,planetary,0.024551183961799214
sfno,mag_0_layer_all,96.0,mean_sea_level_pressure,planetary,0.02985849588855505
sfno,mag_0_layer_all,120.0,mean_sea_level_pressure,planetary,0.09365125392039449
sfno,mag_0_layer_all,144.0,mean_sea_level_pressure,planetary,0.08867168748259677
sfno,mag_0_layer_all,168.0,mean_sea_level_pressure,planetary,0.09429166950329382
sfno,mag_0_layer_all,192.0,mean_sea_level_pressure,planetary,0.09065926178335791
sfno,mag_0_layer_all,216.0,mean_sea_level_pressure,planetary,0.12049866709710054
sfno,mag_0_layer_all,240.0,mean_sea_level_pressure,planetary,0.11550053346304658
sfno,mag_0_layer_all,0.0,mean_sea_level_pressure,synoptic,1.0886112063857973e-06
sfno,mag_0_layer_all,24.0,mean_sea_level_pressure,synoptic,0.03454972811550096
sfno,mag_0_layer_all,48.0,mean_sea_level_pressure,synoptic,0.04187313487612659
sfno,mag_0_layer_all,72.0,mean_sea_level_pressure,synoptic,0.0415944712199503
sfno,mag_0_layer_all,96.0,mean_sea_level_pressure,synoptic,0.05025189260626949
sfno,mag_0_layer_all,120.0,mean_sea_level_pressure,synoptic,0.0547189040928216
sfno,mag_0_layer_all,144.0,mean_sea_level_pressure,synoptic,0.06989118038712319
sfno,mag_0_layer_all,168.0,mean_sea_level_pressure,synoptic,0.08191157759901838
sfno,mag_0_layer_all,192.0,mean_sea_level_pressure,synoptic,0.07384007282432707
sfno,mag_0_layer_all,216.0,mean_sea_level_pressure,synoptic,0.0869652345566788
sfno,mag_0_layer_all,240.0,mean_sea_level_pressure,synoptic,0.08316692606256723
sfno,mag_0_layer_all,0.0,mean_sea_level_pressure,upper_mesoscale,5.453985967782581e-06
sfno,mag_0_layer_all,24.0,mean_sea_level_pressure,upper_mesoscale,0.036373116995103365
sfno,mag_0_layer_all,48.0,mean_sea_level_pressure,upper_mesoscale,0.03028696650259354
sfno,mag_0_layer_all,72.0,mean_sea_level_pressure,upper_mesoscale,0.026589835899074415
sfno,mag_0_layer_all,96.0,mean_sea_level_pressure,upper_mesoscale,0.023085852014383443
sfno,mag_0_layer_all,120.0,mean_sea_level_pressure,upper_mesoscale,0.02418251268417356
sfno,mag_0_layer_all,144.0,mean_sea_level_pressure,upper_mesoscale,0.023397250885257327
sfno,mag_0_layer_all,168.0,mean_sea_level_pressure,upper_mesoscale,0.02716842346596715
sfno,mag_0_layer_all,192.0,mean_sea_level_pressure,upper_mesoscale,0.02367804736546757
sfno,mag_0_layer_all,216.0,mean_sea_level_pressure,upper_mesoscale,0.031039846577199746
sfno,mag_0_layer_all,240.0,mean_sea_level_pressure,upper_mesoscale,0.03152923499264898
sfno,mag_0_layer_all,0.0,mean_sea_level_pressure,lower_mesoscale,6.692188487952188e-05
sfno,mag_0_layer_all,24.0,mean_sea_level_pressure,lower_mesoscale,0.13160037806626368
sfno,mag_0_layer_all,48.0,mean_sea_level_pressure,lower_mesoscale,0.20990608965103338
sfno,mag_0_layer_all,72.0,mean_sea_level_pressure,lower_mesoscale,0.23281818755031788
sfno,mag_0_layer_all,96.0,mean_sea_level_pressure,lower_mesoscale,0.23262980998909305
sfno,mag_0_layer_all,120.0,mean_sea_level_pressure,lower_mesoscale,0.23430003263025784
sfno,mag_0_layer_all,144.0,mean_sea_level_pressure,lower_mesoscale,0.23362055275471252
sfno,mag_0_layer_all,168.0,mean_sea_level_pressure,lower_mesoscale,0.2514990037542262
sfno,mag_0_layer_all,192.0,mean_sea_level_pressure,lower_mesoscale,0.24686743224419502
sfno,mag_0_layer_all,216.0,mean_sea_level_pressure,lower_mesoscale,0.24879324702740233
sfno,mag_0_layer_all,240.0,mean_sea_level_pressure,lower_mesoscale,0.2501158325207155
sfno,mag_0.001_layer_all,0.0,mean_sea_level_pressure,planetary,1.2584055652165186e-07
sfno,mag_0.001_layer_all,24.0,mean_sea_level_pressure,planetary,0.010306082680011425
sfno,mag_0.001_layer_all,48.0,mean_sea_level_pressure,planetary,0.018965693873456126
sfno,mag_0.001_layer_all,72.0,mean_sea_level_pressure,planetary,0.02471018405404077
sfno,mag_0.001_layer_all,96.0,mean_sea_level_pressure,planetary,0.029887035459839867
sfno,mag_0.001_layer_all,120.0,mean_sea_level_pressure,planetary,0.0935875748066013
sfno,mag_0.001_layer_all,144.0,mean_sea_level_pressure,planetary,0.08886727980271471
sfno,mag_0.001_layer_all,168.0,mean_sea_level_pressure,planetary,0.09550165495429865
sfno,mag_0.001_layer_all,192.0,mean_sea_level_pressure,planetary,0.0892666748839586
sfno,mag_0.001_layer_all,216.0,mean_sea_level_pressure,planetary,0.11623967503988392
sfno,mag_0.001_layer_all,240.0,mean_sea_level_pressure,planetary,0.1079662375802958
sfno,mag_0.001_layer_all,0.0,mean_sea_level_pressure,synoptic,1.0886112063506336e-06
sfno,mag_0.001_layer_all,24.0,mean_sea_level_pressure,synoptic,0.034573819852057014
sfno,mag_0.001_layer_all,48.0,mean_sea_level_pressure,synoptic,0.041822790238040065
sfno,mag_0.001_layer_all,72.0,mean_sea_level_pressure,synoptic,0.04162223235092956
sfno,mag_0.001_layer_all,96.0,mean_sea_level_pressure,synoptic,0.05017417986317763
sfno,mag_0.001_layer_all,120.0,mean_sea_level_pressure,synoptic,0.05447085068308353
sfno,mag_0.001_layer_all,144.0,mean_sea_level_pressure,synoptic,0.06960591180187696
sfno,mag_0.001_layer_all,168.0,mean_sea_level_pressure,synoptic,0.08028027329275808
sfno,mag_0.001_layer_all,192.0,mean_sea_level_pressure,synoptic,0.07278558983250916
sfno,mag_0.001_layer_all,216.0,mean_sea_level_pressure,synoptic,0.08583664951994127
sfno,mag_0.001_layer_all,240.0,mean_sea_level_pressure,synoptic,0.08062668448541328
sfno,mag_0.001_layer_all,0.0,mean_sea_level_pressure,upper_mesoscale,5.453985967782688e-06
sfno,mag_0.001_layer_all,24.0,mean_sea_level_pressure,upper_mesoscale,0.03642839061739294
sfno,mag_0.001_layer_all,48.0,mean_sea_level_pressure,upper_mesoscale,0.030243971561895306
sfno,mag_0.001_layer_all,72.0,mean_sea_level_pressure,upper_mesoscale,0.026504911995991164
sfno,mag_0.001_layer_all,96.0,mean_sea_level_pressure,upper_mesoscale,0.02307075433290621
sfno,mag_0.001_layer_all,120.0,mean_sea_level_pressure,upper_mesoscale,0.0241690660202431
sfno,mag_0.001_layer_all,144.0,mean_sea_level_pressure,upper_mesoscale,0.02327411453205424
sfno,mag_0.001_layer_all,168.0,mean_sea_level_pressure,upper_mesoscale,0.027186220052801087
sfno,mag_0.001_layer_all,192.0,mean_sea_level_pressure,upper_mesoscale,0.023795433396337523
sfno,mag_0.001_layer_all,216.0,mean_sea_level_pressure,upper_mesoscale,0.029947236876734302
sfno,mag_0.001_layer_all,240.0,mean_sea_level_pressure,upper_mesoscale,0.02980506443175157
sfno,mag_0.001_layer_all,0.0,mean_sea_level_pressure,lower_mesoscale,6.692188487952208e-05
sfno,mag_0.001_layer_all,24.0,mean_sea_level_pressure,lower_mesoscale,0.1316669195547656
sfno,mag_0.001_layer_all,48.0,mean_sea_level_pressure,lower_mesoscale,0.20998926270396823
sfno,mag_0.001_layer_all,72.0,mean_sea_level_pressure,lower_mesoscale,0.23291164139166062
sfno,mag_0.001_layer_all,96.0,mean_sea_level_pressure,lower_mesoscale,0.23282237038505504
sfno,mag_0.001_layer_all,120.0,mean_sea_level_pressure,lower_mesoscale,0.23446119965912568
sfno,mag_0.001_layer_all,144.0,mean_sea_level_pressure,lower_mesoscale,0.23371027131812247
sfno,mag_0.001_layer_all,168.0,mean_sea_level_pressure,lower_mesoscale,0.251204509362411
sfno,mag_0.001_layer_all,192.0,mean_sea_level_pressure,lower_mesoscale,0.2468320558183171
sfno,mag_0.001_layer_all,216.0,mean_sea_level_pressure,lower_mesoscale,0.2484097590757901
sfno,mag_0.001_layer_all,240.0,mean_sea_level_pressure,lower_mesoscale,0.2501079101410065
sfno,mag_0.003_layer_all,0.0,mean_sea_level_pressure,planetary,1.2584055652165186e-07
sfno,mag_0.003_layer_all,24.0,mean_sea_level_pressure,planetary,0.010549464684872872
sfno,mag_0.003_layer_all,48.0,mean_sea_level_pressure,planetary,0.018869717998024105
sfno,mag_0.003_layer_all,72.0,mean_sea_level_pressure,planetary,0.024736804809798126
sfno,mag_0.003_layer_all,96.0,mean_sea_level_pressure,planetary,0.029318645521278764
sfno,mag_0.003_layer_all,120.0,mean_sea_level_pressure,planetary,0.09314294505002552
sfno,mag_0.003_layer_all,144.0,mean_sea_level_pressure,planetary,0.08889915926208235
sfno,mag_0.003_layer_all,168.0,mean_sea_level_pressure,planetary,0.09584872712512711
sfno,mag_0.003_layer_all,192.0,mean_sea_level_pressure,planetary,0.0832020690424712
sfno,mag_0.003_layer_all,216.0,mean_sea_level_pressure,planetary,0.10615445840675472
sfno,mag_0.003_layer_all,240.0,mean_sea_level_pressure,planetary,0.09637903237529648
sfno,mag_0.003_layer_all,0.0,mean_sea_level_pressure,synoptic,1.0886112063506336e-06
sfno,mag_0.003_layer_all,24.0,mean_sea_level_pressure,synoptic,0.0349351451171606
sfno,mag_0.003_layer_all,48.0,mean_sea_level_pressure,synoptic,0.04208186559636433
sfno,mag_0.003_layer_all,72.0,mean_sea_level_pressure,synoptic,0.04175473746342107
sfno,mag_0.003_layer_all,96.0,mean_sea_level_pressure,synoptic,0.05034735868496451
sfno,mag_0.003_layer_all,120.0,mean_sea_level_pressure,synoptic,0.054484073408338954
sfno,mag_0.003_layer_all,144.0,mean_sea_level_pressure,synoptic,0.06867492546595444
sfno,mag_0.003_layer_all,168.0,mean_sea_level_pressure,synoptic,0.07609888122311273
sfno,mag_0.003_layer_all,192.0,mean_sea_level_pressure,synoptic,0.0668958244343071
sfno,mag_0.003_layer_all,216.0,mean_sea_level_pressure,synoptic,0.07803758504832395
sfno,mag_0.003_layer_all,240.0,mean_sea_level_pressure,synoptic,0.07136678299352459
sfno,mag_0.003_layer_all,0.0,mean_sea_level_pressure,upper_mesoscale,5.453985967782688e-06
sfno,mag_0.003_layer_all,24.0,mean_sea_level_pressure,upper_mesoscale,0.03705596415325409
sfno,mag_0.003_layer_all,48.0,mean_sea_level_pressure,upper_mesoscale,0.030814001820953698
sfno,mag_0.003_layer_all,72.0,mean_sea_level_pressure,upper_mesoscale,0.026616241424152944
sfno,mag_0.003_layer_all,96.0,mean_sea_level_pressure,upper_mesoscale,0.02292345252720494
sfno,mag_0.003_layer_all,120.0,mean_sea_level_pressure,upper_mesoscale,0.02407670287947462
sfno,mag_0.003_layer_all,144.0,mean_sea_level_pressure,upper_mesoscale,0.02314780341533643
sfno,mag_0.003_layer_all,168.0,mean_sea_level_pressure,upper_mesoscale,0.028063713093808212
sfno,mag_0.003_layer_all,192.0,mean_sea_level_pressure,upper_mesoscale,0.023725916009879573
sfno,mag_0.003_layer_all,216.0,mean_sea_level_pressure,upper_mesoscale,0.028471365290427916
sfno,mag_0.003_layer_all,240.0,mean_sea_level_pressure,upper_mesoscale,0.029254520857125512
sfno,mag_0.003_layer_all,0.0,mean_sea_level_pressure,lower_mesoscale,6.692188487952208e-05
sfno,mag_0.003_layer_all,24.0,mean_sea_level_pressure,lower_mesoscale,0.13202384810703116
sfno,mag_0.003_layer_all,48.0,mean_sea_level_pressure,lower_mesoscale,0.21010149559600105
sfno,mag_0.003_layer_all,72.0,mean_sea_level_pressure,lower_mesoscale,0.23256950420866668
sfno,mag_0.003_layer_all,96.0,mean_sea_level_pressure,lower_mesoscale,0.23199281043104536
sfno,mag_0.003_layer_all,120.0,mean_sea_level_pressure,lower_mesoscale,0.2333897680501131
sfno,mag_0.003_layer_all,144.0,mean_sea_level_pressure,lower_mesoscale,0.23263687487028342
sfno,mag_0.003_layer_all,168.0,mean_sea_level_pressure,lower_mesoscale,0.24938819977457272
sfno,mag_0.003_layer_all,192.0,mean_sea_level_pressure,lower_mesoscale,0.24496298801340702
sfno,mag_0.003_layer_all,216.0,mean_sea_level_pressure,lower_mesoscale,0.24607387805281575
sfno,mag_0.003_layer_all,240.0,mean_sea_level_pressure,lower_mesoscale,0.24751432175238391
sfno,mag_0.01_layer_all,0.0,mean_sea_level_pressure,planetary,1.2584055652165186e-07
sfno,mag_0.01_layer_all,24.0,mean_sea_level_pressure,planetary,0.011255108628086142
sfno,mag_0.01_layer_all,48.0,mean_sea_level_pressure,planetary,0.0188339636123044
sfno,mag_0.01_layer_all,72.0,mean_sea_level_pressure,planetary,0.024734635191613685
sfno,mag_0.01_layer_all,96.0,mean_sea_level_pressure,planetary,0.027148187259744633
sfno,mag_0.01_layer_all,120.0,mean_sea_level_pressure,planetary,0.08684261147605148
sfno,mag_0.01_layer_all,144.0,mean_sea_level_pressure,planetary,0.08553444854464054
sfno,mag_0.01_layer_all,168.0,mean_sea_level_pressure,planetary,0.08868215153291825
sfno,mag_0.01_layer_all,192.0,mean_sea_level_pressure,planetary,0.0762998038808972
sfno,mag_0.01_layer_all,216.0,mean_sea_level_pressure,planetary,0.1055504304813747
sfno,mag_0.01_layer_all,240.0,mean_sea_level_pressure,planetary,0.11363641277265893
sfno,mag_0.01_layer_all,0.0,mean_sea_level_pressure,synoptic,1.0886112063506336e-06
sfno,mag_0.01_layer_all,24.0,mean_sea_level_pressure,synoptic,0.03556161513289195
sfno,mag_0.01_layer_all,48.0,mean_sea_level_pressure,synoptic,0.042374458804670376
sfno,mag_0.01_layer_all,72.0,mean_sea_level_pressure,synoptic,0.0420305326188887
sfno,mag_0.01_layer_all,96.0,mean_sea_level_pressure,synoptic,0.04914430112713779
sfno,mag_0.01_layer_all,120.0,mean_sea_level_pressure,synoptic,0.052351116988287164
sfno,mag_0.01_layer_all,144.0,mean_sea_level_pressure,synoptic,0.06371550043604365
sfno,mag_0.01_layer_all,168.0,mean_sea_level_pressure,synoptic,0.06438354597837329
sfno,mag_0.01_layer_all,192.0,mean_sea_level_pressure,synoptic,0.0543782722225896
sfno,mag_0.01_layer_all,216.0,mean_sea_level_pressure,synoptic,0.06278645312456901
sfno,mag_0.01_layer_all,240.0,mean_sea_level_pressure,synoptic,0.055422344708772275
sfno,mag_0.01_layer_all,0.0,mean_sea_level_pressure,upper_mesoscale,5.453985967782688e-06
sfno,mag_0.01_layer_all,24.0,mean_sea_level_pressure,upper_mesoscale,0.038270992080673076
sfno,mag_0.01_layer_all,48.0,mean_sea_level_pressure,upper_mesoscale,0.03176529805634485
sfno,mag_0.01_layer_all,72.0,mean_sea_level_pressure,upper_mesoscale,0.026643167696850097
sfno,mag_0.01_layer_all,96.0,mean_sea_level_pressure,upper_mesoscale,0.022818149532882952
sfno,mag_0.01_layer_all,120.0,mean_sea_level_pressure,upper_mesoscale,0.02419746416773834
sfno,mag_0.01_layer_all,144.0,mean_sea_level_pressure,upper_mesoscale,0.024064966081177076
sfno,mag_0.01_layer_all,168.0,mean_sea_level_pressure,upper_mesoscale,0.027961891368860816
sfno,mag_0.01_layer_all,192.0,mean_sea_level_pressure,upper_mesoscale,0.02423753951179397
sfno,mag_0.01_layer_all,216.0,mean_sea_level_pressure,upper_mesoscale,0.026187534747272947
sfno,mag_0.01_layer_all,240.0,mean_sea_level_pressure,upper_mesoscale,0.02543325448595951
sfno,mag_0.01_layer_all,0.0,mean_sea_level_pressure,lower_mesoscale,6.692188487952208e-05
sfno,mag_0.01_layer_all,24.0,mean_sea_level_pressure,lower_mesoscale,0.1317703681649543
sfno,mag_0.01_layer_all,48.0,mean_sea_level_pressure,lower_mesoscale,0.20694619167533343
sfno,mag_0.01_layer_all,72.0,mean_sea_level_pressure,lower_mesoscale,0.22556251929122195
sfno,mag_0.01_layer_all,96.0,mean_sea_level_pressure,lower_mesoscale,0.22093753959586132
sfno,mag_0.01_layer_all,120.0,mean_sea_level_pressure,lower_mesoscale,0.219871573306564
sfno,mag_0.01_layer_all,144.0,mean_sea_level_pressure,lower_mesoscale,0.2171204693690849
sfno,mag_0.01_layer_all,168.0,mean_sea_level_pressure,lower_mesoscale,0.23001816256412552
sfno,mag_0.01_layer_all,192.0,mean_sea_level_pressure,lower_mesoscale,0.2254060753995817
sfno,mag_0.01_layer_all,216.0,mean_sea_level_pressure,lower_mesoscale,0.22529642916585155
sfno,mag_0.01_layer_all,240.0,mean_sea_level_pressure,lower_mesoscale,0.22902548512098497
sfno,mag_0.03_layer_all,0.0,mean_sea_level_pressure,planetary,1.2584055652165186e-07
sfno,mag_0.03_layer_all,24.0,mean_sea_level_pressure,planetary,0.014090850629451491
sfno,mag_0.03_layer_all,48.0,mean_sea_level_pressure,planetary,0.02080766472747465
sfno,mag_0.03_layer_all,72.0,mean_sea_level_pressure,planetary,0.02661442615594431
sfno,mag_0.03_layer_all,96.0,mean_sea_level_pressure,planetary,0.021287550891052515
sfno,mag_0.03_layer_all,120.0,mean_sea_level_pressure,planetary,0.07807488200733685
sfno,mag_0.03_layer_all,144.0,mean_sea_level_pressure,planetary,0.08567902499772989
sfno,mag_0.03_layer_all,168.0,mean_sea_level_pressure,planetary,0.07227038471414136
sfno,mag_0.03_layer_all,192.0,mean_sea_level_pressure,planetary,0.09935082400501226
sfno,mag_0.03_layer_all,216.0,mean_sea_level_pressure,planetary,0.1111627298285793
sfno,mag_0.03_layer_all,240.0,mean_sea_level_pressure,planetary,0.12643758097219288
sfno,mag_0.03_layer_all,0.0,mean_sea_level_pressure,synoptic,1.0886112063506336e-06
sfno,mag_0.03_layer_all,24.0,mean_sea_level_pressure,synoptic,0.03787429429158096
sfno,mag_0.03_layer_all,48.0,mean_sea_level_pressure,synoptic,0.04637265339638496
sfno,mag_0.03_layer_all,72.0,mean_sea_level_pressure,synoptic,0.04636985907591976
sfno,mag_0.03_layer_all,96.0,mean_sea_level_pressure,synoptic,0.05140250273342579
sfno,mag_0.03_layer_all,120.0,mean_sea_level_pressure,synoptic,0.05343352031918716
sfno,mag_0.03_layer_all,144.0,mean_sea_level_pressure,synoptic,0.0539035003910072
sfno,mag_0.03_layer_all,168.0,mean_sea_level_pressure,synoptic,0.06531911371724541
sfno,mag_0.03_layer_all,192.0,mean_sea_level_pressure,synoptic,0.046092916383888086
sfno,mag_0.03_layer_all,216.0,mean_sea_level_pressure,synoptic,0.05607884723786986
sfno,mag_0.03_layer_all,240.0,mean_sea_level_pressure,synoptic,0.06021987191479579
sfno,mag_0.03_layer_all,0.0,mean_sea_level_pressure,upper_mesoscale,5.453985967782688e-06
sfno,mag_0.03_layer_all,24.0,mean_sea_level_pressure,upper_mesoscale,0.04180552790311887
sfno,mag_0.03_layer_all,48.0,mean_sea_level_pressure,upper_mesoscale,0.034439285207479874
sfno,mag_0.03_layer_all,72.0,mean_sea_level_pressure,upper_mesoscale,0.028425199492608137
sfno,mag_0.03_layer_all,96.0,mean_sea_level_pressure,upper_mesoscale,0.02729554758778419
sfno,mag_0.03_layer_all,120.0,mean_sea_level_pressure,upper_mesoscale,0.02948765966786989
sfno,mag_0.03_layer_all,144.0,mean_sea_level_pressure,upper_mesoscale,0.028248644007545485
sfno,mag_0.03_layer_all,168.0,mean_sea_level_pressure,upper_mesoscale,0.034803126970493835
sfno,mag_0.03_layer_all,192.0,mean_sea_level_pressure,upper_mesoscale,0.03869365210463064
sfno,mag_0.03_layer_all,216.0,mean_sea_level_pressure,upper_mesoscale,0.0417332087776225
sfno,mag_0.03_layer_all,240.0,mean_sea_level_pressure,upper_mesoscale,0.04097546614508172
sfno,mag_0.03_layer_all,0.0,mean_sea_level_pressure,lower_mesoscale,6.692188487952208e-05
sfno,mag_0.03_layer_all,24.0,mean_sea_level_pressure,lower_mesoscale,0.12384656461419821
sfno,mag_0.03_layer_all,48.0,mean_sea_level_pressure,lower_mesoscale,0.17476263614189447
sfno,mag_0.03_layer_all,72.0,mean_sea_level_pressure,lower_mesoscale,0.17048009714618578
sfno,mag_0.03_layer_all,96.0,mean_sea_level_pressure,lower_mesoscale,0.14665033250026718
sfno,mag_0.03_layer_all,120.0,mean_sea_level_pressure,lower_mesoscale,0.13272414444002587
sfno,mag_0.03_layer_all,144.0,mean_sea_level_pressure,lower_mesoscale,0.1214082335572189
sfno,mag_0.03_layer_all,168.0,mean_sea_level_pressure,lower_mesoscale,0.12201290797935506
sfno,mag_0.03_layer_all,192.0,mean_sea_level_pressure,lower_mesoscale,0.12300405468104775
sfno,mag_0.03_layer_all,216.0,mean_sea_level_pressure,lower_mesoscale,0.12993665573632862
sfno,mag_0.03_layer_all,240.0,mean_sea_level_pressure,lower_mesoscale,0.12610012983247995
sfno,mag_0.1_layer_all,0.0,mean_sea_level_pressure,planetary,1.2584055652165186e-07
sfno,mag_0.1_layer_all,24.0,mean_sea_level_pressure,planetary,0.029208746259360357
sfno,mag_0.1_layer_all,48.0,mean_sea_level_pressure,planetary,0.05607485156698336
sfno,mag_0.1_layer_all,72.0,mean_sea_level_pressure,planetary,0.07745119986773387
sfno,mag_0.1_layer_all,96.0,mean_sea_level_pressure,planetary,0.11294088430547704
sfno,mag_0.1_layer_all,120.0,mean_sea_level_pressure,planetary,0.3291173799885264
sfno,mag_0.1_layer_all,144.0,mean_sea_level_pressure,planetary,0.6808444117156376
sfno,mag_0.1_layer_all,168.0,mean_sea_level_pressure,planetary,0.9914000811881367
sfno,mag_0.1_layer_all,192.0,mean_sea_level_pressure,planetary,1.3015943062546804
sfno,mag_0.1_layer_all,216.0,mean_sea_level_pressure,planetary,1.6422589424726886
sfno,mag_0.1_layer_all,240.0,mean_sea_level_pressure,planetary,1.9941911375520252
sfno,mag_0.1_layer_all,0.0,mean_sea_level_pressure,synoptic,1.0886112063506336e-06
sfno,mag_0.1_layer_all,24.0,mean_sea_level_pressure,synoptic,0.040132696234115466
sfno,mag_0.1_layer_all,48.0,mean_sea_level_pressure,synoptic,0.056795373243020815
sfno,mag_0.1_layer_all,72.0,mean_sea_level_pressure,synoptic,0.19665669601204688
sfno,mag_0.1_layer_all,96.0,mean_sea_level_pressure,synoptic,0.45118743960126
sfno,mag_0.1_layer_all,120.0,mean_sea_level_pressure,synoptic,0.7936125615295435
sfno,mag_0.1_layer_all,144.0,mean_sea_level_pressure,synoptic,1.1650004779321455
sfno,mag_0.1_layer_all,168.0,mean_sea_level_pressure,synoptic,1.5333041166441412
sfno,mag_0.1_layer_all,192.0,mean_sea_level_pressure,synoptic,1.8960962057868214
sfno,mag_0.1_layer_all,216.0,mean_sea_level_pressure,synoptic,2.2722680475641526
sfno,mag_0.1_layer_all,240.0,mean_sea_level_pressure,synoptic,2.653709257226443
sfno,mag_0.1_layer_all,0.0,mean_sea_level_pressure,upper_mesoscale,5.453985967782688e-06
sfno,mag_0.1_layer_all,24.0,mean_sea_level_pressure,upper_mesoscale,0.033977486349171505
sfno,mag_0.1_layer_all,48.0,mean_sea_level_pressure,upper_mesoscale,0.0728326040522108
sfno,mag_0.1_layer_all,72.0,mean_sea_level_pressure,upper_mesoscale,0.3067707664032479
sfno,mag_0.1_layer_all,96.0,mean_sea_level_pressure,upper_mesoscale,0.6877477122717107
sfno,mag_0.1_layer_all,120.0,mean_sea_level_pressure,upper_mesoscale,1.1110612761016796
sfno,mag_0.1_layer_all,144.0,mean_sea_level_pressure,upper_mesoscale,1.481890376469823
sfno,mag_0.1_layer_all,168.0,mean_sea_level_pressure,upper_mesoscale,1.8262014073404373
sfno,mag_0.1_layer_all,192.0,mean_sea_level_pressure,upper_mesoscale,2.2007401521679526
sfno,mag_0.1_layer_all,216.0,mean_sea_level_pressure,upper_mesoscale,2.5657021349324314
sfno,mag_0.1_layer_all,240.0,mean_sea_level_pressure,upper_mesoscale,2.921930257353054
sfno,mag_0.1_layer_all,0.0,mean_sea_level_pressure,lower_mesoscale,6.692188487952208e-05
sfno,mag_0.1_layer_all,24.0,mean_sea_level_pressure,lower_mesoscale,0.0364674059127801
sfno,mag_0.1_layer_all,48.0,mean_sea_level_pressure,lower_mesoscale,0.14109428808023716
sfno,mag_0.1_layer_all,72.0,mean_sea_level_pressure,lower_mesoscale,0.46096495769408935
sfno,mag_0.1_layer_all,96.0,mean_sea_level_pressure,lower_mesoscale,0.8829558914475801
sfno,mag_0.1_layer_all,120.0,mean_sea_level_pressure,lower_mesoscale,1.2981059533531172
sfno,mag_0.1_layer_all,144.0,mean_sea_level_pressure,lower_mesoscale,1.6799054415130161
sfno,mag_0.1_layer_all,168.0,mean_sea_level_pressure,lower_mesoscale,2.025633611029379
sfno,mag_0.1_layer_all,192.0,mean_sea_level_pressure,lower_mesoscale,2.373012777203037
sfno,mag_0.1_layer_all,216.0,mean_sea_level_pressure,lower_mesoscale,2.6970933733591735
sfno,mag_0.1_layer_all,240.0,mean_sea_level_pressure,lower_mesoscale,2.9937079665629778
aifs,mag_0_layer_all,0.0,mean_sea_level_pressure,planetary,4.405440576995876e-08
aifs,mag_0_layer_all,24.0,mean_sea_level_pressure,planetary,0.00425531880592206
aifs,mag_0_layer_all,48.0,mean_sea_level_pressure,planetary,0.008480343240817959
aifs,mag_0_layer_all,72.0,mean_sea_level_pressure,planetary,0.015934259956653016
aifs,mag_0_layer_all,96.0,mean_sea_level_pressure,planetary,0.034800952319421756
aifs,mag_0_layer_all,120.0,mean_sea_level_pressure,planetary,0.05102583745803542
aifs,mag_0_layer_all,144.0,mean_sea_level_pressure,planetary,0.0890648828182625
aifs,mag_0_layer_all,168.0,mean_sea_level_pressure,planetary,0.06241942201382137
aifs,mag_0_layer_all,192.0,mean_sea_level_pressure,planetary,0.0675122151767287
aifs,mag_0_layer_all,216.0,mean_sea_level_pressure,planetary,0.13522550674200123
aifs,mag_0_layer_all,240.0,mean_sea_level_pressure,planetary,0.16836984799114696
aifs,mag_0_layer_all,0.0,mean_sea_level_pressure,synoptic,9.698373469137937e-07
aifs,mag_0_layer_all,24.0,mean_sea_level_pressure,synoptic,0.031144554228666823
aifs,mag_0_layer_all,48.0,mean_sea_level_pressure,synoptic,0.04607495238603618
aifs,mag_0_layer_all,72.0,mean_sea_level_pressure,synoptic,0.06367778805458241
aifs,mag_0_layer_all,96.0,mean_sea_level_pressure,synoptic,0.07416399964737233
aifs,mag_0_layer_all,120.0,mean_sea_level_pressure,synoptic,0.08153572443750831
aifs,mag_0_layer_all,144.0,mean_sea_level_pressure,synoptic,0.08291368109540714
aifs,mag_0_layer_all,168.0,mean_sea_level_pressure,synoptic,0.09809165594921576
aifs,mag_0_layer_all,192.0,mean_sea_level_pressure,synoptic,0.08982500439561354
aifs,mag_0_layer_all,216.0,mean_sea_level_pressure,synoptic,0.10341599647518912
aifs,mag_0_layer_all,240.0,mean_sea_level_pressure,synoptic,0.09975779124183136
aifs,mag_0_layer_all,0.0,mean_sea_level_pressure,upper_mesoscale,4.992995144181327e-06
aifs,mag_0_layer_all,24.0,mean_sea_level_pressure,upper_mesoscale,0.06694058305893236
aifs,mag_0_layer_all,48.0,mean_sea_level_pressure,upper_mesoscale,0.08656883407199786
aifs,mag_0_layer_all,72.0,mean_sea_level_pressure,upper_mesoscale,0.09295317594237713
aifs,mag_0_layer_all,96.0,mean_sea_level_pressure,upper_mesoscale,0.08887455158609109
aifs,mag_0_layer_all,120.0,mean_sea_level_pressure,upper_mesoscale,0.09352423777201768
aifs,mag_0_layer_all,144.0,mean_sea_level_pressure,upper_mesoscale,0.08987656903461277
aifs,mag_0_layer_all,168.0,mean_sea_level_pressure,upper_mesoscale,0.09221891122040349
aifs,mag_0_layer_all,192.0,mean_sea_level_pressure,upper_mesoscale,0.08984120770604888
aifs,mag_0_layer_all,216.0,mean_sea_level_pressure,upper_mesoscale,0.08418592319332263
aifs,mag_0_layer_all,240.0,mean_sea_level_pressure,upper_mesoscale,0.08918853272738167
aifs,mag_0_layer_all,0.0,mean_sea_level_pressure,lower_mesoscale,5.8151455751077834e-05
aifs,mag_0_layer_all,24.0,mean_sea_level_pressure,lower_mesoscale,0.20183009646706287
aifs,mag_0_layer_all,48.0,mean_sea_level_pressure,lower_mesoscale,0.209100083066055
aifs,mag_0_layer_all,72.0,mean_sea_level_pressure,lower_mesoscale,0.21089180170232835
aifs,mag_0_layer_all,96.0,mean_sea_level_pressure,lower_mesoscale,0.20462803897901188
aifs,mag_0_layer_all,120.0,mean_sea_level_pressure,lower_mesoscale,0.2140556840448464
aifs,mag_0_layer_all,144.0,mean_sea_level_pressure,lower_mesoscale,0.20827974997219756
aifs,mag_0_layer_all,168.0,mean_sea_level_pressure,lower_mesoscale,0.21173216360696653
aifs,mag_0_layer_all,192.0,mean_sea_level_pressure,lower_mesoscale,0.20145145237792542
aifs,mag_0_layer_all,216.0,mean_sea_level_pressure,lower_mesoscale,0.1928176621210756
aifs,mag_0_layer_all,240.0,mean_sea_level_pressure,lower_mesoscale,0.20621197486100976
aifs,mag_0.003_layer_all,0.0,mean_sea_level_pressure,planetary,4.405440576995876e-08
aifs,mag_0.003_layer_all,24.0,mean_sea_level_pressure,planetary,0.004098786312514011
aifs,mag_0.003_layer_all,48.0,mean_sea_level_pressure,planetary,0.008046383012888023
aifs,mag_0.003_layer_all,72.0,mean_sea_level_pressure,planetary,0.01559207058816116
aifs,mag_0.003_layer_all,96.0,mean_sea_level_pressure,planetary,0.03541565715924242
aifs,mag_0.003_layer_all,120.0,mean_sea_level_pressure,planetary,0.0515963150990456
aifs,mag_0.003_layer_all,144.0,mean_sea_level_pressure,planetary,0.08930212874703825
aifs,mag_0.003_layer_all,168.0,mean_sea_level_pressure,planetary,0.06044718165729252
aifs,mag_0.003_layer_all,192.0,mean_sea_level_pressure,planetary,0.06702557370467006
aifs,mag_0.003_layer_all,216.0,mean_sea_level_pressure,planetary,0.12440155480446392
aifs,mag_0.003_layer_all,240.0,mean_sea_level_pressure,planetary,0.14519497036711174
aifs,mag_0.003_layer_all,0.0,mean_sea_level_pressure,synoptic,9.69837346858867e-07
aifs,mag_0.003_layer_all,24.0,mean_sea_level_pressure,synoptic,0.031243016838743205
aifs,mag_0.003_layer_all,48.0,mean_sea_level_pressure,synoptic,0.04565725754307662
aifs,mag_0.003_layer_all,72.0,mean_sea_level_pressure,synoptic,0.0628696973087701
aifs,mag_0.003_layer_all,96.0,mean_sea_level_pressure,synoptic,0.0736248624034938
aifs,mag_0.003_layer_all,120.0,mean_sea_level_pressure,synoptic,0.08064957866806888
aifs,mag_0.003_layer_all,144.0,mean_sea_level_pressure,synoptic,0.08221825889202992
aifs,mag_0.003_layer_all,168.0,mean_sea_level_pressure,synoptic,0.09622849953255842
aifs,mag_0.003_layer_all,192.0,mean_sea_level_pressure,synoptic,0.08755090616437747
aifs,mag_0.003_layer_all,216.0,mean_sea_level_pressure,synoptic,0.10123039540206837
aifs,mag_0.003_layer_all,240.0,mean_sea_level_pressure,synoptic,0.09433267409659434
aifs,mag_0.003_layer_all,0.0,mean_sea_level_pressure,upper_mesoscale,4.992995144155341e-06
aifs,mag_0.003_layer_all,24.0,mean_sea_level_pressure,upper_mesoscale,0.06564083266668866
aifs,mag_0.003_layer_all,48.0,mean_sea_level_pressure,upper_mesoscale,0.08437898514008166
aifs,mag_0.003_layer_all,72.0,mean_sea_level_pressure,upper_mesoscale,0.09012078481845787
aifs,mag_0.003_layer_all,96.0,mean_sea_level_pressure,upper_mesoscale,0.08611507064502623
aifs,mag_0.003_layer_all,120.0,mean_sea_level_pressure,upper_mesoscale,0.09069357145817021
aifs,mag_0.003_layer_all,144.0,mean_sea_level_pressure,upper_mesoscale,0.08745640906790408
aifs,mag_0.003_layer_all,168.0,mean_sea_level_pressure,upper_mesoscale,0.08840139181893553
aifs,mag_0.003_layer_all,192.0,mean_sea_level_pressure,upper_mesoscale,0.08502095209534533
aifs,mag_0.003_layer_all,216.0,mean_sea_level_pressure,upper_mesoscale,0.08022536672554244
aifs,mag_0.003_layer_all,240.0,mean_sea_level_pressure,upper_mesoscale,0.08575668430064315
aifs,mag_0.003_layer_all,0.0,mean_sea_level_pressure,lower_mesoscale,5.815145575107529e-05
aifs,mag_0.003_layer_all,24.0,mean_sea_level_pressure,lower_mesoscale,0.2010515671217564
aifs,mag_0.003_layer_all,48.0,mean_sea_level_pressure,lower_mesoscale,0.20766263849603284
aifs,mag_0.003_layer_all,72.0,mean_sea_level_pressure,lower_mesoscale,0.2092849602600705
aifs,mag_0.003_layer_all,96.0,mean_sea_level_pressure,lower_mesoscale,0.20272080604246492
aifs,mag_0.003_layer_all,120.0,mean_sea_level_pressure,lower_mesoscale,0.2119315178439286
aifs,mag_0.003_layer_all,144.0,mean_sea_level_pressure,lower_mesoscale,0.2064373654482334
aifs,mag_0.003_layer_all,168.0,mean_sea_level_pressure,lower_mesoscale,0.20921099985726924
aifs,mag_0.003_layer_all,192.0,mean_sea_level_pressure,lower_mesoscale,0.19912185347506461
aifs,mag_0.003_layer_all,216.0,mean_sea_level_pressure,lower_mesoscale,0.1910369397161979
aifs,mag_0.003_layer_all,240.0,mean_sea_level_pressure,lower_mesoscale,0.20416802468278838
aifs,mag_0.01_layer_all,0.0,mean_sea_level_pressure,planetary,4.405440576995876e-08
aifs,mag_0.01_layer_all,24.0,mean_sea_level_pressure,planetary,0.003669511539389847
aifs,mag_0.01_layer_all,48.0,mean_sea_level_pressure,planetary,0.008434069032461843
aifs,mag_0.01_layer_all,72.0,mean_sea_level_pressure,planetary,0.014717837824868067
aifs,mag_0.01_layer_all,96.0,mean_sea_level_pressure,planetary,0.03647589907867566
aifs,mag_0.01_layer_all,120.0,mean_sea_level_pressure,planetary,0.05544586261341782
aifs,mag_0.01_layer_all,144.0,mean_sea_level_pressure,planetary,0.08497228660508567
aifs,mag_0.01_layer_all,168.0,mean_sea_level_pressure,planetary,0.06162506499265853
aifs,mag_0.01_layer_all,192.0,mean_sea_level_pressure,planetary,0.08326762285271794
aifs,mag_0.01_layer_all,216.0,mean_sea_level_pressure,planetary,0.11876739271579205
aifs,mag_0.01_layer_all,240.0,mean_sea_level_pressure,planetary,0.11384286495722809
aifs,mag_0.01_layer_all,0.0,mean_sea_level_pressure,synoptic,9.69837346858867e-07
aifs,mag_0.01_layer_all,24.0,mean_sea_level_pressure,synoptic,0.031154570169229925
aifs,mag_0.01_layer_all,48.0,mean_sea_level_pressure,synoptic,0.04449713386417519
aifs,mag_0.01_layer_all,72.0,mean_sea_level_pressure,synoptic,0.05981988819691741
aifs,mag_0.01_layer_all,96.0,mean_sea_level_pressure,synoptic,0.07186451728819958
aifs,mag_0.01_layer_all,120.0,mean_sea_level_pressure,synoptic,0.07560431080494431
aifs,mag_0.01_layer_all,144.0,mean_sea_level_pressure,synoptic,0.0777472490829248
aifs,mag_0.01_layer_all,168.0,mean_sea_level_pressure,synoptic,0.08771459586469804
aifs,mag_0.01_layer_all,192.0,mean_sea_level_pressure,synoptic,0.08243921167885884
aifs,mag_0.01_layer_all,216.0,mean_sea_level_pressure,synoptic,0.09636781245094296
aifs,mag_0.01_layer_all,240.0,mean_sea_level_pressure,synoptic,0.08395938480752395
aifs,mag_0.01_layer_all,0.0,mean_sea_level_pressure,upper_mesoscale,4.992995144155341e-06
aifs,mag_0.01_layer_all,24.0,mean_sea_level_pressure,upper_mesoscale,0.05269880650915709
aifs,mag_0.01_layer_all,48.0,mean_sea_level_pressure,upper_mesoscale,0.0631223282408954
aifs,mag_0.01_layer_all,72.0,mean_sea_level_pressure,upper_mesoscale,0.0647645782127534
aifs,mag_0.01_layer_all,96.0,mean_sea_level_pressure,upper_mesoscale,0.05974513668631856
aifs,mag_0.01_layer_all,120.0,mean_sea_level_pressure,upper_mesoscale,0.06292140355485418
aifs,mag_0.01_layer_all,144.0,mean_sea_level_pressure,upper_mesoscale,0.06014706243036964
aifs,mag_0.01_layer_all,168.0,mean_sea_level_pressure,upper_mesoscale,0.0589107333463475
aifs,mag_0.01_layer_all,192.0,mean_sea_level_pressure,upper_mesoscale,0.054223884998311184
aifs,mag_0.01_layer_all,216.0,mean_sea_level_pressure,upper_mesoscale,0.053759989517742114
aifs,mag_0.01_layer_all,240.0,mean_sea_level_pressure,upper_mesoscale,0.05725371278287607
aifs,mag_0.01_layer_all,0.0,mean_sea_level_pressure,lower_mesoscale,5.815145575107529e-05
aifs,mag_0.01_layer_all,24.0,mean_sea_level_pressure,lower_mesoscale,0.19225464384606566
aifs,mag_0.01_layer_all,48.0,mean_sea_level_pressure,lower_mesoscale,0.19238532284445317
aifs,mag_0.01_layer_all,72.0,mean_sea_level_pressure,lower_mesoscale,0.1908331099389624
aifs,mag_0.01_layer_all,96.0,mean_sea_level_pressure,lower_mesoscale,0.18121035887189402
aifs,mag_0.01_layer_all,120.0,mean_sea_level_pressure,lower_mesoscale,0.18880816124330263
aifs,mag_0.01_layer_all,144.0,mean_sea_level_pressure,lower_mesoscale,0.1828305275036232
aifs,mag_0.01_layer_all,168.0,mean_sea_level_pressure,lower_mesoscale,0.1825587111840534
aifs,mag_0.01_layer_all,192.0,mean_sea_level_pressure,lower_mesoscale,0.17258238237213974
aifs,mag_0.01_layer_all,216.0,mean_sea_level_pressure,lower_mesoscale,0.1681543088638004
aifs,mag_0.01_layer_all,240.0,mean_sea_level_pressure,lower_mesoscale,0.17897339702460796
aifs,mag_0.03_layer_all,0.0,mean_sea_level_pressure,planetary,4.405440576995876e-08
aifs,mag_0.03_layer_all,24.0,mean_sea_level_pressure,planetary,0.008778458425023292
aifs,mag_0.03_layer_all,48.0,mean_sea_level_pressure,planetary,0.02607549994086089
aifs,mag_0.03_layer_all,72.0,mean_sea_level_pressure,planetary,0.0254685120374716
aifs,mag_0.03_layer_all,96.0,mean_sea_level_pressure,planetary,0.0366725516433292
aifs,mag_0.03_layer_all,120.0,mean_sea_level_pressure,planetary,0.05378589434622246
aifs,mag_0.03_layer_all,144.0,mean_sea_level_pressure,planetary,0.05141573206580277
aifs,mag_0.03_layer_all,168.0,mean_sea_level_pressure,planetary,0.08150215834526309
aifs,mag_0.03_layer_all,192.0,mean_sea_level_pressure,planetary,0.11610236745059647
aifs,mag_0.03_layer_all,216.0,mean_sea_level_pressure,planetary,0.12571491632281873
aifs,mag_0.03_layer_all,240.0,mean_sea_level_pressure,planetary,0.11463273301629766
aifs,mag_0.03_layer_all,0.0,mean_sea_level_pressure,synoptic,9.69837346858867e-07
aifs,mag_0.03_layer_all,24.0,mean_sea_level_pressure,synoptic,0.028654569808826465
aifs,mag_0.03_layer_all,48.0,mean_sea_level_pressure,synoptic,0.03873740275041127
aifs,mag_0.03_layer_all,72.0,mean_sea_level_pressure,synoptic,0.05089763914126895
aifs,mag_0.03_layer_all,96.0,mean_sea_level_pressure,synoptic,0.058832349652718684
aifs,mag_0.03_layer_all,120.0,mean_sea_level_pressure,synoptic,0.06449693183151406
aifs,mag_0.03_layer_all,144.0,mean_sea_level_pressure,synoptic,0.05880130758446174
aifs,mag_0.03_layer_all,168.0,mean_sea_level_pressure,synoptic,0.08288823334075929
aifs,mag_0.03_layer_all,192.0,mean_sea_level_pressure,synoptic,0.062140665620353155
aifs,mag_0.03_layer_all,216.0,mean_sea_level_pressure,synoptic,0.06276176644493901
aifs,mag_0.03_layer_all,240.0,mean_sea_level_pressure,synoptic,0.06578112755764422
aifs,mag_0.03_layer_all,0.0,mean_sea_level_pressure,upper_mesoscale,4.992995144155341e-06
aifs,mag_0.03_layer_all,24.0,mean_sea_level_pressure,upper_mesoscale,0.0534305861838928
aifs,mag_0.03_layer_all,48.0,mean_sea_level_pressure,upper_mesoscale,0.1077751728232034
aifs,mag_0.03_layer_all,72.0,mean_sea_level_pressure,upper_mesoscale,0.13672763146190056
aifs,mag_0.03_layer_all,96.0,mean_sea_level_pressure,upper_mesoscale,0.15927889241119278
aifs,mag_0.03_layer_all,120.0,mean_sea_level_pressure,upper_mesoscale,0.16275372528792353
aifs,mag_0.03_layer_all,144.0,mean_sea_level_pressure,upper_mesoscale,0.16725564891483088
aifs,mag_0.03_layer_all,168.0,mean_sea_level_pressure,upper_mesoscale,0.1674211447123853
aifs,mag_0.03_layer_all,192.0,mean_sea_level_pressure,upper_mesoscale,0.17616048147546004
aifs,mag_0.03_layer_all,216.0,mean_sea_level_pressure,upper_mesoscale,0.17517154504461468
aifs,mag_0.03_layer_all,240.0,mean_sea_level_pressure,upper_mesoscale,0.16899571736540744
aifs,mag_0.03_layer_all,0.0,mean_sea_level_pressure,lower_mesoscale,5.815145575107529e-05
aifs,mag_0.03_layer_all,24.0,mean_sea_level_pressure,lower_mesoscale,0.12946332797474924
aifs,mag_0.03_layer_all,48.0,mean_sea_level_pressure,lower_mesoscale,0.11609878351379879
aifs,mag_0.03_layer_all,72.0,mean_sea_level_pressure,lower_mesoscale,0.12387333379472469
aifs,mag_0.03_layer_all,96.0,mean_sea_level_pressure,lower_mesoscale,0.13782366230844675
aifs,mag_0.03_layer_all,120.0,mean_sea_level_pressure,lower_mesoscale,0.14234138307166558
aifs,mag_0.03_layer_all,144.0,mean_sea_level_pressure,lower_mesoscale,0.15139076315019842
aifs,mag_0.03_layer_all,168.0,mean_sea_level_pressure,lower_mesoscale,0.14930884194924002
aifs,mag_0.03_layer_all,192.0,mean_sea_level_pressure,lower_mesoscale,0.15880498857691006
aifs,mag_0.03_layer_all,216.0,mean_sea_level_pressure,lower_mesoscale,0.1584985472877482
aifs,mag_0.03_layer_all,240.0,mean_sea_level_pressure,lower_mesoscale,0.1504342111161463
aurora,mag_0_layer_all,0.0,10m_u_component_of_wind,planetary,2.9194548112094857e-08
aurora,mag_0_layer_all,24.0,10m_u_component_of_wind,planetary,0.008806799727484126
aurora,mag_0_layer_all,48.0,10m_u_component_of_wind,planetary,0.015660117501562987
aurora,mag_0_layer_all,72.0,10m_u_component_of_wind,planetary,0.015018909962367644
aurora,mag_0_layer_all,96.0,10m_u_component_of_wind,planetary,0.04602368890673958
aurora,mag_0_layer_all,120.0,10m_u_component_of_wind,planetary,0.03641542320228247
aurora,mag_0_layer_all,144.0,10m_u_component_of_wind,planetary,0.04388756867253925
aurora,mag_0_layer_all,168.0,10m_u_component_of_wind,planetary,0.0519735513778335
aurora,mag_0_layer_all,192.0,10m_u_component_of_wind,planetary,0.055543374962975005
aurora,mag_0_layer_all,216.0,10m_u_component_of_wind,planetary,0.1340925041873858
aurora,mag_0_layer_all,240.0,10m_u_component_of_wind,planetary,0.08307543489292288
aurora,mag_0_layer_all,0.0,10m_u_component_of_wind,synoptic,3.608824355463254e-07
aurora,mag_0_layer_all,24.0,10m_u_component_of_wind,synoptic,0.034866999938949046
aurora,mag_0_layer_all,48.0,10m_u_component_of_wind,synoptic,0.04877305917379413
aurora,mag_0_layer_all,72.0,10m_u_component_of_wind,synoptic,0.05209991863970356
aurora,mag_0_layer_all,96.0,10m_u_component_of_wind,synoptic,0.057693012607666454
aurora,mag_0_layer_all,120.0,10m_u_component_of_wind,synoptic,0.05486333081416432
aurora,mag_0_layer_all,144.0,10m_u_component_of_wind,synoptic,0.06392701907267684
aurora,mag_0_layer_all,168.0,10m_u_component_of_wind,synoptic,0.07541119443711666
aurora,mag_0_layer_all,192.0,10m_u_component_of_wind,synoptic,0.07001835503406283
aurora,mag_0_layer_all,216.0,10m_u_component_of_wind,synoptic,0.06876189271485171
aurora,mag_0_layer_all,240.0,10m_u_component_of_wind,synoptic,0.0696742614137408
aurora,mag_0_layer_all,0.0,10m_u_component_of_wind,upper_mesoscale,1.6560799689990013e-06
aurora,mag_0_layer_all,24.0,10m_u_component_of_wind,upper_mesoscale,0.13747175113890653
aurora,mag_0_layer_all,48.0,10m_u_component_of_wind,upper_mesoscale,0.1507957757151274
aurora,mag_0_layer_all,72.0,10m_u_component_of_wind,upper_mesoscale,0.1610605903050587
aurora,mag_0_layer_all,96.0,10m_u_component_of_wind,upper_mesoscale,0.14787769146971438
aurora,mag_0_layer_all,120.0,10m_u_component_of_wind,upper_mesoscale,0.1491031189026435
aurora,mag_0_layer_all,144.0,10m_u_component_of_wind,upper_mesoscale,0.1517760066959825
aurora,mag_0_layer_all,168.0,10m_u_component_of_wind,upper_mesoscale,0.1473884483371554
aurora,mag_0_layer_all,192.0,10m_u_component_of_wind,upper_mesoscale,0.14032586801139585
aurora,mag_0_layer_all,216.0,10m_u_component_of_wind,upper_mesoscale,0.14260215313094962
aurora,mag_0_layer_all,240.0,10m_u_component_of_wind,upper_mesoscale,0.14602402775245937
aurora,mag_0_layer_all,0.0,10m_u_component_of_wind,lower_mesoscale,2.0699600893921273e-05
aurora,mag_0_layer_all,24.0,10m_u_component_of_wind,lower_mesoscale,0.3933284489750088
aurora,mag_0_layer_all,48.0,10m_u_component_of_wind,lower_mesoscale,0.4003315570367708
aurora,mag_0_layer_all,72.0,10m_u_component_of_wind,lower_mesoscale,0.40853264439026754
aurora,mag_0_layer_all,96.0,10m_u_component_of_wind,lower_mesoscale,0.40449995227017366
aurora,mag_0_layer_all,120.0,10m_u_component_of_wind,lower_mesoscale,0.4080271599211177
aurora,mag_0_layer_all,144.0,10m_u_component_of_wind,lower_mesoscale,0.4068274331179708
aurora,mag_0_layer_all,168.0,10m_u_component_of_wind,lower_mesoscale,0.4068628774201679
aurora,mag_0_layer_all,192.0,10m_u_component_of_wind,lower_mesoscale,0.3999519401087222
aurora,mag_0_layer_all,216.0,10m_u_component_of_wind,lower_mesoscale,0.39817021545478054
aurora,mag_0_layer_all,240.0,10m_u_component_of_wind,lower_mesoscale,0.3961348120414366
aurora,mag_0.001_layer_all,0.0,10m_u_component_of_wind,planetary,2.9194548112094857e-08
aurora,mag_0.001_layer_all,24.0,10m_u_component_of_wind,planetary,0.00872660118478639
aurora,mag_0.001_layer_all,48.0,10m_u_component_of_wind,planetary,0.015553797255718748
aurora,mag_0.001_layer_all,72.0,10m_u_component_of_wind,planetary,0.014851610354663045
aurora,mag_0.001_layer_all,96.0,10m_u_component_of_wind,planetary,0.04585493674557983
aurora,mag_0.001_layer_all,120.0,10m_u_component_of_wind,planetary,0.03634079157426694
aurora,mag_0.001_layer_all,144.0,10m_u_component_of_wind,planetary,0.04343541979655396
aurora,mag_0.001_layer_all,168.0,10m_u_component_of_wind,planetary,0.05067845675573368
aurora,mag_0.001_layer_all,192.0,10m_u_component_of_wind,planetary,0.05392371123432731
aurora,mag_0.001_layer_all,216.0,10m_u_component_of_wind,planetary,0.1352533539339213
aurora,mag_0.001_layer_all,240.0,10m_u_component_of_wind,planetary,0.08534714525948824
aurora,mag_0.001_layer_all,0.0,10m_u_component_of_wind,synoptic,3.608824355463254e-07
aurora,mag_0.001_layer_all,24.0,10m_u_component_of_wind,synoptic,0.03478543878150427
aurora,mag_0.001_layer_all,48.0,10m_u_component_of_wind,synoptic,0.048736940832551895
aurora,mag_0.001_layer_all,72.0,10m_u_component_of_wind,synoptic,0.05183454380253371
aurora,mag_0.001_layer_all,96.0,10m_u_component_of_wind,synoptic,0.05754451611564851
aurora,mag_0.001_layer_all,120.0,10m_u_component_of_wind,synoptic,0.054835081068483206
aurora,mag_0.001_layer_all,144.0,10m_u_component_of_wind,synoptic,0.06257973282667521
aurora,mag_0.001_layer_all,168.0,10m_u_component_of_wind,synoptic,0.07438617626131151
aurora,mag_0.001_layer_all,192.0,10m_u_component_of_wind,synoptic,0.06786566988584046
aurora,mag_0.001_layer_all,216.0,10m_u_component_of_wind,synoptic,0.07004446759983485
aurora,mag_0.001_layer_all,240.0,10m_u_component_of_wind,synoptic,0.06700925373650556
aurora,mag_0.001_layer_all,0.0,10m_u_component_of_wind,upper_mesoscale,1.6560799689952225e-06
aurora,mag_0.001_layer_all,24.0,10m_u_component_of_wind,upper_mesoscale,0.13738207774288586
aurora,mag_0.001_layer_all,48.0,10m_u_component_of_wind,upper_mesoscale,0.15062441932317489
aurora,mag_0.001_layer_all,72.0,10m_u_component_of_wind,upper_mesoscale,0.16087775819328257
aurora,mag_0.001_layer_all,96.0,10m_u_component_of_wind,upper_mesoscale,0.14790682972478808
aurora,mag_0.001_layer_all,120.0,10m_u_component_of_wind,upper_mesoscale,0.14873959937160947
aurora,mag_0.001_layer_all,144.0,10m_u_component_of_wind,upper_mesoscale,0.15212634545394743
aurora,mag_0.001_layer_all,168.0,10m_u_component_of_wind,upper_mesoscale,0.1471093407969828
aurora,mag_0.001_layer_all,192.0,10m_u_component_of_wind,upper_mesoscale,0.13864556328325095
aurora,mag_0.001_layer_all,216.0,10m_u_component_of_wind,upper_mesoscale,0.14084386530731643
aurora,mag_0.001_layer_all,240.0,10m_u_component_of_wind,upper_mesoscale,0.14374244177460274
aurora,mag_0.001_layer_all,0.0,10m_u_component_of_wind,lower_mesoscale,2.0699600893924512e-05
aurora,mag_0.001_layer_all,24.0,10m_u_component_of_wind,lower_mesoscale,0.393085589462072
aurora,mag_0.001_layer_all,48.0,10m_u_component_of_wind,lower_mesoscale,0.39996746034615915
aurora,mag_0.001_layer_all,72.0,10m_u_component_of_wind,lower_mesoscale,0.4082129995133602
aurora,mag_0.001_layer_all,96.0,10m_u_component_of_wind,lower_mesoscale,0.40417087996918616
aurora,mag_0.001_layer_all,120.0,10m_u_component_of_wind,lower_mesoscale,0.4075494188568236
aurora,mag_0.001_layer_all,144.0,10m_u_component_of_wind,lower_mesoscale,0.4065904478241888
aurora,mag_0.001_layer_all,168.0,10m_u_component_of_wind,lower_mesoscale,0.40680119406496584
aurora,mag_0.001_layer_all,192.0,10m_u_component_of_wind,lower_mesoscale,0.39898378860017125
aurora,mag_0.001_layer_all,216.0,10m_u_component_of_wind,lower_mesoscale,0.39797810099231784
aurora,mag_0.001_layer_all,240.0,10m_u_component_of_wind,lower_mesoscale,0.39681929599478366
aurora,mag_0.003_layer_all,0.0,10m_u_component_of_wind,planetary,2.9194548112094857e-08
aurora,mag_0.003_layer_all,24.0,10m_u_component_of_wind,planetary,0.008694126003486758
aurora,mag_0.003_layer_all,48.0,10m_u_component_of_wind,planetary,0.015438299462102652
aurora,mag_0.003_layer_all,72.0,10m_u_component_of_wind,planetary,0.014764461625360964
aurora,mag_0.003_layer_all,96.0,10m_u_component_of_wind,planetary,0.04565472338165362
aurora,mag_0.003_layer_all,120.0,10m_u_component_of_wind,planetary,0.03649461309607778
aurora,mag_0.003_layer_all,144.0,10m_u_component_of_wind,planetary,0.04224611000243388
aurora,mag_0.003_layer_all,168.0,10m_u_component_of_wind,planetary,0.049093767252022455
aurora,mag_0.003_layer_all,192.0,10m_u_component_of_wind,planetary,0.05188597266085228
aurora,mag_0.003_layer_all,216.0,10m_u_component_of_wind,planetary,0.13955536665323753
aurora,mag_0.003_layer_all,240.0,10m_u_component_of_wind,planetary,0.08224947708926322
aurora,mag_0.003_layer_all,0.0,10m_u_component_of_wind,synoptic,3.608824355463254e-07
aurora,mag_0.003_layer_all,24.0,10m_u_component_of_wind,synoptic,0.034673922683879976
aurora,mag_0.003_layer_all,48.0,10m_u_component_of_wind,synoptic,0.048590663731339974
aurora,mag_0.003_layer_all,72.0,10m_u_component_of_wind,synoptic,0.051310265629207534
aurora,mag_0.003_layer_all,96.0,10m_u_component_of_wind,synoptic,0.05742968140401849
aurora,mag_0.003_layer_all,120.0,10m_u_component_of_wind,synoptic,0.05456358309991163
aurora,mag_0.003_layer_all,144.0,10m_u_component_of_wind,synoptic,0.05973925131771568
aurora,mag_0.003_layer_all,168.0,10m_u_component_of_wind,synoptic,0.07154709857639016
aurora,mag_0.003_layer_all,192.0,10m_u_component_of_wind,synoptic,0.06859770356658526
aurora,mag_0.003_layer_all,216.0,10m_u_component_of_wind,synoptic,0.06521051392322197
aurora,mag_0.003_layer_all,240.0,10m_u_component_of_wind,synoptic,0.06463176864423302
aurora,mag_0.003_layer_all,0.0,10m_u_component_of_wind,upper_mesoscale,1.6560799689952225e-06
aurora,mag_0.003_layer_all,24.0,10m_u_component_of_wind,upper_mesoscale,0.1372466926375683
aurora,mag_0.003_layer_all,48.0,10m_u_component_of_wind,upper_mesoscale,0.1502804755461398
aurora,mag_0.003_layer_all,72.0,10m_u_component_of_wind,upper_mesoscale,0.1606562086417279
aurora,mag_0.003_layer_all,96.0,10m_u_component_of_wind,upper_mesoscale,0.14775552326800023
aurora,mag_0.003_layer_all,120.0,10m_u_component_of_wind,upper_mesoscale,0.14857579540017096
aurora,mag_0.003_layer_all,144.0,10m_u_component_of_wind,upper_mesoscale,0.15245105824655725
aurora,mag_0.003_layer_all,168.0,10m_u_component_of_wind,upper_mesoscale,0.14604915329795082
aurora,mag_0.003_layer_all,192.0,10m_u_component_of_wind,upper_mesoscale,0.13749930234534594
aurora,mag_0.003_layer_all,216.0,10m_u_component_of_wind,upper_mesoscale,0.1384832361127212
aurora,mag_0.003_layer_all,240.0,10m_u_component_of_wind,upper_mesoscale,0.14375586974436522
aurora,mag_0.003_layer_all,0.0,10m_u_component_of_wind,lower_mesoscale,2.0699600893924512e-05
aurora,mag_0.003_layer_all,24.0,10m_u_component_of_wind,lower_mesoscale,0.3916070997626492
aurora,mag_0.003_layer_all,48.0,10m_u_component_of_wind,lower_mesoscale,0.39823998893069285
aurora,mag_0.003_layer_all,72.0,10m_u_component_of_wind,lower_mesoscale,0.4062651551178028
aurora,mag_0.003_layer_all,96.0,10m_u_component_of_wind,lower_mesoscale,0.402217030228112
aurora,mag_0.003_layer_all,120.0,10m_u_component_of_wind,lower_mesoscale,0.4052792628092799
aurora,mag_0.003_layer_all,144.0,10m_u_component_of_wind,lower_mesoscale,0.4044709670804747
aurora,mag_0.003_layer_all,168.0,10m_u_component_of_wind,lower_mesoscale,0.40451321711916005
aurora,mag_0.003_layer_all,192.0,10m_u_component_of_wind,lower_mesoscale,0.39670934900450033
aurora,mag_0.003_layer_all,216.0,10m_u_component_of_wind,lower_mesoscale,0.39577809507216055
aurora,mag_0.003_layer_all,240.0,10m_u_component_of_wind,lower_mesoscale,0.3948627108236353
aurora,mag_0.01_layer_all,0.0,10m_u_component_of_wind,planetary,2.9194548112094857e-08
aurora,mag_0.01_layer_all,24.0,10m_u_component_of_wind,planetary,0.008654095761575586
aurora,mag_0.01_layer_all,48.0,10m_u_component_of_wind,planetary,0.01519844451716915
aurora,mag_0.01_layer_all,72.0,10m_u_component_of_wind,planetary,0.014542570857785132
aurora,mag_0.01_layer_all,96.0,10m_u_component_of_wind,planetary,0.04524805677178315
aurora,mag_0.01_layer_all,120.0,10m_u_component_of_wind,planetary,0.036381581854510986
aurora,mag_0.01_layer_all,144.0,10m_u_component_of_wind,planetary,0.03487802806352447
aurora,mag_0.01_layer_all,168.0,10m_u_component_of_wind,planetary,0.04918543046279115
aurora,mag_0.01_layer_all,192.0,10m_u_component_of_wind,planetary,0.05526519089159735
aurora,mag_0.01_layer_all,216.0,10m_u_component_of_wind,planetary,0.11592074370751877
aurora,mag_0.01_layer_all,240.0,10m_u_component_of_wind,planetary,0.06556234500963726
aurora,mag_0.01_layer_all,0.0,10m_u_component_of_wind,synoptic,3.608824355463254e-07
aurora,mag_0.01_layer_all,24.0,10m_u_component_of_wind,synoptic,0.034639948519595364
aurora,mag_0.01_layer_all,48.0,10m_u_component_of_wind,synoptic,0.04846206190616455
aurora,mag_0.01_layer_all,72.0,10m_u_component_of_wind,synoptic,0.05001426115231334
aurora,mag_0.01_layer_all,96.0,10m_u_component_of_wind,synoptic,0.05868724201825213
aurora,mag_0.01_layer_all,120.0,10m_u_component_of_wind,synoptic,0.05460460638433078
aurora,mag_0.01_layer_all,144.0,10m_u_component_of_wind,synoptic,0.05757197450696118
aurora,mag_0.01_layer_all,168.0,10m_u_component_of_wind,synoptic,0.07135126015902543
aurora,mag_0.01_layer_all,192.0,10m_u_component_of_wind,synoptic,0.07126502891858014
aurora,mag_0.01_layer_all,216.0,10m_u_component_of_wind,synoptic,0.06093284088965956
aurora,mag_0.01_layer_all,240.0,10m_u_component_of_wind,synoptic,0.06320471655400516
aurora,mag_0.01_layer_all,0.0,10m_u_component_of_wind,upper_mesoscale,1.6560799689952225e-06
aurora,mag_0.01_layer_all,24.0,10m_u_component_of_wind,upper_mesoscale,0.13726585510929745
aurora,mag_0.01_layer_all,48.0,10m_u_component_of_wind,upper_mesoscale,0.14930934829414869
aurora,mag_0.01_layer_all,72.0,10m_u_component_of_wind,upper_mesoscale,0.15983134586138623
aurora,mag_0.01_layer_all,96.0,10m_u_component_of_wind,upper_mesoscale,0.14838859971140952
aurora,mag_0.01_layer_all,120.0,10m_u_component_of_wind,upper_mesoscale,0.15151602439515302
aurora,mag_0.01_layer_all,144.0,10m_u_component_of_wind,upper_mesoscale,0.15126210913630148
aurora,mag_0.01_layer_all,168.0,10m_u_component_of_wind,upper_mesoscale,0.14280942662388735
aurora,mag_0.01_layer_all,192.0,10m_u_component_of_wind,upper_mesoscale,0.13874056455452574
aurora,mag_0.01_layer_all,216.0,10m_u_component_of_wind,upper_mesoscale,0.139425914328776
aurora,mag_0.01_layer_all,240.0,10m_u_component_of_wind,upper_mesoscale,0.14420544728279538
aurora,mag_0.01_layer_all,0.0,10m_u_component_of_wind,lower_mesoscale,2.0699600893924512e-05
aurora,mag_0.01_layer_all,24.0,10m_u_component_of_wind,lower_mesoscale,0.3830033520113439
aurora,mag_0.01_layer_all,48.0,10m_u_component_of_wind,lower_mesoscale,0.38860873486978936
aurora,mag_0.01_layer_all,72.0,10m_u_component_of_wind,lower_mesoscale,0.39625534518603217
aurora,mag_0.01_layer_all,96.0,10m_u_component_of_wind,lower_mesoscale,0.39251793223426845
aurora,mag_0.01_layer_all,120.0,10m_u_component_of_wind,lower_mesoscale,0.3950364581447923
aurora,mag_0.01_layer_all,144.0,10m_u_component_of_wind,lower_mesoscale,0.39322274966393567
aurora,mag_0.01_layer_all,168.0,10m_u_component_of_wind,lower_mesoscale,0.39314077495923627
aurora,mag_0.01_layer_all,192.0,10m_u_component_of_wind,lower_mesoscale,0.3869248172229269
aurora,mag_0.01_layer_all,216.0,10m_u_component_of_wind,lower_mesoscale,0.38513217211649164
aurora,mag_0.01_layer_all,240.0,10m_u_component_of_wind,lower_mesoscale,0.38633242439682547
aurora,mag_0.03_layer_all,0.0,10m_u_component_of_wind,planetary,2.9194548112094857e-08
aurora,mag_0.03_layer_all,24.0,10m_u_component_of_wind,planetary,0.009887792156678725
aurora,mag_0.03_layer_all,48.0,10m_u_component_of_wind,planetary,0.017792155713519647
aurora,mag_0.03_layer_all,72.0,10m_u_component_of_wind,planetary,0.02132931967821899
aurora,mag_0.03_layer_all,96.0,10m_u_component_of_wind,planetary,0.050581177510564804
aurora,mag_0.03_layer_all,120.0,10m_u_component_of_wind,planetary,0.03926845680671882
aurora,mag_0.03_layer_all,144.0,10m_u_component_of_wind,planetary,0.028651657011530784
aurora,mag_0.03_layer_all,168.0,10m_u_component_of_wind,planetary,0.06815858771545344
aurora,mag_0.03_layer_all,192.0,10m_u_component_of_wind,planetary,0.07418831638285847
aurora,mag_0.03_layer_all,216.0,10m_u_component_of_wind,planetary,0.10835564525834751
aurora,mag_0.03_layer_all,240.0,10m_u_component_of_wind,planetary,0.07298600421660899
aurora,mag_0.03_layer_all,0.0,10m_u_component_of_wind,synoptic,3.608824355463254e-07
aurora,mag_0.03_layer_all,24.0,10m_u_component_of_wind,synoptic,0.03778666335468638
aurora,mag_0.03_layer_all,48.0,10m_u_component_of_wind,synoptic,0.052356278353773975
aurora,mag_0.03_layer_all,72.0,10m_u_component_of_wind,synoptic,0.052958986930043785
aurora,mag_0.03_layer_all,96.0,10m_u_component_of_wind,synoptic,0.06795479332305641
aurora,mag_0.03_layer_all,120.0,10m_u_component_of_wind,synoptic,0.06491256256936982
aurora,mag_0.03_layer_all,144.0,10m_u_component_of_wind,synoptic,0.07002085557218593
aurora,mag_0.03_layer_all,168.0,10m_u_component_of_wind,synoptic,0.08339058995977884
aurora,mag_0.03_layer_all,192.0,10m_u_component_of_wind,synoptic,0.09081703201569397
aurora,mag_0.03_layer_all,216.0,10m_u_component_of_wind,synoptic,0.08422082105431415
aurora,mag_0.03_layer_all,240.0,10m_u_component_of_wind,synoptic,0.07756561700714425
aurora,mag_0.03_layer_all,0.0,10m_u_component_of_wind,upper_mesoscale,1.6560799689952225e-06
aurora,mag_0.03_layer_all,24.0,10m_u_component_of_wind,upper_mesoscale,0.14130221035426577
aurora,mag_0.03_layer_all,48.0,10m_u_component_of_wind,upper_mesoscale,0.15361806508399387
aurora,mag_0.03_layer_all,72.0,10m_u_component_of_wind,upper_mesoscale,0.16182500192126706
aurora,mag_0.03_layer_all,96.0,10m_u_component_of_wind,upper_mesoscale,0.1573503356006024
aurora,mag_0.03_layer_all,120.0,10m_u_component_of_wind,upper_mesoscale,0.1625347146295647
aurora,mag_0.03_layer_all,144.0,10m_u_component_of_wind,upper_mesoscale,0.15714549255391633
aurora,mag_0.03_layer_all,168.0,10m_u_component_of_wind,upper_mesoscale,0.15874270302218918
aurora,mag_0.03_layer_all,192.0,10m_u_component_of_wind,upper_mesoscale,0.1594401288495605
aurora,mag_0.03_layer_all,216.0,10m_u_component_of_wind,upper_mesoscale,0.1536456673691747
aurora,mag_0.03_layer_all,240.0,10m_u_component_of_wind,upper_mesoscale,0.15843497367496784
aurora,mag_0.03_layer_all,0.0,10m_u_component_of_wind,lower_mesoscale,2.0699600893924512e-05
aurora,mag_0.03_layer_all,24.0,10m_u_component_of_wind,lower_mesoscale,0.3649524566264122
aurora,mag_0.03_layer_all,48.0,10m_u_component_of_wind,lower_mesoscale,0.3690665107874676
aurora,mag_0.03_layer_all,72.0,10m_u_component_of_wind,lower_mesoscale,0.3733631837972903
aurora,mag_0.03_layer_all,96.0,10m_u_component_of_wind,lower_mesoscale,0.3706693056675666
aurora,mag_0.03_layer_all,120.0,10m_u_component_of_wind,lower_mesoscale,0.3734474985191646
aurora,mag_0.03_layer_all,144.0,10m_u_component_of_wind,lower_mesoscale,0.37236229651488884
aurora,mag_0.03_layer_all,168.0,10m_u_component_of_wind,lower_mesoscale,0.3757010705892445
aurora,mag_0.03_layer_all,192.0,10m_u_component_of_wind,lower_mesoscale,0.3703963844623777
aurora,mag_0.03_layer_all,216.0,10m_u_component_of_wind,lower_mesoscale,0.3673107873235678
aurora,mag_0.03_layer_all,240.0,10m_u_component_of_wind,lower_mesoscale,0.3657090581686446
aurora,mag_0.1_layer_all,0.0,10m_u_component_of_wind,planetary,2.9194548112094857e-08
aurora,mag_0.1_layer_all,24.0,10m_u_component_of_wind,planetary,0.048863760137198044
aurora,mag_0.1_layer_all,48.0,10m_u_component_of_wind,planetary,0.08052796257212061
aurora,mag_0.1_layer_all,72.0,10m_u_component_of_wind,planetary,0.09373006594770353
aurora,mag_0.1_layer_all,96.0,10m_u_component_of_wind,planetary,0.11027731727633393
aurora,mag_0.1_layer_all,120.0,10m_u_component_of_wind,planetary,0.09641586694957041
aurora,mag_0.1_layer_all,144.0,10m_u_component_of_wind,planetary,0.11641242318562417
aurora,mag_0.1_layer_all,168.0,10m_u_component_of_wind,planetary,0.13284841473665887
aurora,mag_0.1_layer_all,192.0,10m_u_component_of_wind,planetary,0.12091447690414768
aurora,mag_0.1_layer_all,216.0,10m_u_component_of_wind,planetary,0.12695039765404187
aurora,mag_0.1_layer_all,240.0,10m_u_component_of_wind,planetary,0.09760214895189938
aurora,mag_0.1_layer_all,0.0,10m_u_component_of_wind,synoptic,3.608824355463254e-07
aurora,mag_0.1_layer_all,24.0,10m_u_component_of_wind,synoptic,0.0926267846595133
aurora,mag_0.1_layer_all,48.0,10m_u_component_of_wind,synoptic,0.12877755043449757
aurora,mag_0.1_layer_all,72.0,10m_u_component_of_wind,synoptic,0.12103945159266713
aurora,mag_0.1_layer_all,96.0,10m_u_component_of_wind,synoptic,0.14722053119834508
aurora,mag_0.1_layer_all,120.0,10m_u_component_of_wind,synoptic,0.14456389929477176
aurora,mag_0.1_layer_all,144.0,10m_u_component_of_wind,synoptic,0.1436394064928357
aurora,mag_0.1_layer_all,168.0,10m_u_component_of_wind,synoptic,0.1473271122625201
aurora,mag_0.1_layer_all,192.0,10m_u_component_of_wind,synoptic,0.15217214549182745
aurora,mag_0.1_layer_all,216.0,10m_u_component_of_wind,synoptic,0.14658166329179745
aurora,mag_0.1_layer_all,240.0,10m_u_component_of_wind,synoptic,0.13626509898962674
aurora,mag_0.1_layer_all,0.0,10m_u_component_of_wind,upper_mesoscale,1.6560799689952225e-06
aurora,mag_0.1_layer_all,24.0,10m_u_component_of_wind,upper_mesoscale,0.17079251512776353
aurora,mag_0.1_layer_all,48.0,10m_u_component_of_wind,upper_mesoscale,0.1963574238604799
aurora,mag_0.1_layer_all,72.0,10m_u_component_of_wind,upper_mesoscale,0.19695617552242317
aurora,mag_0.1_layer_all,96.0,10m_u_component_of_wind,upper_mesoscale,0.20306583809067083
aurora,mag_0.1_layer_all,120.0,10m_u_component_of_wind,upper_mesoscale,0.20352035777969177
aurora,mag_0.1_layer_all,144.0,10m_u_component_of_wind,upper_mesoscale,0.19790517087717918
aurora,mag_0.1_layer_all,168.0,10m_u_component_of_wind,upper_mesoscale,0.19532807505011848
aurora,mag_0.1_layer_all,192.0,10m_u_component_of_wind,upper_mesoscale,0.1999659991229223
aurora,mag_0.1_layer_all,216.0,10m_u_component_of_wind,upper_mesoscale,0.19233066211165623
aurora,mag_0.1_layer_all,240.0,10m_u_component_of_wind,upper_mesoscale,0.19677684075760588
aurora,mag_0.1_layer_all,0.0,10m_u_component_of_wind,lower_mesoscale,2.0699600893924512e-05
aurora,mag_0.1_layer_all,24.0,10m_u_component_of_wind,lower_mesoscale,0.4700333841026046
aurora,mag_0.1_layer_all,48.0,10m_u_component_of_wind,lower_mesoscale,0.46577748152213205
aurora,mag_0.1_layer_all,72.0,10m_u_component_of_wind,lower_mesoscale,0.466237349900522
aurora,mag_0.1_layer_all,96.0,10m_u_component_of_wind,lower_mesoscale,0.46528028853331954
aurora,mag_0.1_layer_all,120.0,10m_u_component_of_wind,lower_mesoscale,0.46846836910500583
aurora,mag_0.1_layer_all,144.0,10m_u_component_of_wind,lower_mesoscale,0.46638281354477024
aurora,mag_0.1_layer_all,168.0,10m_u_component_of_wind,lower_mesoscale,0.4663327291682131
aurora,mag_0.1_layer_all,192.0,10m_u_component_of_wind,lower_mesoscale,0.46840647480986203
aurora,mag_0.1_layer_all,216.0,10m_u_component_of_wind,lower_mesoscale,0.4650201765818391
aurora,mag_0.1_layer_all,240.0,10m_u_component_of_wind,lower_mesoscale,0.46957494473877553
graphcast_operational,mag_0_layer_all,0.0,10m_u_component_of_wind,planetary,2.9194548112094857e-08
graphcast_operational,mag_0_layer_all,24.0,10m_u_component_of_wind,planetary,0.01220336243848825
graphcast_operational,mag_0_layer_all,48.0,10m_u_component_of_wind,planetary,0.01591681037594309
graphcast_operational,mag_0_layer_all,72.0,10m_u_component_of_wind,planetary,0.03046298059100613
graphcast_operational,mag_0_layer_all,96.0,10m_u_component_of_wind,planetary,0.048292604217198026
graphcast_operational,mag_0_layer_all,120.0,10m_u_component_of_wind,planetary,0.03170324420101981
graphcast_operational,mag_0_layer_all,144.0,10m_u_component_of_wind,planetary,0.045116404433605095
graphcast_operational,mag_0_layer_all,168.0,10m_u_component_of_wind,planetary,0.09652987447152685
graphcast_operational,mag_0_layer_all,192.0,10m_u_component_of_wind,planetary,0.08033154530224319
graphcast_operational,mag_0_layer_all,216.0,10m_u_component_of_wind,planetary,0.11137551617273687
graphcast_operational,mag_0_layer_all,240.0,10m_u_component_of_wind,planetary,0.10096514400201582
graphcast_operational,mag_0_layer_all,0.0,10m_u_component_of_wind,synoptic,3.608824355463254e-07
graphcast_operational,mag_0_layer_all,24.0,10m_u_component_of_wind,synoptic,0.08592371104667326
graphcast_operational,mag_0_layer_all,48.0,10m_u_component_of_wind,synoptic,0.11948355050026395
graphcast_operational,mag_0_layer_all,72.0,10m_u_component_of_wind,synoptic,0.1292132412955661
graphcast_operational,mag_0_layer_all,96.0,10m_u_component_of_wind,synoptic,0.148906936454826
graphcast_operational,mag_0_layer_all,120.0,10m_u_component_of_wind,synoptic,0.15357621167496807
graphcast_operational,mag_0_layer_all,144.0,10m_u_component_of_wind,synoptic,0.1704911328397276
graphcast_operational,mag_0_layer_all,168.0,10m_u_component_of_wind,synoptic,0.15606784925881378
graphcast_operational,mag_0_layer_all,192.0,10m_u_component_of_wind,synoptic,0.1661453344149749
graphcast_operational,mag_0_layer_all,216.0,10m_u_component_of_wind,synoptic,0.16709548482181913
graphcast_operational,mag_0_layer_all,240.0,10m_u_component_of_wind,synoptic,0.15854900510977515
graphcast_operational,mag_0_layer_all,0.0,10m_u_component_of_wind,upper_mesoscale,1.6560799689990013e-06
graphcast_operational,mag_0_layer_all,24.0,10m_u_component_of_wind,upper_mesoscale,0.20651276309980332
graphcast_operational,mag_0_layer_all,48.0,10m_u_component_of_wind,upper_mesoscale,0.23874748494026843
graphcast_operational,mag_0_layer_all,72.0,10m_u_component_of_wind,upper_mesoscale,0.2603510321002846
graphcast_operational,mag_0_layer_all,96.0,10m_u_component_of_wind,upper_mesoscale,0.26389666770212833
graphcast_operational,mag_0_layer_all,120.0,10m_u_component_of_wind,upper_mesoscale,0.26948030206268614
graphcast_operational,mag_0_layer_all,144.0,10m_u_component_of_wind,upper_mesoscale,0.275020408022894
graphcast_operational,mag_0_layer_all,168.0,10m_u_component_of_wind,upper_mesoscale,0.2687066238542802
graphcast_operational,mag_0_layer_all,192.0,10m_u_component_of_wind,upper_mesoscale,0.25827570953424467
graphcast_operational,mag_0_layer_all,216.0,10m_u_component_of_wind,upper_mesoscale,0.2577666580388984
graphcast_operational,mag_0_layer_all,240.0,10m_u_component_of_wind,upper_mesoscale,0.26084538589969675
graphcast_operational,mag_0_layer_all,0.0,10m_u_component_of_wind,lower_mesoscale,2.0699600893921273e-05
graphcast_operational,mag_0_layer_all,24.0,10m_u_component_of_wind,lower_mesoscale,0.12292392401942566
graphcast_operational,mag_0_layer_all,48.0,10m_u_component_of_wind,lower_mesoscale,0.12459677296003324
graphcast_operational,mag_0_layer_all,72.0,10m_u_component_of_wind,lower_mesoscale,0.1279730686976744
graphcast_operational,mag_0_layer_all,96.0,10m_u_component_of_wind,lower_mesoscale,0.12649475077530217
graphcast_operational,mag_0_layer_all,120.0,10m_u_component_of_wind,lower_mesoscale,0.127872451639661
graphcast_operational,mag_0_layer_all,144.0,10m_u_component_of_wind,lower_mesoscale,0.1248005880991984
graphcast_operational,mag_0_layer_all,168.0,10m_u_component_of_wind,lower_mesoscale,0.12790785023036705
graphcast_operational,mag_0_layer_all,192.0,10m_u_component_of_wind,lower_mesoscale,0.1283239526865218
graphcast_operational,mag_0_layer_all,216.0,10m_u_component_of_wind,lower_mesoscale,0.13244271858904366
graphcast_operational,mag_0_layer_all,240.0,10m_u_component_of_wind,lower_mesoscale,0.13755638528750358
graphcast_operational,mag_0.001_layer_all,0.0,10m_u_component_of_wind,planetary,2.9194548112094857e-08
graphcast_operational,mag_0.001_layer_all,24.0,10m_u_component_of_wind,planetary,0.011088721954078467
graphcast_operational,mag_0.001_layer_all,48.0,10m_u_component_of_wind,planetary,0.013834402474009978
graphcast_operational,mag_0.001_layer_all,72.0,10m_u_component_of_wind,planetary,0.027972882178742137
graphcast_operational,mag_0.001_layer_all,96.0,10m_u_component_of_wind,planetary,0.044235104006783356
graphcast_operational,mag_0.001_layer_all,120.0,10m_u_component_of_wind,planetary,0.029929605727329122
graphcast_operational,mag_0.001_layer_all,144.0,10m_u_component_of_wind,planetary,0.04062988039626833
graphcast_operational,mag_0.001_layer_all,168.0,10m_u_component_of_wind,planetary,0.08685858460240713
graphcast_operational,mag_0.001_layer_all,192.0,10m_u_component_of_wind,planetary,0.0745922483233029
graphcast_operational,mag_0.001_layer_all,216.0,10m_u_component_of_wind,planetary,0.11197164683375585
graphcast_operational,mag_0.001_layer_all,240.0,10m_u_component_of_wind,planetary,0.09402437926175948
graphcast_operational,mag_0.001_layer_all,0.0,10m_u_component_of_wind,synoptic,3.608824355463254e-07
graphcast_operational,mag_0.001_layer_all,24.0,10m_u_component_of_wind,synoptic,0.08531143879644175
graphcast_operational,mag_0.001_layer_all,48.0,10m_u_component_of_wind,synoptic,0.11849474790778912
graphcast_operational,mag_0.001_layer_all,72.0,10m_u_component_of_wind,synoptic,0.1277986907173235
graphcast_operational,mag_0.001_layer_all,96.0,10m_u_component_of_wind,synoptic,0.14481478921931457
graphcast_operational,mag_0.001_layer_all,120.0,10m_u_component_of_wind,synoptic,0.15129002838423503
graphcast_operational,mag_0.001_layer_all,144.0,10m_u_component_of_wind,synoptic,0.16614756138452055
graphcast_operational,mag_0.001_layer_all,168.0,10m_u_component_of_wind,synoptic,0.15255613243810776
graphcast_operational,mag_0.001_layer_all,192.0,10m_u_component_of_wind,synoptic,0.16137077422871648
graphcast_operational,mag_0.001_layer_all,216.0,10m_u_component_of_wind,synoptic,0.15624130146765963
graphcast_operational,mag_0.001_layer_all,240.0,10m_u_component_of_wind,synoptic,0.1445753857922521
graphcast_operational,mag_0.001_layer_all,0.0,10m_u_component_of_wind,upper_mesoscale,1.6560799689952225e-06
graphcast_operational,mag_0.001_layer_all,24.0,10m_u_component_of_wind,upper_mesoscale,0.20658954682468647
graphcast_operational,mag_0.001_layer_all,48.0,10m_u_component_of_wind,upper_mesoscale,0.23778061948464274
graphcast_operational,mag_0.001_layer_all,72.0,10m_u_component_of_wind,upper_mesoscale,0.2578665669092709
graphcast_operational,mag_0.001_layer_all,96.0,10m_u_component_of_wind,upper_mesoscale,0.2606231663329836
graphcast_operational,mag_0.001_layer_all,120.0,10m_u_component_of_wind,upper_mesoscale,0.26659075036004404
graphcast_operational,mag_0.001_layer_all,144.0,10m_u_component_of_wind,upper_mesoscale,0.27138789418517906
graphcast_operational,mag_0.001_layer_all,168.0,10m_u_component_of_wind,upper_mesoscale,0.26193751467710846
graphcast_operational,mag_0.001_layer_all,192.0,10m_u_component_of_wind,upper_mesoscale,0.254358091965751
graphcast_operational,mag_0.001_layer_all,216.0,10m_u_component_of_wind,upper_mesoscale,0.2474829034300179
graphcast_operational,mag_0.001_layer_all,240.0,10m_u_component_of_wind,upper_mesoscale,0.24741281341236757
graphcast_operational,mag_0.001_layer_all,0.0,10m_u_component_of_wind,lower_mesoscale,2.0699600893924512e-05
graphcast_operational,mag_0.001_layer_all,24.0,10m_u_component_of_wind,lower_mesoscale,0.12256014088545705
graphcast_operational,mag_0.001_layer_all,48.0,10m_u_component_of_wind,lower_mesoscale,0.12387261311974054
graphcast_operational,mag_0.001_layer_all,72.0,10m_u_component_of_wind,lower_mesoscale,0.12741920227874026
graphcast_operational,mag_0.001_layer_all,96.0,10m_u_component_of_wind,lower_mesoscale,0.12613162187070354
graphcast_operational,mag_0.001_layer_all,120.0,10m_u_component_of_wind,lower_mesoscale,0.12759116221676564
graphcast_operational,mag_0.001_layer_all,144.0,10m_u_component_of_wind,lower_mesoscale,0.1235444185991353
graphcast_operational,mag_0.001_layer_all,168.0,10m_u_component_of_wind,lower_mesoscale,0.12705198900136883
graphcast_operational,mag_0.001_layer_all,192.0,10m_u_component_of_wind,lower_mesoscale,0.1285840473886044
graphcast_operational,mag_0.001_layer_all,216.0,10m_u_component_of_wind,lower_mesoscale,0.1329342196260309
graphcast_operational,mag_0.001_layer_all,240.0,10m_u_component_of_wind,lower_mesoscale,0.13806836477433093
graphcast_operational,mag_0.003_layer_all,0.0,10m_u_component_of_wind,planetary,2.9194548112094857e-08
graphcast_operational,mag_0.003_layer_all,24.0,10m_u_component_of_wind,planetary,0.010834274953389542
graphcast_operational,mag_0.003_layer_all,48.0,10m_u_component_of_wind,planetary,0.013087461024848777
graphcast_operational,mag_0.003_layer_all,72.0,10m_u_component_of_wind,planetary,0.02639856735593305
graphcast_operational,mag_0.003_layer_all,96.0,10m_u_component_of_wind,planetary,0.042888195877123926
graphcast_operational,mag_0.003_layer_all,120.0,10m_u_component_of_wind,planetary,0.028689883282491377
graphcast_operational,mag_0.003_layer_all,144.0,10m_u_component_of_wind,planetary,0.039801359670295064
graphcast_operational,mag_0.003_layer_all,168.0,10m_u_component_of_wind,planetary,0.08779141460981268
graphcast_operational,mag_0.003_layer_all,192.0,10m_u_component_of_wind,planetary,0.06939205336028256
graphcast_operational,mag_0.003_layer_all,216.0,10m_u_component_of_wind,planetary,0.10428634767499126
graphcast_operational,mag_0.003_layer_all,240.0,10m_u_component_of_wind,planetary,0.09046120558266071
graphcast_operational,mag_0.003_layer_all,0.0,10m_u_component_of_wind,synoptic,3.608824355463254e-07
graphcast_operational,mag_0.003_layer_all,24.0,10m_u_component_of_wind,synoptic,0.08436721961518291
graphcast_operational,mag_0.003_layer_all,48.0,10m_u_component_of_wind,synoptic,0.11694904103682997
graphcast_operational,mag_0.003_layer_all,72.0,10m_u_component_of_wind,synoptic,0.12635160353060573
graphcast_operational,mag_0.003_layer_all,96.0,10m_u_component_of_wind,synoptic,0.14244609608736833
graphcast_operational,mag_0.003_layer_all,120.0,10m_u_component_of_wind,synoptic,0.14987250045430447
graphcast_operational,mag_0.003_layer_all,144.0,10m_u_component_of_wind,synoptic,0.16097512141558362
graphcast_operational,mag_0.003_layer_all,168.0,10m_u_component_of_wind,synoptic,0.15205945942755134
graphcast_operational,mag_0.003_layer_all,192.0,10m_u_component_of_wind,synoptic,0.16001645958667948
graphcast_operational,mag_0.003_layer_all,216.0,10m_u_component_of_wind,synoptic,0.15371153056050085
graphcast_operational,mag_0.003_layer_all,240.0,10m_u_component_of_wind,synoptic,0.1451633665436208
graphcast_operational,mag_0.003_layer_all,0.0,10m_u_component_of_wind,upper_mesoscale,1.6560799689952225e-06
graphcast_operational,mag_0.003_layer_all,24.0,10m_u_component_of_wind,upper_mesoscale,0.20547321736591023
graphcast_operational,mag_0.003_layer_all,48.0,10m_u_component_of_wind,upper_mesoscale,0.2358634189744031
graphcast_operational,mag_0.003_layer_all,72.0,10m_u_component_of_wind,upper_mesoscale,0.25527198167372445
graphcast_operational,mag_0.003_layer_all,96.0,10m_u_component_of_wind,upper_mesoscale,0.2574690277642149
graphcast_operational,mag_0.003_layer_all,120.0,10m_u_component_of_wind,upper_mesoscale,0.26294783039415304
graphcast_operational,mag_0.003_layer_all,144.0,10m_u_component_of_wind,upper_mesoscale,0.26781617809588
graphcast_operational,mag_0.003_layer_all,168.0,10m_u_component_of_wind,upper_mesoscale,0.25678561864350125
graphcast_operational,mag_0.003_layer_all,192.0,10m_u_component_of_wind,upper_mesoscale,0.25178631430037385
graphcast_operational,mag_0.003_layer_all,216.0,10m_u_component_of_wind,upper_mesoscale,0.24667745107319033
graphcast_operational,mag_0.003_layer_all,240.0,10m_u_component_of_wind,upper_mesoscale,0.24638136488839235
graphcast_operational,mag_0.003_layer_all,0.0,10m_u_component_of_wind,lower_mesoscale,2.0699600893924512e-05
graphcast_operational,mag_0.003_layer_all,24.0,10m_u_component_of_wind,lower_mesoscale,0.12218760629298167
graphcast_operational,mag_0.003_layer_all,48.0,10m_u_component_of_wind,lower_mesoscale,0.12302893801574497
graphcast_operational,mag_0.003_layer_all,72.0,10m_u_component_of_wind,lower_mesoscale,0.1266024777588793
graphcast_operational,mag_0.003_layer_all,96.0,10m_u_component_of_wind,lower_mesoscale,0.12536650764747975
graphcast_operational,mag_0.003_layer_all,120.0,10m_u_component_of_wind,lower_mesoscale,0.12666462960097802
graphcast_operational,mag_0.003_layer_all,144.0,10m_u_component_of_wind,lower_mesoscale,0.12268591857571677
graphcast_operational,mag_0.003_layer_all,168.0,10m_u_component_of_wind,lower_mesoscale,0.12565276975482895
graphcast_operational,mag_0.003_layer_all,192.0,10m_u_component_of_wind,lower_mesoscale,0.12714394112553476
graphcast_operational,mag_0.003_layer_all,216.0,10m_u_component_of_wind,lower_mesoscale,0.131831440534056
graphcast_operational,mag_0.003_layer_all,240.0,10m_u_component_of_wind,lower_mesoscale,0.13624723505675765
graphcast_operational,mag_0.01_layer_all,0.0,10m_u_component_of_wind,planetary,2.9194548112094857e-08
graphcast_operational,mag_0.01_layer_all,24.0,10m_u_component_of_wind,planetary,0.01144249416750178
graphcast_operational,mag_0.01_layer_all,48.0,10m_u_component_of_wind,planetary,0.012365674990698575
graphcast_operational,mag_0.01_layer_all,72.0,10m_u_component_of_wind,planetary,0.02315700187924296
graphcast_operational,mag_0.01_layer_all,96.0,10m_u_component_of_wind,planetary,0.03850638551018208
graphcast_operational,mag_0.01_layer_all,120.0,10m_u_component_of_wind,planetary,0.028739748115849017
graphcast_operational,mag_0.01_layer_all,144.0,10m_u_component_of_wind,planetary,0.029248998012167203
graphcast_operational,mag_0.01_layer_all,168.0,10m_u_component_of_wind,planetary,0.07535126868079198
graphcast_operational,mag_0.01_layer_all,192.0,10m_u_component_of_wind,planetary,0.07885091643925357
graphcast_operational,mag_0.01_layer_all,216.0,10m_u_component_of_wind,planetary,0.09920213319675912
graphcast_operational,mag_0.01_layer_all,240.0,10m_u_component_of_wind,planetary,0.0541738688675964
graphcast_operational,mag_0.01_layer_all,0.0,10m_u_component_of_wind,synoptic,3.608824355463254e-07
graphcast_operational,mag_0.01_layer_all,24.0,10m_u_component_of_wind,synoptic,0.08712165159189518
graphcast_operational,mag_0.01_layer_all,48.0,10m_u_component_of_wind,synoptic,0.11944271176961758
graphcast_operational,mag_0.01_layer_all,72.0,10m_u_component_of_wind,synoptic,0.12631516055627717
graphcast_operational,mag_0.01_layer_all,96.0,10m_u_component_of_wind,synoptic,0.1430966935954062
graphcast_operational,mag_0.01_layer_all,120.0,10m_u_component_of_wind,synoptic,0.1484908742177023
graphcast_operational,mag_0.01_layer_all,144.0,10m_u_component_of_wind,synoptic,0.15447358446917425
graphcast_operational,mag_0.01_layer_all,168.0,10m_u_component_of_wind,synoptic,0.15392161642034038
graphcast_operational,mag_0.01_layer_all,192.0,10m_u_component_of_wind,synoptic,0.16434225316535367
graphcast_operational,mag_0.01_layer_all,216.0,10m_u_component_of_wind,synoptic,0.152835824220331
graphcast_operational,mag_0.01_layer_all,240.0,10m_u_component_of_wind,synoptic,0.15168927412421754
graphcast_operational,mag_0.01_layer_all,0.0,10m_u_component_of_wind,upper_mesoscale,1.6560799689952225e-06
graphcast_operational,mag_0.01_layer_all,24.0,10m_u_component_of_wind,upper_mesoscale,0.20863073311481575
graphcast_operational,mag_0.01_layer_all,48.0,10m_u_component_of_wind,upper_mesoscale,0.23768456103365854
graphcast_operational,mag_0.01_layer_all,72.0,10m_u_component_of_wind,upper_mesoscale,0.2552285669378983
graphcast_operational,mag_0.01_layer_all,96.0,10m_u_component_of_wind,upper_mesoscale,0.2567158794700823
graphcast_operational,mag_0.01_layer_all,120.0,10m_u_component_of_wind,upper_mesoscale,0.2606787347021313
graphcast_operational,mag_0.01_layer_all,144.0,10m_u_component_of_wind,upper_mesoscale,0.26101186864367615
graphcast_operational,mag_0.01_layer_all,168.0,10m_u_component_of_wind,upper_mesoscale,0.25279939510335225
graphcast_operational,mag_0.01_layer_all,192.0,10m_u_component_of_wind,upper_mesoscale,0.24808335747053573
graphcast_operational,mag_0.01_layer_all,216.0,10m_u_component_of_wind,upper_mesoscale,0.24373549810578432
graphcast_operational,mag_0.01_layer_all,240.0,10m_u_component_of_wind,upper_mesoscale,0.2440079551210689
graphcast_operational,mag_0.01_layer_all,0.0,10m_u_component_of_wind,lower_mesoscale,2.0699600893924512e-05
graphcast_operational,mag_0.01_layer_all,24.0,10m_u_component_of_wind,lower_mesoscale,0.12311589779354595
graphcast_operational,mag_0.01_layer_all,48.0,10m_u_component_of_wind,lower_mesoscale,0.12264652181414486
graphcast_operational,mag_0.01_layer_all,72.0,10m_u_component_of_wind,lower_mesoscale,0.12526904105489275
graphcast_operational,mag_0.01_layer_all,96.0,10m_u_component_of_wind,lower_mesoscale,0.1237693360878214
graphcast_operational,mag_0.01_layer_all,120.0,10m_u_component_of_wind,lower_mesoscale,0.12461894576311158
graphcast_operational,mag_0.01_layer_all,144.0,10m_u_component_of_wind,lower_mesoscale,0.12034399425285405
graphcast_operational,mag_0.01_layer_all,168.0,10m_u_component_of_wind,lower_mesoscale,0.1221425733326956
graphcast_operational,mag_0.01_layer_all,192.0,10m_u_component_of_wind,lower_mesoscale,0.12465902982148962
graphcast_operational,mag_0.01_layer_all,216.0,10m_u_component_of_wind,lower_mesoscale,0.12806944475572404
graphcast_operational,mag_0.01_layer_all,240.0,10m_u_component_of_wind,lower_mesoscale,0.13139606194720665
graphcast_operational,mag_0.03_layer_all,0.0,10m_u_component_of_wind,planetary,2.9194548112094857e-08
graphcast_operational,mag_0.03_layer_all,24.0,10m_u_component_of_wind,planetary,0.016906619215355963
graphcast_operational,mag_0.03_layer_all,48.0,10m_u_component_of_wind,planetary,0.013517804203489072
graphcast_operational,mag_0.03_layer_all,72.0,10m_u_component_of_wind,planetary,0.019977988362836034
graphcast_operational,mag_0.03_layer_all,96.0,10m_u_component_of_wind,planetary,0.029313504111600365
graphcast_operational,mag_0.03_layer_all,120.0,10m_u_component_of_wind,planetary,0.040313812356403946
graphcast_operational,mag_0.03_layer_all,144.0,10m_u_component_of_wind,planetary,0.05155377546016178
graphcast_operational,mag_0.03_layer_all,168.0,10m_u_component_of_wind,planetary,0.050949456260518215
graphcast_operational,mag_0.03_layer_all,192.0,10m_u_component_of_wind,planetary,0.060823853675636946
graphcast_operational,mag_0.03_layer_all,216.0,10m_u_component_of_wind,planetary,0.10095066852609172
graphcast_operational,mag_0.03_layer_all,240.0,10m_u_component_of_wind,planetary,0.05121140768579846
graphcast_operational,mag_0.03_layer_all,0.0,10m_u_component_of_wind,synoptic,3.608824355463254e-07
graphcast_operational,mag_0.03_layer_all,24.0,10m_u_component_of_wind,synoptic,0.0968013303202991
graphcast_operational,mag_0.03_layer_all,48.0,10m_u_component_of_wind,synoptic,0.12618722952195055
graphcast_operational,mag_0.03_layer_all,72.0,10m_u_component_of_wind,synoptic,0.1263961363863
graphcast_operational,mag_0.03_layer_all,96.0,10m_u_component_of_wind,synoptic,0.14520210981099654
graphcast_operational,mag_0.03_layer_all,120.0,10m_u_component_of_wind,synoptic,0.14592870300821906
graphcast_operational,mag_0.03_layer_all,144.0,10m_u_component_of_wind,synoptic,0.15305085798274248
graphcast_operational,mag_0.03_layer_all,168.0,10m_u_component_of_wind,synoptic,0.1639547219108767
graphcast_operational,mag_0.03_layer_all,192.0,10m_u_component_of_wind,synoptic,0.17651588690314787
graphcast_operational,mag_0.03_layer_all,216.0,10m_u_component_of_wind,synoptic,0.17002249831590666
graphcast_operational,mag_0.03_layer_all,240.0,10m_u_component_of_wind,synoptic,0.16660048408722777
graphcast_operational,mag_0.03_layer_all,0.0,10m_u_component_of_wind,upper_mesoscale,1.6560799689952225e-06
graphcast_operational,mag_0.03_layer_all,24.0,10m_u_component_of_wind,upper_mesoscale,0.21685092789935617
graphcast_operational,mag_0.03_layer_all,48.0,10m_u_component_of_wind,upper_mesoscale,0.24112862670874546
graphcast_operational,mag_0.03_layer_all,72.0,10m_u_component_of_wind,upper_mesoscale,0.25444513147527936
graphcast_operational,mag_0.03_layer_all,96.0,10m_u_component_of_wind,upper_mesoscale,0.25440580682178354
graphcast_operational,mag_0.03_layer_all,120.0,10m_u_component_of_wind,upper_mesoscale,0.25872996479167004
graphcast_operational,mag_0.03_layer_all,144.0,10m_u_component_of_wind,upper_mesoscale,0.25629223337740814
graphcast_operational,mag_0.03_layer_all,168.0,10m_u_component_of_wind,upper_mesoscale,0.2537477090199333
graphcast_operational,mag_0.03_layer_all,192.0,10m_u_component_of_wind,upper_mesoscale,0.2514755096683234
graphcast_operational,mag_0.03_layer_all,216.0,10m_u_component_of_wind,upper_mesoscale,0.25163735920683605
graphcast_operational,mag_0.03_layer_all,240.0,10m_u_component_of_wind,upper_mesoscale,0.25747871479138046
graphcast_operational,mag_0.03_layer_all,0.0,10m_u_component_of_wind,lower_mesoscale,2.0699600893924512e-05
graphcast_operational,mag_0.03_layer_all,24.0,10m_u_component_of_wind,lower_mesoscale,0.12212168313853662
graphcast_operational,mag_0.03_layer_all,48.0,10m_u_component_of_wind,lower_mesoscale,0.11832252937241683
graphcast_operational,mag_0.03_layer_all,72.0,10m_u_component_of_wind,lower_mesoscale,0.11841872523046916
graphcast_operational,mag_0.03_layer_all,96.0,10m_u_component_of_wind,lower_mesoscale,0.1149757318071808
graphcast_operational,mag_0.03_layer_all,120.0,10m_u_component_of_wind,lower_mesoscale,0.11637747759075785
graphcast_operational,mag_0.03_layer_all,144.0,10m_u_component_of_wind,lower_mesoscale,0.11201345208708528
graphcast_operational,mag_0.03_layer_all,168.0,10m_u_component_of_wind,lower_mesoscale,0.11485706272306344
graphcast_operational,mag_0.03_layer_all,192.0,10m_u_component_of_wind,lower_mesoscale,0.11432042055361093
graphcast_operational,mag_0.03_layer_all,216.0,10m_u_component_of_wind,lower_mesoscale,0.11324012319617069
graphcast_operational,mag_0.03_layer_all,240.0,10m_u_component_of_wind,lower_mesoscale,0.11568778436369825
graphcast_operational,mag_0.1_layer_all,0.0,10m_u_component_of_wind,planetary,2.9194548112094857e-08
graphcast_operational,mag_0.1_layer_all,24.0,10m_u_component_of_wind,planetary,0.09147727625803743
graphcast_operational,mag_0.1_layer_all,48.0,10m_u_component_of_wind,planetary,0.08412719297054741
graphcast_operational,mag_0.1_layer_all,72.0,10m_u_component_of_wind,planetary,0.08583540125112361
graphcast_operational,mag_0.1_layer_all,96.0,10m_u_component_of_wind,planetary,0.09554186689860684
graphcast_operational,mag_0.1_layer_all,120.0,10m_u_component_of_wind,planetary,0.06966703806180134
graphcast_operational,mag_0.1_layer_all,144.0,10m_u_component_of_wind,planetary,0.10659937074860668
graphcast_operational,mag_0.1_layer_all,168.0,10m_u_component_of_wind,planetary,0.1502843524798586
graphcast_operational,mag_0.1_layer_all,192.0,10m_u_component_of_wind,planetary,0.14002226347496935
graphcast_operational,mag_0.1_layer_all,216.0,10m_u_component_of_wind,planetary,0.1533819240498634
graphcast_operational,mag_0.1_layer_all,240.0,10m_u_component_of_wind,planetary,0.14626402341277944
graphcast_operational,mag_0.1_layer_all,0.0,10m_u_component_of_wind,synoptic,3.608824355463254e-07
graphcast_operational,mag_0.1_layer_all,24.0,10m_u_component_of_wind,synoptic,0.1760542014773921
graphcast_operational,mag_0.1_layer_all,48.0,10m_u_component_of_wind,synoptic,0.186858084099451
graphcast_operational,mag_0.1_layer_all,72.0,10m_u_component_of_wind,synoptic,0.16202379573960066
graphcast_operational,mag_0.1_layer_all,96.0,10m_u_component_of_wind,synoptic,0.18501840263326527
graphcast_operational,mag_0.1_layer_all,120.0,10m_u_component_of_wind,synoptic,0.19586165116644
graphcast_operational,mag_0.1_layer_all,144.0,10m_u_component_of_wind,synoptic,0.1926999260145299
graphcast_operational,mag_0.1_layer_all,168.0,10m_u_component_of_wind,synoptic,0.20393697023030263
graphcast_operational,mag_0.1_layer_all,192.0,10m_u_component_of_wind,synoptic,0.21958391643870184
graphcast_operational,mag_0.1_layer_all,216.0,10m_u_component_of_wind,synoptic,0.2226184646178045
graphcast_operational,mag_0.1_layer_all,240.0,10m_u_component_of_wind,synoptic,0.227413637670817
graphcast_operational,mag_0.1_layer_all,0.0,10m_u_component_of_wind,upper_mesoscale,1.6560799689952225e-06
graphcast_operational,mag_0.1_layer_all,24.0,10m_u_component_of_wind,upper_mesoscale,0.2503635165456235
graphcast_operational,mag_0.1_layer_all,48.0,10m_u_component_of_wind,upper_mesoscale,0.25438537708849246
graphcast_operational,mag_0.1_layer_all,72.0,10m_u_component_of_wind,upper_mesoscale,0.24506282668618254
graphcast_operational,mag_0.1_layer_all,96.0,10m_u_component_of_wind,upper_mesoscale,0.2479182187791335
graphcast_operational,mag_0.1_layer_all,120.0,10m_u_component_of_wind,upper_mesoscale,0.24134378461901868
graphcast_operational,mag_0.1_layer_all,144.0,10m_u_component_of_wind,upper_mesoscale,0.2266847209920908
graphcast_operational,mag_0.1_layer_all,168.0,10m_u_component_of_wind,upper_mesoscale,0.22608321560924158
graphcast_operational,mag_0.1_layer_all,192.0,10m_u_component_of_wind,upper_mesoscale,0.22340934901694298
graphcast_operational,mag_0.1_layer_all,216.0,10m_u_component_of_wind,upper_mesoscale,0.23305183816362368
graphcast_operational,mag_0.1_layer_all,240.0,10m_u_component_of_wind,upper_mesoscale,0.2394830771330557
graphcast_operational,mag_0.1_layer_all,0.0,10m_u_component_of_wind,lower_mesoscale,2.0699600893924512e-05
graphcast_operational,mag_0.1_layer_all,24.0,10m_u_component_of_wind,lower_mesoscale,0.17896221579746238
graphcast_operational,mag_0.1_layer_all,48.0,10m_u_component_of_wind,lower_mesoscale,0.18966233855781295
graphcast_operational,mag_0.1_layer_all,72.0,10m_u_component_of_wind,lower_mesoscale,0.20357545818091585
graphcast_operational,mag_0.1_layer_all,96.0,10m_u_component_of_wind,lower_mesoscale,0.22088859815730374
graphcast_operational,mag_0.1_layer_all,120.0,10m_u_component_of_wind,lower_mesoscale,0.24164249089972986
graphcast_operational,mag_0.1_layer_all,144.0,10m_u_component_of_wind,lower_mesoscale,0.25573500821078754
graphcast_operational,mag_0.1_layer_all,168.0,10m_u_component_of_wind,lower_mesoscale,0.26897326470455185
graphcast_operational,mag_0.1_layer_all,192.0,10m_u_component_of_wind,lower_mesoscale,0.2826868930719224
graphcast_operational,mag_0.1_layer_all,216.0,10m_u_component_of_wind,lower_mesoscale,0.28768232621294076
graphcast_operational,mag_0.1_layer_all,240.0,10m_u_component_of_wind,lower_mesoscale,0.2981236078272564
sfno,mag_0_layer_all,0.0,10m_u_component_of_wind,planetary,2.9194548112094857e-08
sfno,mag_0_layer_all,24.0,10m_u_component_of_wind,planetary,0.009640269245376417
sfno,mag_0_layer_all,48.0,10m_u_component_of_wind,planetary,0.01754714349915371
sfno,mag_0_layer_all,72.0,10m_u_component_of_wind,planetary,0.029453485520322013
sfno,mag_0_layer_all,96.0,10m_u_component_of_wind,planetary,0.05453321034205727
sfno,mag_0_layer_all,120.0,10m_u_component_of_wind,planetary,0.0452581387618638
sfno,mag_0_layer_all,144.0,10m_u_component_of_wind,planetary,0.06868664801642417
sfno,mag_0_layer_all,168.0,10m_u_component_of_wind,planetary,0.07125191506397931
sfno,mag_0_layer_all,192.0,10m_u_component_of_wind,planetary,0.04968352785826705
sfno,mag_0_layer_all,216.0,10m_u_component_of_wind,planetary,0.11669455819536505
sfno,mag_0_layer_all,240.0,10m_u_component_of_wind,planetary,0.10087875366788528
sfno,mag_0_layer_all,0.0,10m_u_component_of_wind,synoptic,3.608824355463254e-07
sfno,mag_0_layer_all,24.0,10m_u_component_of_wind,synoptic,0.06868957748363652
sfno,mag_0_layer_all,48.0,10m_u_component_of_wind,synoptic,0.07680793864823103
sfno,mag_0_layer_all,72.0,10m_u_component_of_wind,synoptic,0.08349353156586031
sfno,mag_0_layer_all,96.0,10m_u_component_of_wind,synoptic,0.10332773339175898
sfno,mag_0_layer_all,120.0,10m_u_component_of_wind,synoptic,0.085924576682955
sfno,mag_0_layer_all,144.0,10m_u_component_of_wind,synoptic,0.07635280515482468
sfno,mag_0_layer_all,168.0,10m_u_component_of_wind,synoptic,0.09902873968672657
sfno,mag_0_layer_all,192.0,10m_u_component_of_wind,synoptic,0.10523729036495931
sfno,mag_0_layer_all,216.0,10m_u_component_of_wind,synoptic,0.10773033367265382
sfno,mag_0_layer_all,240.0,10m_u_component_of_wind,synoptic,0.0891214299652322
sfno,mag_0_layer_all,0.0,10m_u_component_of_wind,upper_mesoscale,1.6560799689990013e-06
sfno,mag_0_layer_all,24.0,10m_u_component_of_wind,upper_mesoscale,0.21449492275955362
sfno,mag_0_layer_all,48.0,10m_u_component_of_wind,upper_mesoscale,0.2351706374279951
sfno,mag_0_layer_all,72.0,10m_u_component_of_wind,upper_mesoscale,0.2375074903192508
sfno,mag_0_layer_all,96.0,10m_u_component_of_wind,upper_mesoscale,0.2347645878670145
sfno,mag_0_layer_all,120.0,10m_u_component_of_wind,upper_mesoscale,0.24245221047257068
sfno,mag_0_layer_all,144.0,10m_u_component_of_wind,upper_mesoscale,0.22598742414496525
sfno,mag_0_layer_all,168.0,10m_u_component_of_wind,upper_mesoscale,0.23304337937861758
sfno,mag_0_layer_all,192.0,10m_u_component_of_wind,upper_mesoscale,0.23465950387228626
sfno,mag_0_layer_all,216.0,10m_u_component_of_wind,upper_mesoscale,0.23337090213691505
sfno,mag_0_layer_all,240.0,10m_u_component_of_wind,upper_mesoscale,0.2339563629049254
sfno,mag_0_layer_all,0.0,10m_u_component_of_wind,lower_mesoscale,2.0699600893921273e-05
sfno,mag_0_layer_all,24.0,10m_u_component_of_wind,lower_mesoscale,0.7873980014688294
sfno,mag_0_layer_all,48.0,10m_u_component_of_wind,lower_mesoscale,0.7790934671053936
sfno,mag_0_layer_all,72.0,10m_u_component_of_wind,lower_mesoscale,0.7840873334938819
sfno,mag_0_layer_all,96.0,10m_u_component_of_wind,lower_mesoscale,0.7752848359181224
sfno,mag_0_layer_all,120.0,10m_u_component_of_wind,lower_mesoscale,0.7750472437474564
sfno,mag_0_layer_all,144.0,10m_u_component_of_wind,lower_mesoscale,0.7748975594743343
sfno,mag_0_layer_all,168.0,10m_u_component_of_wind,lower_mesoscale,0.783359444636117
sfno,mag_0_layer_all,192.0,10m_u_component_of_wind,lower_mesoscale,0.7779626835689896
sfno,mag_0_layer_all,216.0,10m_u_component_of_wind,lower_mesoscale,0.7602580517119155
sfno,mag_0_layer_all,240.0,10m_u_component_of_wind,lower_mesoscale,0.7466988530658453
sfno,mag_0.001_layer_all,0.0,10m_u_component_of_wind,planetary,2.9194548112094857e-08
sfno,mag_0.001_layer_all,24.0,10m_u_component_of_wind,planetary,0.009628396278601578
sfno,mag_0.001_layer_all,48.0,10m_u_component_of_wind,planetary,0.017475397746487098
sfno,mag_0.001_layer_all,72.0,10m_u_component_of_wind,planetary,0.029327213218279663
sfno,mag_0.001_layer_all,96.0,10m_u_component_of_wind,planetary,0.05417715445729623
sfno,mag_0.001_layer_all,120.0,10m_u_component_of_wind,planetary,0.04539785707137919
sfno,mag_0.001_layer_all,144.0,10m_u_component_of_wind,planetary,0.06945949543650379
sfno,mag_0.001_layer_all,168.0,10m_u_component_of_wind,planetary,0.07165574862118965
sfno,mag_0.001_layer_all,192.0,10m_u_component_of_wind,planetary,0.0480653089215229
sfno,mag_0.001_layer_all,216.0,10m_u_component_of_wind,planetary,0.11510194323671777
sfno,mag_0.001_layer_all,240.0,10m_u_component_of_wind,planetary,0.09268292337010692
sfno,mag_0.001_layer_all,0.0,10m_u_component_of_wind,synoptic,3.608824355463254e-07
sfno,mag_0.001_layer_all,24.0,10m_u_component_of_wind,synoptic,0.06888028589387589
sfno,mag_0.001_layer_all,48.0,10m_u_component_of_wind,synoptic,0.0769307398322801
sfno,mag_0.001_layer_all,72.0,10m_u_component_of_wind,synoptic,0.0836138047322799
sfno,mag_0.001_layer_all,96.0,10m_u_component_of_wind,synoptic,0.10301181512960175
sfno,mag_0.001_layer_all,120.0,10m_u_component_of_wind,synoptic,0.08583025652900227
sfno,mag_0.001_layer_all,144.0,10m_u_component_of_wind,synoptic,0.07620088605840288
sfno,mag_0.001_layer_all,168.0,10m_u_component_of_wind,synoptic,0.09809304606920448
sfno,mag_0.001_layer_all,192.0,10m_u_component_of_wind,synoptic,0.10689906717485309
sfno,mag_0.001_layer_all,216.0,10m_u_component_of_wind,synoptic,0.10326522218714942
sfno,mag_0.001_layer_all,240.0,10m_u_component_of_wind,synoptic,0.08812574371719459
sfno,mag_0.001_layer_all,0.0,10m_u_component_of_wind,upper_mesoscale,1.6560799689952225e-06
sfno,mag_0.001_layer_all,24.0,10m_u_component_of_wind,upper_mesoscale,0.21466975611614525
sfno,mag_0.001_layer_all,48.0,10m_u_component_of_wind,upper_mesoscale,0.2353455815111754
sfno,mag_0.001_layer_all,72.0,10m_u_component_of_wind,upper_mesoscale,0.23774849525601177
sfno,mag_0.001_layer_all,96.0,10m_u_component_of_wind,upper_mesoscale,0.23476593229571943
sfno,mag_0.001_layer_all,120.0,10m_u_component_of_wind,upper_mesoscale,0.24204813837222341
sfno,mag_0.001_layer_all,144.0,10m_u_component_of_wind,upper_mesoscale,0.22558459388143387
sfno,mag_0.001_layer_all,168.0,10m_u_component_of_wind,upper_mesoscale,0.23308630641913383
sfno,mag_0.001_layer_all,192.0,10m_u_component_of_wind,upper_mesoscale,0.23625744414094244
sfno,mag_0.001_layer_all,216.0,10m_u_component_of_wind,upper_mesoscale,0.23323937953640306
sfno,mag_0.001_layer_all,240.0,10m_u_component_of_wind,upper_mesoscale,0.23117554991182443
sfno,mag_0.001_layer_all,0.0,10m_u_component_of_wind,lower_mesoscale,2.0699600893924512e-05
sfno,mag_0.001_layer_all,24.0,10m_u_component_of_wind,lower_mesoscale,0.7872879562048312
sfno,mag_0.001_layer_all,48.0,10m_u_component_of_wind,lower_mesoscale,0.7789525809547269
sfno,mag_0.001_layer_all,72.0,10m_u_component_of_wind,lower_mesoscale,0.7838824961267408
sfno,mag_0.001_layer_all,96.0,10m_u_component_of_wind,lower_mesoscale,0.7749564766251298
sfno,mag_0.001_layer_all,120.0,10m_u_component_of_wind,lower_mesoscale,0.7750005923180228
sfno,mag_0.001_layer_all,144.0,10m_u_component_of_wind,lower_mesoscale,0.7747615377295946
sfno,mag_0.001_layer_all,168.0,10m_u_component_of_wind,lower_mesoscale,0.7833445271457494
sfno,mag_0.001_layer_all,192.0,10m_u_component_of_wind,lower_mesoscale,0.7772034519798315
sfno,mag_0.001_layer_all,216.0,10m_u_component_of_wind,lower_mesoscale,0.7594175508239392
sfno,mag_0.001_layer_all,240.0,10m_u_component_of_wind,lower_mesoscale,0.7451006320383957
sfno,mag_0.003_layer_all,0.0,10m_u_component_of_wind,planetary,2.9194548112094857e-08
sfno,mag_0.003_layer_all,24.0,10m_u_component_of_wind,planetary,0.009608940149641514
sfno,mag_0.003_layer_all,48.0,10m_u_component_of_wind,planetary,0.017236688320385603
sfno,mag_0.003_layer_all,72.0,10m_u_component_of_wind,planetary,0.029113181382005273
sfno,mag_0.003_layer_all,96.0,10m_u_component_of_wind,planetary,0.0534492235135728
sfno,mag_0.003_layer_all,120.0,10m_u_component_of_wind,planetary,0.04546260565539963
sfno,mag_0.003_layer_all,144.0,10m_u_component_of_wind,planetary,0.06914975609640975
sfno,mag_0.003_layer_all,168.0,10m_u_component_of_wind,planetary,0.0731086525080377
sfno,mag_0.003_layer_all,192.0,10m_u_component_of_wind,planetary,0.048517235298373075
sfno,mag_0.003_layer_all,216.0,10m_u_component_of_wind,planetary,0.10568734053611523
sfno,mag_0.003_layer_all,240.0,10m_u_component_of_wind,planetary,0.0769291614677991
sfno,mag_0.003_layer_all,0.0,10m_u_component_of_wind,synoptic,3.608824355463254e-07
sfno,mag_0.003_layer_all,24.0,10m_u_component_of_wind,synoptic,0.069144559417684
sfno,mag_0.003_layer_all,48.0,10m_u_component_of_wind,synoptic,0.07706888132789434
sfno,mag_0.003_layer_all,72.0,10m_u_component_of_wind,synoptic,0.08347708246347696
sfno,mag_0.003_layer_all,96.0,10m_u_component_of_wind,synoptic,0.10208977487598954
sfno,mag_0.003_layer_all,120.0,10m_u_component_of_wind,synoptic,0.08591889500353073
sfno,mag_0.003_layer_all,144.0,10m_u_component_of_wind,synoptic,0.07520401362766356
sfno,mag_0.003_layer_all,168.0,10m_u_component_of_wind,synoptic,0.09395739716222655
sfno,mag_0.003_layer_all,192.0,10m_u_component_of_wind,synoptic,0.10602916860572005
sfno,mag_0.003_layer_all,216.0,10m_u_component_of_wind,synoptic,0.09400487222463405
sfno,mag_0.003_layer_all,240.0,10m_u_component_of_wind,synoptic,0.08161632356238802
sfno,mag_0.003_layer_all,0.0,10m_u_component_of_wind,upper_mesoscale,1.6560799689952225e-06
sfno,mag_0.003_layer_all,24.0,10m_u_component_of_wind,upper_mesoscale,0.21487259114972118
sfno,mag_0.003_layer_all,48.0,10m_u_component_of_wind,upper_mesoscale,0.2355471727873173
sfno,mag_0.003_layer_all,72.0,10m_u_component_of_wind,upper_mesoscale,0.23784193622402086
sfno,mag_0.003_layer_all,96.0,10m_u_component_of_wind,upper_mesoscale,0.2343126675902557
sfno,mag_0.003_layer_all,120.0,10m_u_component_of_wind,upper_mesoscale,0.24066909739688427
sfno,mag_0.003_layer_all,144.0,10m_u_component_of_wind,upper_mesoscale,0.22390127862573678
sfno,mag_0.003_layer_all,168.0,10m_u_component_of_wind,upper_mesoscale,0.23435279224601346
sfno,mag_0.003_layer_all,192.0,10m_u_component_of_wind,upper_mesoscale,0.23819202839887954
sfno,mag_0.003_layer_all,216.0,10m_u_component_of_wind,upper_mesoscale,0.23024350715314118
sfno,mag_0.003_layer_all,240.0,10m_u_component_of_wind,upper_mesoscale,0.22492307806400538
sfno,mag_0.003_layer_all,0.0,10m_u_component_of_wind,lower_mesoscale,2.0699600893924512e-05
sfno,mag_0.003_layer_all,24.0,10m_u_component_of_wind,lower_mesoscale,0.7868750583252262
sfno,mag_0.003_layer_all,48.0,10m_u_component_of_wind,lower_mesoscale,0.7779699064024631
sfno,mag_0.003_layer_all,72.0,10m_u_component_of_wind,lower_mesoscale,0.7828198269938749
sfno,mag_0.003_layer_all,96.0,10m_u_component_of_wind,lower_mesoscale,0.7737235728536606
sfno,mag_0.003_layer_all,120.0,10m_u_component_of_wind,lower_mesoscale,0.7738429637856437
sfno,mag_0.003_layer_all,144.0,10m_u_component_of_wind,lower_mesoscale,0.7735887222771582
sfno,mag_0.003_layer_all,168.0,10m_u_component_of_wind,lower_mesoscale,0.7816943682360474
sfno,mag_0.003_layer_all,192.0,10m_u_component_of_wind,lower_mesoscale,0.7757802709261384
sfno,mag_0.003_layer_all,216.0,10m_u_component_of_wind,lower_mesoscale,0.7577943998127546
sfno,mag_0.003_layer_all,240.0,10m_u_component_of_wind,lower_mesoscale,0.7421416950826466
sfno,mag_0.01_layer_all,0.0,10m_u_component_of_wind,planetary,2.9194548112094857e-08
sfno,mag_0.01_layer_all,24.0,10m_u_component_of_wind,planetary,0.009682296187655851
sfno,mag_0.01_layer_all,48.0,10m_u_component_of_wind,planetary,0.01676417255438828
sfno,mag_0.01_layer_all,72.0,10m_u_component_of_wind,planetary,0.029041039205330695
sfno,mag_0.01_layer_all,96.0,10m_u_component_of_wind,planetary,0.05122985497567859
sfno,mag_0.01_layer_all,120.0,10m_u_component_of_wind,planetary,0.04543665537597982
sfno,mag_0.01_layer_all,144.0,10m_u_component_of_wind,planetary,0.06010926563962476
sfno,mag_0.01_layer_all,168.0,10m_u_component_of_wind,planetary,0.08234510253401456
sfno,mag_0.01_layer_all,192.0,10m_u_component_of_wind,planetary,0.060101981784776756
sfno,mag_0.01_layer_all,216.0,10m_u_component_of_wind,planetary,0.09597948314174422
sfno,mag_0.01_layer_all,240.0,10m_u_component_of_wind,planetary,0.07124010671347109
sfno,mag_0.01_layer_all,0.0,10m_u_component_of_wind,synoptic,3.608824355463254e-07
sfno,mag_0.01_layer_all,24.0,10m_u_component_of_wind,synoptic,0.07024446920361714
sfno,mag_0.01_layer_all,48.0,10m_u_component_of_wind,synoptic,0.07784068484402615
sfno,mag_0.01_layer_all,72.0,10m_u_component_of_wind,synoptic,0.0819112966360715
sfno,mag_0.01_layer_all,96.0,10m_u_component_of_wind,synoptic,0.09803681317282974
sfno,mag_0.01_layer_all,120.0,10m_u_component_of_wind,synoptic,0.08573521244078589
sfno,mag_0.01_layer_all,144.0,10m_u_component_of_wind,synoptic,0.07722046192562931
sfno,mag_0.01_layer_all,168.0,10m_u_component_of_wind,synoptic,0.09082357202562917
sfno,mag_0.01_layer_all,192.0,10m_u_component_of_wind,synoptic,0.09812154541583692
sfno,mag_0.01_layer_all,216.0,10m_u_component_of_wind,synoptic,0.0844773451129864
sfno,mag_0.01_layer_all,240.0,10m_u_component_of_wind,synoptic,0.07263953618400998
sfno,mag_0.01_layer_all,0.0,10m_u_component_of_wind,upper_mesoscale,1.6560799689952225e-06
sfno,mag_0.01_layer_all,24.0,10m_u_component_of_wind,upper_mesoscale,0.21553619459011028
sfno,mag_0.01_layer_all,48.0,10m_u_component_of_wind,upper_mesoscale,0.2357010273577999
sfno,mag_0.01_layer_all,72.0,10m_u_component_of_wind,upper_mesoscale,0.2373805656498334
sfno,mag_0.01_layer_all,96.0,10m_u_component_of_wind,upper_mesoscale,0.23226621274164852
sfno,mag_0.01_layer_all,120.0,10m_u_component_of_wind,upper_mesoscale,0.23548866108362587
sfno,mag_0.01_layer_all,144.0,10m_u_component_of_wind,upper_mesoscale,0.22459972053019148
sfno,mag_0.01_layer_all,168.0,10m_u_component_of_wind,upper_mesoscale,0.23158694275138705
sfno,mag_0.01_layer_all,192.0,10m_u_component_of_wind,upper_mesoscale,0.23324180279861856
sfno,mag_0.01_layer_all,216.0,10m_u_component_of_wind,upper_mesoscale,0.22673354247653887
sfno,mag_0.01_layer_all,240.0,10m_u_component_of_wind,upper_mesoscale,0.22143435820256868
sfno,mag_0.01_layer_all,0.0,10m_u_component_of_wind,lower_mesoscale,2.0699600893924512e-05
sfno,mag_0.01_layer_all,24.0,10m_u_component_of_wind,lower_mesoscale,0.7849168363895744
sfno,mag_0.01_layer_all,48.0,10m_u_component_of_wind,lower_mesoscale,0.7740713176659102
sfno,mag_0.01_layer_all,72.0,10m_u_component_of_wind,lower_mesoscale,0.7766813383088164
sfno,mag_0.01_layer_all,96.0,10m_u_component_of_wind,lower_mesoscale,0.7681231045145854
sfno,mag_0.01_layer_all,120.0,10m_u_component_of_wind,lower_mesoscale,0.7652517354996555
sfno,mag_0.01_layer_all,144.0,10m_u_component_of_wind,lower_mesoscale,0.7660566672435692
sfno,mag_0.01_layer_all,168.0,10m_u_component_of_wind,lower_mesoscale,0.7721806702099322
sfno,mag_0.01_layer_all,192.0,10m_u_component_of_wind,lower_mesoscale,0.7657545568331796
sfno,mag_0.01_layer_all,216.0,10m_u_component_of_wind,lower_mesoscale,0.7512607794100046
sfno,mag_0.01_layer_all,240.0,10m_u_component_of_wind,lower_mesoscale,0.7363841792896921
sfno,mag_0.03_layer_all,0.0,10m_u_component_of_wind,planetary,2.9194548112094857e-08
sfno,mag_0.03_layer_all,24.0,10m_u_component_of_wind,planetary,0.010939320272085634
sfno,mag_0.03_layer_all,48.0,10m_u_component_of_wind,planetary,0.017511687096081488
sfno,mag_0.03_layer_all,72.0,10m_u_component_of_wind,planetary,0.02902234217246406
sfno,mag_0.03_layer_all,96.0,10m_u_component_of_wind,planetary,0.047869697048881714
sfno,mag_0.03_layer_all,120.0,10m_u_component_of_wind,planetary,0.04107907737963696
sfno,mag_0.03_layer_all,144.0,10m_u_component_of_wind,planetary,0.04185723094195079
sfno,mag_0.03_layer_all,168.0,10m_u_component_of_wind,planetary,0.056596226674438165
sfno,mag_0.03_layer_all,192.0,10m_u_component_of_wind,planetary,0.0692605573364862
sfno,mag_0.03_layer_all,216.0,10m_u_component_of_wind,planetary,0.10283390587871885
sfno,mag_0.03_layer_all,240.0,10m_u_component_of_wind,planetary,0.07333912758956128
sfno,mag_0.03_layer_all,0.0,10m_u_component_of_wind,synoptic,3.608824355463254e-07
sfno,mag_0.03_layer_all,24.0,10m_u_component_of_wind,synoptic,0.074228707354057
sfno,mag_0.03_layer_all,48.0,10m_u_component_of_wind,synoptic,0.08173725920359307
sfno,mag_0.03_layer_all,72.0,10m_u_component_of_wind,synoptic,0.07628470813989618
sfno,mag_0.03_layer_all,96.0,10m_u_component_of_wind,synoptic,0.0963151504523953
sfno,mag_0.03_layer_all,120.0,10m_u_component_of_wind,synoptic,0.08624925695119609
sfno,mag_0.03_layer_all,144.0,10m_u_component_of_wind,synoptic,0.08625493764944096
sfno,mag_0.03_layer_all,168.0,10m_u_component_of_wind,synoptic,0.09780681202066784
sfno,mag_0.03_layer_all,192.0,10m_u_component_of_wind,synoptic,0.09397746785074398
sfno,mag_0.03_layer_all,216.0,10m_u_component_of_wind,synoptic,0.08197756060654064
sfno,mag_0.03_layer_all,240.0,10m_u_component_of_wind,synoptic,0.0772170030331357
sfno,mag_0.03_layer_all,0.0,10m_u_component_of_wind,upper_mesoscale,1.6560799689952225e-06
sfno,mag_0.03_layer_all,24.0,10m_u_component_of_wind,upper_mesoscale,0.21767586370391226
sfno,mag_0.03_layer_all,48.0,10m_u_component_of_wind,upper_mesoscale,0.2352712030590063
sfno,mag_0.03_layer_all,72.0,10m_u_component_of_wind,upper_mesoscale,0.23463483669234866
sfno,mag_0.03_layer_all,96.0,10m_u_component_of_wind,upper_mesoscale,0.2298707532936384
sfno,mag_0.03_layer_all,120.0,10m_u_component_of_wind,upper_mesoscale,0.23119863634759016
sfno,mag_0.03_layer_all,144.0,10m_u_component_of_wind,upper_mesoscale,0.22180478117321878
sfno,mag_0.03_layer_all,168.0,10m_u_component_of_wind,upper_mesoscale,0.2246680698136326
sfno,mag_0.03_layer_all,192.0,10m_u_component_of_wind,upper_mesoscale,0.21599513099174392
sfno,mag_0.03_layer_all,216.0,10m_u_component_of_wind,upper_mesoscale,0.21129029638093721
sfno,mag_0.03_layer_all,240.0,10m_u_component_of_wind,upper_mesoscale,0.21318878332049282
sfno,mag_0.03_layer_all,0.0,10m_u_component_of_wind,lower_mesoscale,2.0699600893924512e-05
sfno,mag_0.03_layer_all,24.0,10m_u_component_of_wind,lower_mesoscale,0.778180679121455
sfno,mag_0.03_layer_all,48.0,10m_u_component_of_wind,lower_mesoscale,0.7609837379659286
sfno,mag_0.03_layer_all,72.0,10m_u_component_of_wind,lower_mesoscale,0.7523388075805679
sfno,mag_0.03_layer_all,96.0,10m_u_component_of_wind,lower_mesoscale,0.7425717335505306
sfno,mag_0.03_layer_all,120.0,10m_u_component_of_wind,lower_mesoscale,0.7366882697586298
sfno,mag_0.03_layer_all,144.0,10m_u_component_of_wind,lower_mesoscale,0.7342169317027818
sfno,mag_0.03_layer_all,168.0,10m_u_component_of_wind,lower_mesoscale,0.7350654736900221
sfno,mag_0.03_layer_all,192.0,10m_u_component_of_wind,lower_mesoscale,0.7206101245963041
sfno,mag_0.03_layer_all,216.0,10m_u_component_of_wind,lower_mesoscale,0.7128864105604232
sfno,mag_0.03_layer_all,240.0,10m_u_component_of_wind,lower_mesoscale,0.7126735669871503
sfno,mag_0.1_layer_all,0.0,10m_u_component_of_wind,planetary,2.9194548112094857e-08
sfno,mag_0.1_layer_all,24.0,10m_u_component_of_wind,planetary,0.038006716180602966
sfno,mag_0.1_layer_all,48.0,10m_u_component_of_wind,planetary,0.0563401569289079
sfno,mag_0.1_layer_all,72.0,10m_u_component_of_wind,planetary,0.07897428604454235
sfno,mag_0.1_layer_all,96.0,10m_u_component_of_wind,planetary,0.08387671044399476
sfno,mag_0.1_layer_all,120.0,10m_u_component_of_wind,planetary,0.08450162407212086
sfno,mag_0.1_layer_all,144.0,10m_u_component_of_wind,planetary,0.17969292155039995
sfno,mag_0.1_layer_all,168.0,10m_u_component_of_wind,planetary,0.2397676150957495
sfno,mag_0.1_layer_all,192.0,10m_u_component_of_wind,planetary,0.40082131264357973
sfno,mag_0.1_layer_all,216.0,10m_u_component_of_wind,planetary,0.5914094693081438
sfno,mag_0.1_layer_all,240.0,10m_u_component_of_wind,planetary,0.7707474773022595
sfno,mag_0.1_layer_all,0.0,10m_u_component_of_wind,synoptic,3.608824355463254e-07
sfno,mag_0.1_layer_all,24.0,10m_u_component_of_wind,synoptic,0.087269709936158
sfno,mag_0.1_layer_all,48.0,10m_u_component_of_wind,synoptic,0.06140166682519228
sfno,mag_0.1_layer_all,72.0,10m_u_component_of_wind,synoptic,0.06368474450339635
sfno,mag_0.1_layer_all,96.0,10m_u_component_of_wind,synoptic,0.15676366557477087
sfno,mag_0.1_layer_all,120.0,10m_u_component_of_wind,synoptic,0.40236124209437973
sfno,mag_0.1_layer_all,144.0,10m_u_component_of_wind,synoptic,0.5580632608299326
sfno,mag_0.1_layer_all,168.0,10m_u_component_of_wind,synoptic,0.6656746417989944
sfno,mag_0.1_layer_all,192.0,10m_u_component_of_wind,synoptic,0.7877669708915456
sfno,mag_0.1_layer_all,216.0,10m_u_component_of_wind,synoptic,0.9239416380708413
sfno,mag_0.1_layer_all,240.0,10m_u_component_of_wind,synoptic,1.047347360877299
sfno,mag_0.1_layer_all,0.0,10m_u_component_of_wind,upper_mesoscale,1.6560799689952225e-06
sfno,mag_0.1_layer_all,24.0,10m_u_component_of_wind,upper_mesoscale,0.2143652281947926
sfno,mag_0.1_layer_all,48.0,10m_u_component_of_wind,upper_mesoscale,0.15896330211442958
sfno,mag_0.1_layer_all,72.0,10m_u_component_of_wind,upper_mesoscale,0.04766969032700079
sfno,mag_0.1_layer_all,96.0,10m_u_component_of_wind,upper_mesoscale,0.20047974427142626
sfno,mag_0.1_layer_all,120.0,10m_u_component_of_wind,upper_mesoscale,0.584259363388377
sfno,mag_0.1_layer_all,144.0,10m_u_component_of_wind,upper_mesoscale,0.6752558470945433
sfno,mag_0.1_layer_all,168.0,10m_u_component_of_wind,upper_mesoscale,0.7799065360686757
sfno,mag_0.1_layer_all,192.0,10m_u_component_of_wind,upper_mesoscale,0.9240038602377968
sfno,mag_0.1_layer_all,216.0,10m_u_component_of_wind,upper_mesoscale,0.9935972046078368
sfno,mag_0.1_layer_all,240.0,10m_u_component_of_wind,upper_mesoscale,1.078550375021084
sfno,mag_0.1_layer_all,0.0,10m_u_component_of_wind,lower_mesoscale,2.0699600893924512e-05
sfno,mag_0.1_layer_all,24.0,10m_u_component_of_wind,lower_mesoscale,0.7260525837855979
sfno,mag_0.1_layer_all,48.0,10m_u_component_of_wind,lower_mesoscale,0.6239269516050493
sfno,mag_0.1_layer_all,72.0,10m_u_component_of_wind,lower_mesoscale,0.45258654879349147
sfno,mag_0.1_layer_all,96.0,10m_u_component_of_wind,lower_mesoscale,0.34203521781228197
sfno,mag_0.1_layer_all,120.0,10m_u_component_of_wind,lower_mesoscale,0.2921444992525312
sfno,mag_0.1_layer_all,144.0,10m_u_component_of_wind,lower_mesoscale,0.30367378348363716
sfno,mag_0.1_layer_all,168.0,10m_u_component_of_wind,lower_mesoscale,0.41169118270133975
sfno,mag_0.1_layer_all,192.0,10m_u_component_of_wind,lower_mesoscale,0.5612787428386039
sfno,mag_0.1_layer_all,216.0,10m_u_component_of_wind,lower_mesoscale,0.5680462615632301
sfno,mag_0.1_layer_all,240.0,10m_u_component_of_wind,lower_mesoscale,0.6530329023941354
aifs,mag_0_layer_all,0.0,10m_u_component_of_wind,planetary,8.718847945969684e-08
aifs,mag_0_layer_all,24.0,10m_u_component_of_wind,planetary,0.006266400706333023
aifs,mag_0_layer_all,48.0,10m_u_component_of_wind,planetary,0.006552441638597767
aifs,mag_0_layer_all,72.0,10m_u_component_of_wind,planetary,0.0169747268394425
aifs,mag_0_layer_all,96.0,10m_u_component_of_wind,planetary,0.03359529293933622
aifs,mag_0_layer_all,120.0,10m_u_component_of_wind,planetary,0.027808301035839485
aifs,mag_0_layer_all,144.0,10m_u_component_of_wind,planetary,0.0446722643646517
aifs,mag_0_layer_all,168.0,10m_u_component_of_wind,planetary,0.08322158223240997
aifs,mag_0_layer_all,192.0,10m_u_component_of_wind,planetary,0.09954254329424235
aifs,mag_0_layer_all,216.0,10m_u_component_of_wind,planetary,0.12780770786899123
aifs,mag_0_layer_all,240.0,10m_u_component_of_wind,planetary,0.10864828542694036
aifs,mag_0_layer_all,0.0,10m_u_component_of_wind,synoptic,3.2219818015900744e-07
aifs,mag_0_layer_all,24.0,10m_u_component_of_wind,synoptic,0.07036089485586504
aifs,mag_0_layer_all,48.0,10m_u_component_of_wind,synoptic,0.10917392174748916
aifs,mag_0_layer_all,72.0,10m_u_component_of_wind,synoptic,0.12596843987131134
aifs,mag_0_layer_all,96.0,10m_u_component_of_wind,synoptic,0.15494399970777947
aifs,mag_0_layer_all,120.0,10m_u_component_of_wind,synoptic,0.16148505305982183
aifs,mag_0_layer_all,144.0,10m_u_component_of_wind,synoptic,0.1796119838928466
aifs,mag_0_layer_all,168.0,10m_u_component_of_wind,synoptic,0.18743499295197946
aifs,mag_0_layer_all,192.0,10m_u_component_of_wind,synoptic,0.2067877197306079
aifs,mag_0_layer_all,216.0,10m_u_component_of_wind,synoptic,0.21058076068879011
aifs,mag_0_layer_all,240.0,10m_u_component_of_wind,synoptic,0.18588555792810713
aifs,mag_0_layer_all,0.0,10m_u_component_of_wind,upper_mesoscale,1.7552698052529403e-06
aifs,mag_0_layer_all,24.0,10m_u_component_of_wind,upper_mesoscale,0.2311757535326284
aifs,mag_0_layer_all,48.0,10m_u_component_of_wind,upper_mesoscale,0.28469070457943363
aifs,mag_0_layer_all,72.0,10m_u_component_of_wind,upper_mesoscale,0.31940534012642735
aifs,mag_0_layer_all,96.0,10m_u_component_of_wind,upper_mesoscale,0.3314725012078254
aifs,mag_0_layer_all,120.0,10m_u_component_of_wind,upper_mesoscale,0.3450999358102027
aifs,mag_0_layer_all,144.0,10m_u_component_of_wind,upper_mesoscale,0.3547143501359428
aifs,mag_0_layer_all,168.0,10m_u_component_of_wind,upper_mesoscale,0.35223355107859317
aifs,mag_0_layer_all,192.0,10m_u_component_of_wind,upper_mesoscale,0.349274226135372
aifs,mag_0_layer_all,216.0,10m_u_component_of_wind,upper_mesoscale,0.3576838609958173
aifs,mag_0_layer_all,240.0,10m_u_component_of_wind,upper_mesoscale,0.34915490167666036
aifs,mag_0_layer_all,0.0,10m_u_component_of_wind,lower_mesoscale,2.140147473879456e-05
aifs,mag_0_layer_all,24.0,10m_u_component_of_wind,lower_mesoscale,0.24337134183782191
aifs,mag_0_layer_all,48.0,10m_u_component_of_wind,lower_mesoscale,0.2735149027178551
aifs,mag_0_layer_all,72.0,10m_u_component_of_wind,lower_mesoscale,0.28484155613395573
aifs,mag_0_layer_all,96.0,10m_u_component_of_wind,lower_mesoscale,0.2889448329900147
aifs,mag_0_layer_all,120.0,10m_u_component_of_wind,lower_mesoscale,0.29781795509941056
aifs,mag_0_layer_all,144.0,10m_u_component_of_wind,lower_mesoscale,0.2975455485116722
aifs,mag_0_layer_all,168.0,10m_u_component_of_wind,lower_mesoscale,0.2958062854330596
aifs,mag_0_layer_all,192.0,10m_u_component_of_wind,lower_mesoscale,0.28466132984262166
aifs,mag_0_layer_all,216.0,10m_u_component_of_wind,lower_mesoscale,0.2804211331121735
aifs,mag_0_layer_all,240.0,10m_u_component_of_wind,lower_mesoscale,0.2794008267855638
aifs,mag_0.003_layer_all,0.0,10m_u_component_of_wind,planetary,8.718847945969684e-08
aifs,mag_0.003_layer_all,24.0,10m_u_component_of_wind,planetary,0.005959581111693838
aifs,mag_0.003_layer_all,48.0,10m_u_component_of_wind,planetary,0.006314075099825061
aifs,mag_0.003_layer_all,72.0,10m_u_component_of_wind,planetary,0.017357925658889488
aifs,mag_0.003_layer_all,96.0,10m_u_component_of_wind,planetary,0.03344466295509876
aifs,mag_0.003_layer_all,120.0,10m_u_component_of_wind,planetary,0.027253962971041136
aifs,mag_0.003_layer_all,144.0,10m_u_component_of_wind,planetary,0.04294187719111523
aifs,mag_0.003_layer_all,168.0,10m_u_component_of_wind,planetary,0.08088757730981896
aifs,mag_0.003_layer_all,192.0,10m_u_component_of_wind,planetary,0.09512705224302688
aifs,mag_0.003_layer_all,216.0,10m_u_component_of_wind,planetary,0.12339901371409476
aifs,mag_0.003_layer_all,240.0,10m_u_component_of_wind,planetary,0.09076772460024038
aifs,mag_0.003_layer_all,0.0,10m_u_component_of_wind,synoptic,3.221981801589159e-07
aifs,mag_0.003_layer_all,24.0,10m_u_component_of_wind,synoptic,0.07035797911818747
aifs,mag_0.003_layer_all,48.0,10m_u_component_of_wind,synoptic,0.10806827239593593
aifs,mag_0.003_layer_all,72.0,10m_u_component_of_wind,synoptic,0.12379851493189328
aifs,mag_0.003_layer_all,96.0,10m_u_component_of_wind,synoptic,0.15211635472809978
aifs,mag_0.003_layer_all,120.0,10m_u_component_of_wind,synoptic,0.15922974919916263
aifs,mag_0.003_layer_all,144.0,10m_u_component_of_wind,synoptic,0.17678101532877846
aifs,mag_0.003_layer_all,168.0,10m_u_component_of_wind,synoptic,0.18401533912246215
aifs,mag_0.003_layer_all,192.0,10m_u_component_of_wind,synoptic,0.20115864896153196
aifs,mag_0.003_layer_all,216.0,10m_u_component_of_wind,synoptic,0.20600295220935996
aifs,mag_0.003_layer_all,240.0,10m_u_component_of_wind,synoptic,0.17774140917693582
aifs,mag_0.003_layer_all,0.0,10m_u_component_of_wind,upper_mesoscale,1.7552698052593316e-06
aifs,mag_0.003_layer_all,24.0,10m_u_component_of_wind,upper_mesoscale,0.23023114559858696
aifs,mag_0.003_layer_all,48.0,10m_u_component_of_wind,upper_mesoscale,0.28195845515092255
aifs,mag_0.003_layer_all,72.0,10m_u_component_of_wind,upper_mesoscale,0.31639237728634345
aifs,mag_0.003_layer_all,96.0,10m_u_component_of_wind,upper_mesoscale,0.32775238437460186
aifs,mag_0.003_layer_all,120.0,10m_u_component_of_wind,upper_mesoscale,0.3409731883570464
aifs,mag_0.003_layer_all,144.0,10m_u_component_of_wind,upper_mesoscale,0.34992472487807885
aifs,mag_0.003_layer_all,168.0,10m_u_component_of_wind,upper_mesoscale,0.34755920281564756
aifs,mag_0.003_layer_all,192.0,10m_u_component_of_wind,upper_mesoscale,0.343360675307588
aifs,mag_0.003_layer_all,216.0,10m_u_component_of_wind,upper_mesoscale,0.3508544614609749
aifs,mag_0.003_layer_all,240.0,10m_u_component_of_wind,upper_mesoscale,0.34506090778953985
aifs,mag_0.003_layer_all,0.0,10m_u_component_of_wind,lower_mesoscale,2.1401474738792854e-05
aifs,mag_0.003_layer_all,24.0,10m_u_component_of_wind,lower_mesoscale,0.2434488991194315
aifs,mag_0.003_layer_all,48.0,10m_u_component_of_wind,lower_mesoscale,0.2728256304288195
aifs,mag_0.003_layer_all,72.0,10m_u_component_of_wind,lower_mesoscale,0.2838245766354103
aifs,mag_0.003_layer_all,96.0,10m_u_component_of_wind,lower_mesoscale,0.28766570446266854
aifs,mag_0.003_layer_all,120.0,10m_u_component_of_wind,lower_mesoscale,0.2960671671881151
aifs,mag_0.003_layer_all,144.0,10m_u_component_of_wind,lower_mesoscale,0.29577542858943817
aifs,mag_0.003_layer_all,168.0,10m_u_component_of_wind,lower_mesoscale,0.2940784786032477
aifs,mag_0.003_layer_all,192.0,10m_u_component_of_wind,lower_mesoscale,0.28314175728313623
aifs,mag_0.003_layer_all,216.0,10m_u_component_of_wind,lower_mesoscale,0.278485988529706
aifs,mag_0.003_layer_all,240.0,10m_u_component_of_wind,lower_mesoscale,0.2776714334427262
aifs,mag_0.01_layer_all,0.0,10m_u_component_of_wind,planetary,8.718847945969684e-08
aifs,mag_0.01_layer_all,24.0,10m_u_component_of_wind,planetary,0.005730947831614964
aifs,mag_0.01_layer_all,48.0,10m_u_component_of_wind,planetary,0.008503263512756636
aifs,mag_0.01_layer_all,72.0,10m_u_component_of_wind,planetary,0.019428577252523012
aifs,mag_0.01_layer_all,96.0,10m_u_component_of_wind,planetary,0.03640225130306129
aifs,mag_0.01_layer_all,120.0,10m_u_component_of_wind,planetary,0.029323624423587137
aifs,mag_0.01_layer_all,144.0,10m_u_component_of_wind,planetary,0.036823251589236716
aifs,mag_0.01_layer_all,168.0,10m_u_component_of_wind,planetary,0.07927191656384511
aifs,mag_0.01_layer_all,192.0,10m_u_component_of_wind,planetary,0.0854876824311515
aifs,mag_0.01_layer_all,216.0,10m_u_component_of_wind,planetary,0.1307311115562101
aifs,mag_0.01_layer_all,240.0,10m_u_component_of_wind,planetary,0.07969559718059087
aifs,mag_0.01_layer_all,0.0,10m_u_component_of_wind,synoptic,3.221981801589159e-07
aifs,mag_0.01_layer_all,24.0,10m_u_component_of_wind,synoptic,0.07334966777433662
aifs,mag_0.01_layer_all,48.0,10m_u_component_of_wind,synoptic,0.10840794098
aifs,mag_0.01_layer_all,72.0,10m_u_component_of_wind,synoptic,0.12048225997947337
aifs,mag_0.01_layer_all,96.0,10m_u_component_of_wind,synoptic,0.14719366049202348
aifs,mag_0.01_layer_all,120.0,10m_u_component_of_wind,synoptic,0.15689303738310645
aifs,mag_0.01_layer_all,144.0,10m_u_component_of_wind,synoptic,0.1686685302098166
aifs,mag_0.01_layer_all,168.0,10m_u_component_of_wind,synoptic,0.17482337040656684
aifs,mag_0.01_layer_all,192.0,10m_u_component_of_wind,synoptic,0.18918114645696277
aifs,mag_0.01_layer_all,216.0,10m_u_component_of_wind,synoptic,0.19232164737679053
aifs,mag_0.01_layer_all,240.0,10m_u_component_of_wind,synoptic,0.17075815461329044
aifs,mag_0.01_layer_all,0.0,10m_u_component_of_wind,upper_mesoscale,1.7552698052593316e-06
aifs,mag_0.01_layer_all,24.0,10m_u_component_of_wind,upper_mesoscale,0.22740604080990054
aifs,mag_0.01_layer_all,48.0,10m_u_component_of_wind,upper_mesoscale,0.2729737201885953
aifs,mag_0.01_layer_all,72.0,10m_u_component_of_wind,upper_mesoscale,0.30416648785901934
aifs,mag_0.01_layer_all,96.0,10m_u_component_of_wind,upper_mesoscale,0.3126106634878179
aifs,mag_0.01_layer_all,120.0,10m_u_component_of_wind,upper_mesoscale,0.32454663457030336
aifs,mag_0.01_layer_all,144.0,10m_u_component_of_wind,upper_mesoscale,0.32912850566813495
aifs,mag_0.01_layer_all,168.0,10m_u_component_of_wind,upper_mesoscale,0.3283005163514444
aifs,mag_0.01_layer_all,192.0,10m_u_component_of_wind,upper_mesoscale,0.3279112163875872
aifs,mag_0.01_layer_all,216.0,10m_u_component_of_wind,upper_mesoscale,0.3327068665408536
aifs,mag_0.01_layer_all,240.0,10m_u_component_of_wind,upper_mesoscale,0.32771963948490834
aifs,mag_0.01_layer_all,0.0,10m_u_component_of_wind,lower_mesoscale,2.1401474738792854e-05
aifs,mag_0.01_layer_all,24.0,10m_u_component_of_wind,lower_mesoscale,0.24429812450549598
aifs,mag_0.01_layer_all,48.0,10m_u_component_of_wind,lower_mesoscale,0.2707958034429245
aifs,mag_0.01_layer_all,72.0,10m_u_component_of_wind,lower_mesoscale,0.2796511611365402
aifs,mag_0.01_layer_all,96.0,10m_u_component_of_wind,lower_mesoscale,0.28175158571578096
aifs,mag_0.01_layer_all,120.0,10m_u_component_of_wind,lower_mesoscale,0.28871411038934375
aifs,mag_0.01_layer_all,144.0,10m_u_component_of_wind,lower_mesoscale,0.2872702195311236
aifs,mag_0.01_layer_all,168.0,10m_u_component_of_wind,lower_mesoscale,0.28700366154389534
aifs,mag_0.01_layer_all,192.0,10m_u_component_of_wind,lower_mesoscale,0.27869614968172424
aifs,mag_0.01_layer_all,216.0,10m_u_component_of_wind,lower_mesoscale,0.27496552860956824
aifs,mag_0.01_layer_all,240.0,10m_u_component_of_wind,lower_mesoscale,0.2703215255444327
aifs,mag_0.03_layer_all,0.0,10m_u_component_of_wind,planetary,8.718847945969684e-08
aifs,mag_0.03_layer_all,24.0,10m_u_component_of_wind,planetary,0.023424127158609143
aifs,mag_0.03_layer_all,48.0,10m_u_component_of_wind,planetary,0.035098454797430644
aifs,mag_0.03_layer_all,72.0,10m_u_component_of_wind,planetary,0.035544890963369206
aifs,mag_0.03_layer_all,96.0,10m_u_component_of_wind,planetary,0.04999630629814569
aifs,mag_0.03_layer_all,120.0,10m_u_component_of_wind,planetary,0.0450741428843041
aifs,mag_0.03_layer_all,144.0,10m_u_component_of_wind,planetary,0.05635133592853958
aifs,mag_0.03_layer_all,168.0,10m_u_component_of_wind,planetary,0.09510879598277254
aifs,mag_0.03_layer_all,192.0,10m_u_component_of_wind,planetary,0.08835526691102494
aifs,mag_0.03_layer_all,216.0,10m_u_component_of_wind,planetary,0.11686546841272936
aifs,mag_0.03_layer_all,240.0,10m_u_component_of_wind,planetary,0.07348531916247546
aifs,mag_0.03_layer_all,0.0,10m_u_component_of_wind,synoptic,3.221981801589159e-07
aifs,mag_0.03_layer_all,24.0,10m_u_component_of_wind,synoptic,0.09304675656166748
aifs,mag_0.03_layer_all,48.0,10m_u_component_of_wind,synoptic,0.1200810179827023
aifs,mag_0.03_layer_all,72.0,10m_u_component_of_wind,synoptic,0.1136675131315989
aifs,mag_0.03_layer_all,96.0,10m_u_component_of_wind,synoptic,0.13516469067981296
aifs,mag_0.03_layer_all,120.0,10m_u_component_of_wind,synoptic,0.1436790695313208
aifs,mag_0.03_layer_all,144.0,10m_u_component_of_wind,synoptic,0.1492780789508265
aifs,mag_0.03_layer_all,168.0,10m_u_component_of_wind,synoptic,0.15183687732674836
aifs,mag_0.03_layer_all,192.0,10m_u_component_of_wind,synoptic,0.16372464304632176
aifs,mag_0.03_layer_all,216.0,10m_u_component_of_wind,synoptic,0.1540508237894095
aifs,mag_0.03_layer_all,240.0,10m_u_component_of_wind,synoptic,0.15176907747792664
aifs,mag_0.03_layer_all,0.0,10m_u_component_of_wind,upper_mesoscale,1.7552698052593316e-06
aifs,mag_0.03_layer_all,24.0,10m_u_component_of_wind,upper_mesoscale,0.21199657651235196
aifs,mag_0.03_layer_all,48.0,10m_u_component_of_wind,upper_mesoscale,0.22896348957995635
aifs,mag_0.03_layer_all,72.0,10m_u_component_of_wind,upper_mesoscale,0.23552149833511107
aifs,mag_0.03_layer_all,96.0,10m_u_component_of_wind,upper_mesoscale,0.23282642872664708
aifs,mag_0.03_layer_all,120.0,10m_u_component_of_wind,upper_mesoscale,0.23780655721381294
aifs,mag_0.03_layer_all,144.0,10m_u_component_of_wind,upper_mesoscale,0.23566141856936762
aifs,mag_0.03_layer_all,168.0,10m_u_component_of_wind,upper_mesoscale,0.23966367950060247
aifs,mag_0.03_layer_all,192.0,10m_u_component_of_wind,upper_mesoscale,0.24281729516426592
aifs,mag_0.03_layer_all,216.0,10m_u_component_of_wind,upper_mesoscale,0.24581636747484098
aifs,mag_0.03_layer_all,240.0,10m_u_component_of_wind,upper_mesoscale,0.25210748172396036
aifs,mag_0.03_layer_all,0.0,10m_u_component_of_wind,lower_mesoscale,2.1401474738792854e-05
aifs,mag_0.03_layer_all,24.0,10m_u_component_of_wind,lower_mesoscale,0.23340789850810462
aifs,mag_0.03_layer_all,48.0,10m_u_component_of_wind,lower_mesoscale,0.24488440399851638
aifs,mag_0.03_layer_all,72.0,10m_u_component_of_wind,lower_mesoscale,0.2435132277574217
aifs,mag_0.03_layer_all,96.0,10m_u_component_of_wind,lower_mesoscale,0.2371919309742262
aifs,mag_0.03_layer_all,120.0,10m_u_component_of_wind,lower_mesoscale,0.2382945747537151
aifs,mag_0.03_layer_all,144.0,10m_u_component_of_wind,lower_mesoscale,0.2358360882032517
aifs,mag_0.03_layer_all,168.0,10m_u_component_of_wind,lower_mesoscale,0.2422281091055176
aifs,mag_0.03_layer_all,192.0,10m_u_component_of_wind,lower_mesoscale,0.23843683472680646
aifs,mag_0.03_layer_all,216.0,10m_u_component_of_wind,lower_mesoscale,0.23853909275547514
aifs,mag_0.03_layer_all,240.0,10m_u_component_of_wind,lower_mesoscale,0.23642287612007432
aurora,mag_0_layer_all,0.0,10m_v_component_of_wind,planetary,5.343036128491679e-08
aurora,mag_0_layer_all,24.0,10m_v_component_of_wind,planetary,0.006306387374828088
aurora,mag_0_layer_all,48.0,10m_v_component_of_wind,planetary,0.014090129012560846
aurora,mag_0_layer_all,72.0,10m_v_component_of_wind,planetary,0.021668392618403334
aurora,mag_0_layer_all,96.0,10m_v_component_of_wind,planetary,0.05321621127456123
aurora,mag_0_layer_all,120.0,10m_v_component_of_wind,planetary,0.050420949956315096
aurora,mag_0_layer_all,144.0,10m_v_component_of_wind,planetary,0.0536044331455987
aurora,mag_0_layer_all,168.0,10m_v_component_of_wind,planetary,0.07504875908774837
aurora,mag_0_layer_all,192.0,10m_v_component_of_wind,planetary,0.09981117770157376
aurora,mag_0_layer_all,216.0,10m_v_component_of_wind,planetary,0.13618660392516246
aurora,mag_0_layer_all,240.0,10m_v_component_of_wind,planetary,0.1538378842398425
aurora,mag_0_layer_all,0.0,10m_v_component_of_wind,synoptic,1.9361970148988517e-07
aurora,mag_0_layer_all,24.0,10m_v_component_of_wind,synoptic,0.02540947487539026
aurora,mag_0_layer_all,48.0,10m_v_component_of_wind,synoptic,0.03282704088120236
aurora,mag_0_layer_all,72.0,10m_v_component_of_wind,synoptic,0.037660665970151344
aurora,mag_0_layer_all,96.0,10m_v_component_of_wind,synoptic,0.05700143139673561
aurora,mag_0_layer_all,120.0,10m_v_component_of_wind,synoptic,0.046447847383137696
aurora,mag_0_layer_all,144.0,10m_v_component_of_wind,synoptic,0.054107913997803916
aurora,mag_0_layer_all,168.0,10m_v_component_of_wind,synoptic,0.07736793200726505
aurora,mag_0_layer_all,192.0,10m_v_component_of_wind,synoptic,0.06570665292204554
aurora,mag_0_layer_all,216.0,10m_v_component_of_wind,synoptic,0.07770211325219123
aurora,mag_0_layer_all,240.0,10m_v_component_of_wind,synoptic,0.06632223562060151
aurora,mag_0_layer_all,0.0,10m_v_component_of_wind,upper_mesoscale,1.3453310993855246e-06
aurora,mag_0_layer_all,24.0,10m_v_component_of_wind,upper_mesoscale,0.08368209423670915
aurora,mag_0_layer_all,48.0,10m_v_component_of_wind,upper_mesoscale,0.09381236083230843
aurora,mag_0_layer_all,72.0,10m_v_component_of_wind,upper_mesoscale,0.09536718995333957
aurora,mag_0_layer_all,96.0,10m_v_component_of_wind,upper_mesoscale,0.0807195323763016
aurora,mag_0_layer_all,120.0,10m_v_component_of_wind,upper_mesoscale,0.09141592092400543
aurora,mag_0_layer_all,144.0,10m_v_component_of_wind,upper_mesoscale,0.08875402590334884
aurora,mag_0_layer_all,168.0,10m_v_component_of_wind,upper_mesoscale,0.08194825169822094
aurora,mag_0_layer_all,192.0,10m_v_component_of_wind,upper_mesoscale,0.09379457335641524
aurora,mag_0_layer_all,216.0,10m_v_component_of_wind,upper_mesoscale,0.08270831767263487
aurora,mag_0_layer_all,240.0,10m_v_component_of_wind,upper_mesoscale,0.09814574633643565
aurora,mag_0_layer_all,0.0,10m_v_component_of_wind,lower_mesoscale,2.2447907128477064e-05
aurora,mag_0_layer_all,24.0,10m_v_component_of_wind,lower_mesoscale,0.3846337330769222
aurora,mag_0_layer_all,48.0,10m_v_component_of_wind,lower_mesoscale,0.3828265628289489
aurora,mag_0_layer_all,72.0,10m_v_component_of_wind,lower_mesoscale,0.3860054121519458
aurora,mag_0_layer_all,96.0,10m_v_component_of_wind,lower_mesoscale,0.3946650723995734
aurora,mag_0_layer_all,120.0,10m_v_component_of_wind,lower_mesoscale,0.3931739985305628
aurora,mag_0_layer_all,144.0,10m_v_component_of_wind,lower_mesoscale,0.39042114605882955
aurora,mag_0_layer_all,168.0,10m_v_component_of_wind,lower_mesoscale,0.38715160089467854
aurora,mag_0_layer_all,192.0,10m_v_component_of_wind,lower_mesoscale,0.39415346160071674
aurora,mag_0_layer_all,216.0,10m_v_component_of_wind,lower_mesoscale,0.38290927365091165
aurora,mag_0_layer_all,240.0,10m_v_component_of_wind,lower_mesoscale,0.38460112891894266
aurora,mag_0.001_layer_all,0.0,10m_v_component_of_wind,planetary,5.343036128491679e-08
aurora,mag_0.001_layer_all,24.0,10m_v_component_of_wind,planetary,0.0064211595845664144
aurora,mag_0.001_layer_all,48.0,10m_v_component_of_wind,planetary,0.014106250987541546
aurora,mag_0.001_layer_all,72.0,10m_v_component_of_wind,planetary,0.02161454813575382
aurora,mag_0.001_layer_all,96.0,10m_v_component_of_wind,planetary,0.05288932586883056
aurora,mag_0.001_layer_all,120.0,10m_v_component_of_wind,planetary,0.050111119289876445
aurora,mag_0.001_layer_all,144.0,10m_v_component_of_wind,planetary,0.05268589850991975
aurora,mag_0.001_layer_all,168.0,10m_v_component_of_wind,planetary,0.0748837341037295
aurora,mag_0.001_layer_all,192.0,10m_v_component_of_wind,planetary,0.09917518136339946
aurora,mag_0.001_layer_all,216.0,10m_v_component_of_wind,planetary,0.13555625618004674
aurora,mag_0.001_layer_all,240.0,10m_v_component_of_wind,planetary,0.1497187788083335
aurora,mag_0.001_layer_all,0.0,10m_v_component_of_wind,synoptic,1.93619701452503e-07
aurora,mag_0.001_layer_all,24.0,10m_v_component_of_wind,synoptic,0.025349934897993726
aurora,mag_0.001_layer_all,48.0,10m_v_component_of_wind,synoptic,0.03271120247378163
aurora,mag_0.001_layer_all,72.0,10m_v_component_of_wind,synoptic,0.0376806869116472
aurora,mag_0.001_layer_all,96.0,10m_v_component_of_wind,synoptic,0.057196645227816395
aurora,mag_0.001_layer_all,120.0,10m_v_component_of_wind,synoptic,0.046052190418807884
aurora,mag_0.001_layer_all,144.0,10m_v_component_of_wind,synoptic,0.05398398921052311
aurora,mag_0.001_layer_all,168.0,10m_v_component_of_wind,synoptic,0.07627864227163626
aurora,mag_0.001_layer_all,192.0,10m_v_component_of_wind,synoptic,0.06533458159373669
aurora,mag_0.001_layer_all,216.0,10m_v_component_of_wind,synoptic,0.07419037406141496
aurora,mag_0.001_layer_all,240.0,10m_v_component_of_wind,synoptic,0.06270463989706597
aurora,mag_0.001_layer_all,0.0,10m_v_component_of_wind,upper_mesoscale,1.3453310994039677e-06
aurora,mag_0.001_layer_all,24.0,10m_v_component_of_wind,upper_mesoscale,0.0835209762684602
aurora,mag_0.001_layer_all,48.0,10m_v_component_of_wind,upper_mesoscale,0.09357200094147887
aurora,mag_0.001_layer_all,72.0,10m_v_component_of_wind,upper_mesoscale,0.09510714138153807
aurora,mag_0.001_layer_all,96.0,10m_v_component_of_wind,upper_mesoscale,0.08050378759093994
aurora,mag_0.001_layer_all,120.0,10m_v_component_of_wind,upper_mesoscale,0.09116075025934425
aurora,mag_0.001_layer_all,144.0,10m_v_component_of_wind,upper_mesoscale,0.08787825585420138
aurora,mag_0.001_layer_all,168.0,10m_v_component_of_wind,upper_mesoscale,0.08045073569815372
aurora,mag_0.001_layer_all,192.0,10m_v_component_of_wind,upper_mesoscale,0.09050597482019454
aurora,mag_0.001_layer_all,216.0,10m_v_component_of_wind,upper_mesoscale,0.08185730299854388
aurora,mag_0.001_layer_all,240.0,10m_v_component_of_wind,upper_mesoscale,0.0954693156936087
aurora,mag_0.001_layer_all,0.0,10m_v_component_of_wind,lower_mesoscale,2.2447907128478948e-05
aurora,mag_0.001_layer_all,24.0,10m_v_component_of_wind,lower_mesoscale,0.38429584057372945
aurora,mag_0.001_layer_all,48.0,10m_v_component_of_wind,lower_mesoscale,0.38249008901208553
aurora,mag_0.001_layer_all,72.0,10m_v_component_of_wind,lower_mesoscale,0.3857584791867069
aurora,mag_0.001_layer_all,96.0,10m_v_component_of_wind,lower_mesoscale,0.39414914138141754
aurora,mag_0.001_layer_all,120.0,10m_v_component_of_wind,lower_mesoscale,0.3928124581531157
aurora,mag_0.001_layer_all,144.0,10m_v_component_of_wind,lower_mesoscale,0.3899073555377301
aurora,mag_0.001_layer_all,168.0,10m_v_component_of_wind,lower_mesoscale,0.38648706332461
aurora,mag_0.001_layer_all,192.0,10m_v_component_of_wind,lower_mesoscale,0.3918468739888846
aurora,mag_0.001_layer_all,216.0,10m_v_component_of_wind,lower_mesoscale,0.384040261452565
aurora,mag_0.001_layer_all,240.0,10m_v_component_of_wind,lower_mesoscale,0.3840908479715306
aurora,mag_0.003_layer_all,0.0,10m_v_component_of_wind,planetary,5.343036128491679e-08
aurora,mag_0.003_layer_all,24.0,10m_v_component_of_wind,planetary,0.006524961014260524
aurora,mag_0.003_layer_all,48.0,10m_v_component_of_wind,planetary,0.014192137013435165
aurora,mag_0.003_layer_all,72.0,10m_v_component_of_wind,planetary,0.02168884499566587
aurora,mag_0.003_layer_all,96.0,10m_v_component_of_wind,planetary,0.052290363544128374
aurora,mag_0.003_layer_all,120.0,10m_v_component_of_wind,planetary,0.04919747184966841
aurora,mag_0.003_layer_all,144.0,10m_v_component_of_wind,planetary,0.050319033352047675
aurora,mag_0.003_layer_all,168.0,10m_v_component_of_wind,planetary,0.0738445367725854
aurora,mag_0.003_layer_all,192.0,10m_v_component_of_wind,planetary,0.09591370249358373
aurora,mag_0.003_layer_all,216.0,10m_v_component_of_wind,planetary,0.13337163850030173
aurora,mag_0.003_layer_all,240.0,10m_v_component_of_wind,planetary,0.13777475444630413
aurora,mag_0.003_layer_all,0.0,10m_v_component_of_wind,synoptic,1.93619701452503e-07
aurora,mag_0.003_layer_all,24.0,10m_v_component_of_wind,synoptic,0.025247564922545738
aurora,mag_0.003_layer_all,48.0,10m_v_component_of_wind,synoptic,0.032480001812842316
aurora,mag_0.003_layer_all,72.0,10m_v_component_of_wind,synoptic,0.037486900813061774
aurora,mag_0.003_layer_all,96.0,10m_v_component_of_wind,synoptic,0.057342175180492706
aurora,mag_0.003_layer_all,120.0,10m_v_component_of_wind,synoptic,0.0456313830203741
aurora,mag_0.003_layer_all,144.0,10m_v_component_of_wind,synoptic,0.05249069126175137
aurora,mag_0.003_layer_all,168.0,10m_v_component_of_wind,synoptic,0.07252280737700022
aurora,mag_0.003_layer_all,192.0,10m_v_component_of_wind,synoptic,0.06497133456179253
aurora,mag_0.003_layer_all,216.0,10m_v_component_of_wind,synoptic,0.06492508719616921
aurora,mag_0.003_layer_all,240.0,10m_v_component_of_wind,synoptic,0.059977458461998354
aurora,mag_0.003_layer_all,0.0,10m_v_component_of_wind,upper_mesoscale,1.3453310994039677e-06
aurora,mag_0.003_layer_all,24.0,10m_v_component_of_wind,upper_mesoscale,0.08324848652098944
aurora,mag_0.003_layer_all,48.0,10m_v_component_of_wind,upper_mesoscale,0.09312300572749896
aurora,mag_0.003_layer_all,72.0,10m_v_component_of_wind,upper_mesoscale,0.09460337947676359
aurora,mag_0.003_layer_all,96.0,10m_v_component_of_wind,upper_mesoscale,0.08026338795748696
aurora,mag_0.003_layer_all,120.0,10m_v_component_of_wind,upper_mesoscale,0.08963167209405533
aurora,mag_0.003_layer_all,144.0,10m_v_component_of_wind,upper_mesoscale,0.08676412888314675
aurora,mag_0.003_layer_all,168.0,10m_v_component_of_wind,upper_mesoscale,0.07972111109387975
aurora,mag_0.003_layer_all,192.0,10m_v_component_of_wind,upper_mesoscale,0.09102035688590386
aurora,mag_0.003_layer_all,216.0,10m_v_component_of_wind,upper_mesoscale,0.0798033498785265
aurora,mag_0.003_layer_all,240.0,10m_v_component_of_wind,upper_mesoscale,0.09263602906399611
aurora,mag_0.003_layer_all,0.0,10m_v_component_of_wind,lower_mesoscale,2.2447907128478948e-05
aurora,mag_0.003_layer_all,24.0,10m_v_component_of_wind,lower_mesoscale,0.38223646772624625
aurora,mag_0.003_layer_all,48.0,10m_v_component_of_wind,lower_mesoscale,0.380259065864163
aurora,mag_0.003_layer_all,72.0,10m_v_component_of_wind,lower_mesoscale,0.3848636081658697
aurora,mag_0.003_layer_all,96.0,10m_v_component_of_wind,lower_mesoscale,0.39216899991995574
aurora,mag_0.003_layer_all,120.0,10m_v_component_of_wind,lower_mesoscale,0.390242887862411
aurora,mag_0.003_layer_all,144.0,10m_v_component_of_wind,lower_mesoscale,0.3880389640656471
aurora,mag_0.003_layer_all,168.0,10m_v_component_of_wind,lower_mesoscale,0.3821518905539087
aurora,mag_0.003_layer_all,192.0,10m_v_component_of_wind,lower_mesoscale,0.39054075627862495
aurora,mag_0.003_layer_all,216.0,10m_v_component_of_wind,lower_mesoscale,0.38187497451756985
aurora,mag_0.003_layer_all,240.0,10m_v_component_of_wind,lower_mesoscale,0.38277060584506556
aurora,mag_0.01_layer_all,0.0,10m_v_component_of_wind,planetary,5.343036128491679e-08
aurora,mag_0.01_layer_all,24.0,10m_v_component_of_wind,planetary,0.006729151610434342
aurora,mag_0.01_layer_all,48.0,10m_v_component_of_wind,planetary,0.014486209069194305
aurora,mag_0.01_layer_all,72.0,10m_v_component_of_wind,planetary,0.02239634856855926
aurora,mag_0.01_layer_all,96.0,10m_v_component_of_wind,planetary,0.049561298637647716
aurora,mag_0.01_layer_all,120.0,10m_v_component_of_wind,planetary,0.049234866191312
aurora,mag_0.01_layer_all,144.0,10m_v_component_of_wind,planetary,0.04604441350585973
aurora,mag_0.01_layer_all,168.0,10m_v_component_of_wind,planetary,0.06696718824177425
aurora,mag_0.01_layer_all,192.0,10m_v_component_of_wind,planetary,0.07776883506425403
aurora,mag_0.01_layer_all,216.0,10m_v_component_of_wind,planetary,0.11484522186970805
aurora,mag_0.01_layer_all,240.0,10m_v_component_of_wind,planetary,0.11660930953776805
aurora,mag_0.01_layer_all,0.0,10m_v_component_of_wind,synoptic,1.93619701452503e-07
aurora,mag_0.01_layer_all,24.0,10m_v_component_of_wind,synoptic,0.025114919420829263
aurora,mag_0.01_layer_all,48.0,10m_v_component_of_wind,synoptic,0.03221838557299967
aurora,mag_0.01_layer_all,72.0,10m_v_component_of_wind,synoptic,0.03659602807707049
aurora,mag_0.01_layer_all,96.0,10m_v_component_of_wind,synoptic,0.05681843359341016
aurora,mag_0.01_layer_all,120.0,10m_v_component_of_wind,synoptic,0.04729521866764773
aurora,mag_0.01_layer_all,144.0,10m_v_component_of_wind,synoptic,0.0478178560724886
aurora,mag_0.01_layer_all,168.0,10m_v_component_of_wind,synoptic,0.06649008979579542
aurora,mag_0.01_layer_all,192.0,10m_v_component_of_wind,synoptic,0.0653047277902976
aurora,mag_0.01_layer_all,216.0,10m_v_component_of_wind,synoptic,0.07047046466538608
aurora,mag_0.01_layer_all,240.0,10m_v_component_of_wind,synoptic,0.06111840702896243
aurora,mag_0.01_layer_all,0.0,10m_v_component_of_wind,upper_mesoscale,1.3453310994039677e-06
aurora,mag_0.01_layer_all,24.0,10m_v_component_of_wind,upper_mesoscale,0.08279850400690483
aurora,mag_0.01_layer_all,48.0,10m_v_component_of_wind,upper_mesoscale,0.0921680551436957
aurora,mag_0.01_layer_all,72.0,10m_v_component_of_wind,upper_mesoscale,0.09267924397036237
aurora,mag_0.01_layer_all,96.0,10m_v_component_of_wind,upper_mesoscale,0.08110415322890162
aurora,mag_0.01_layer_all,120.0,10m_v_component_of_wind,upper_mesoscale,0.08602670928970123
aurora,mag_0.01_layer_all,144.0,10m_v_component_of_wind,upper_mesoscale,0.08703995107077613
aurora,mag_0.01_layer_all,168.0,10m_v_component_of_wind,upper_mesoscale,0.08070787340887887
aurora,mag_0.01_layer_all,192.0,10m_v_component_of_wind,upper_mesoscale,0.10049231141556185
aurora,mag_0.01_layer_all,216.0,10m_v_component_of_wind,upper_mesoscale,0.08728320740853966
aurora,mag_0.01_layer_all,240.0,10m_v_component_of_wind,upper_mesoscale,0.09027031330069336
aurora,mag_0.01_layer_all,0.0,10m_v_component_of_wind,lower_mesoscale,2.2447907128478948e-05
aurora,mag_0.01_layer_all,24.0,10m_v_component_of_wind,lower_mesoscale,0.37195453879958723
aurora,mag_0.01_layer_all,48.0,10m_v_component_of_wind,lower_mesoscale,0.36885344037081147
aurora,mag_0.01_layer_all,72.0,10m_v_component_of_wind,lower_mesoscale,0.3768159252380057
aurora,mag_0.01_layer_all,96.0,10m_v_component_of_wind,lower_mesoscale,0.3790299402350414
aurora,mag_0.01_layer_all,120.0,10m_v_component_of_wind,lower_mesoscale,0.37734119734099625
aurora,mag_0.01_layer_all,144.0,10m_v_component_of_wind,lower_mesoscale,0.37684694259460955
aurora,mag_0.01_layer_all,168.0,10m_v_component_of_wind,lower_mesoscale,0.3718834155067357
aurora,mag_0.01_layer_all,192.0,10m_v_component_of_wind,lower_mesoscale,0.38328358258672923
aurora,mag_0.01_layer_all,216.0,10m_v_component_of_wind,lower_mesoscale,0.3731731786257419
aurora,mag_0.01_layer_all,240.0,10m_v_component_of_wind,lower_mesoscale,0.3731180785358549
aurora,mag_0.03_layer_all,0.0,10m_v_component_of_wind,planetary,5.343036128491679e-08
aurora,mag_0.03_layer_all,24.0,10m_v_component_of_wind,planetary,0.005627856257523275
aurora,mag_0.03_layer_all,48.0,10m_v_component_of_wind,planetary,0.015137251785119557
aurora,mag_0.03_layer_all,72.0,10m_v_component_of_wind,planetary,0.030128729642796403
aurora,mag_0.03_layer_all,96.0,10m_v_component_of_wind,planetary,0.04877645269084431
aurora,mag_0.03_layer_all,120.0,10m_v_component_of_wind,planetary,0.05671972131913261
aurora,mag_0.03_layer_all,144.0,10m_v_component_of_wind,planetary,0.05198863788578301
aurora,mag_0.03_layer_all,168.0,10m_v_component_of_wind,planetary,0.06704845586749161
aurora,mag_0.03_layer_all,192.0,10m_v_component_of_wind,planetary,0.07425830542777277
aurora,mag_0.03_layer_all,216.0,10m_v_component_of_wind,planetary,0.11313359544992027
aurora,mag_0.03_layer_all,240.0,10m_v_component_of_wind,planetary,0.09438936793665731
aurora,mag_0.03_layer_all,0.0,10m_v_component_of_wind,synoptic,1.93619701452503e-07
aurora,mag_0.03_layer_all,24.0,10m_v_component_of_wind,synoptic,0.026992145985453603
aurora,mag_0.03_layer_all,48.0,10m_v_component_of_wind,synoptic,0.035619513735246584
aurora,mag_0.03_layer_all,72.0,10m_v_component_of_wind,synoptic,0.041442831410339956
aurora,mag_0.03_layer_all,96.0,10m_v_component_of_wind,synoptic,0.06384486035020824
aurora,mag_0.03_layer_all,120.0,10m_v_component_of_wind,synoptic,0.06388971622255733
aurora,mag_0.03_layer_all,144.0,10m_v_component_of_wind,synoptic,0.054599122176622994
aurora,mag_0.03_layer_all,168.0,10m_v_component_of_wind,synoptic,0.07290459245388321
aurora,mag_0.03_layer_all,192.0,10m_v_component_of_wind,synoptic,0.08761698153431158
aurora,mag_0.03_layer_all,216.0,10m_v_component_of_wind,synoptic,0.09488095789496723
aurora,mag_0.03_layer_all,240.0,10m_v_component_of_wind,synoptic,0.07159260549143408
aurora,mag_0.03_layer_all,0.0,10m_v_component_of_wind,upper_mesoscale,1.3453310994039677e-06
aurora,mag_0.03_layer_all,24.0,10m_v_component_of_wind,upper_mesoscale,0.08577894113801399
aurora,mag_0.03_layer_all,48.0,10m_v_component_of_wind,upper_mesoscale,0.09607383254681456
aurora,mag_0.03_layer_all,72.0,10m_v_component_of_wind,upper_mesoscale,0.09791362511071922
aurora,mag_0.03_layer_all,96.0,10m_v_component_of_wind,upper_mesoscale,0.0957363758070259
aurora,mag_0.03_layer_all,120.0,10m_v_component_of_wind,upper_mesoscale,0.10056323634565097
aurora,mag_0.03_layer_all,144.0,10m_v_component_of_wind,upper_mesoscale,0.09014283424270014
aurora,mag_0.03_layer_all,168.0,10m_v_component_of_wind,upper_mesoscale,0.09281651444104762
aurora,mag_0.03_layer_all,192.0,10m_v_component_of_wind,upper_mesoscale,0.11672811506558647
aurora,mag_0.03_layer_all,216.0,10m_v_component_of_wind,upper_mesoscale,0.09631472890998488
aurora,mag_0.03_layer_all,240.0,10m_v_component_of_wind,upper_mesoscale,0.10967495576125576
aurora,mag_0.03_layer_all,0.0,10m_v_component_of_wind,lower_mesoscale,2.2447907128478948e-05
aurora,mag_0.03_layer_all,24.0,10m_v_component_of_wind,lower_mesoscale,0.3483773898629335
aurora,mag_0.03_layer_all,48.0,10m_v_component_of_wind,lower_mesoscale,0.3473453690377903
aurora,mag_0.03_layer_all,72.0,10m_v_component_of_wind,lower_mesoscale,0.34998603282409857
aurora,mag_0.03_layer_all,96.0,10m_v_component_of_wind,lower_mesoscale,0.35451523378204297
aurora,mag_0.03_layer_all,120.0,10m_v_component_of_wind,lower_mesoscale,0.3580381160380661
aurora,mag_0.03_layer_all,144.0,10m_v_component_of_wind,lower_mesoscale,0.35441207032054795
aurora,mag_0.03_layer_all,168.0,10m_v_component_of_wind,lower_mesoscale,0.3520647736768458
aurora,mag_0.03_layer_all,192.0,10m_v_component_of_wind,lower_mesoscale,0.36200640683195207
aurora,mag_0.03_layer_all,216.0,10m_v_component_of_wind,lower_mesoscale,0.35299575504692315
aurora,mag_0.03_layer_all,240.0,10m_v_component_of_wind,lower_mesoscale,0.356101844880344
aurora,mag_0.1_layer_all,0.0,10m_v_component_of_wind,planetary,5.343036128491679e-08
aurora,mag_0.1_layer_all,24.0,10m_v_component_of_wind,planetary,0.02746165535401209
aurora,mag_0.1_layer_all,48.0,10m_v_component_of_wind,planetary,0.06491527628041097
aurora,mag_0.1_layer_all,72.0,10m_v_component_of_wind,planetary,0.09527083181693966
aurora,mag_0.1_layer_all,96.0,10m_v_component_of_wind,planetary,0.09973176063211842
aurora,mag_0.1_layer_all,120.0,10m_v_component_of_wind,planetary,0.11329646004041347
aurora,mag_0.1_layer_all,144.0,10m_v_component_of_wind,planetary,0.11587247102292583
aurora,mag_0.1_layer_all,168.0,10m_v_component_of_wind,planetary,0.12195029167909642
aurora,mag_0.1_layer_all,192.0,10m_v_component_of_wind,planetary,0.16262007175035934
aurora,mag_0.1_layer_all,216.0,10m_v_component_of_wind,planetary,0.16939416071235486
aurora,mag_0.1_layer_all,240.0,10m_v_component_of_wind,planetary,0.14110688831438464
aurora,mag_0.1_layer_all,0.0,10m_v_component_of_wind,synoptic,1.93619701452503e-07
aurora,mag_0.1_layer_all,24.0,10m_v_component_of_wind,synoptic,0.076841925532222
aurora,mag_0.1_layer_all,48.0,10m_v_component_of_wind,synoptic,0.11508703202850622
aurora,mag_0.1_layer_all,72.0,10m_v_component_of_wind,synoptic,0.11633177755746918
aurora,mag_0.1_layer_all,96.0,10m_v_component_of_wind,synoptic,0.1550297580505954
aurora,mag_0.1_layer_all,120.0,10m_v_component_of_wind,synoptic,0.1615778562401753
aurora,mag_0.1_layer_all,144.0,10m_v_component_of_wind,synoptic,0.1366268920829728
aurora,mag_0.1_layer_all,168.0,10m_v_component_of_wind,synoptic,0.15567581139856715
aurora,mag_0.1_layer_all,192.0,10m_v_component_of_wind,synoptic,0.18377095895439732
aurora,mag_0.1_layer_all,216.0,10m_v_component_of_wind,synoptic,0.19271393524271263
aurora,mag_0.1_layer_all,240.0,10m_v_component_of_wind,synoptic,0.1804213779724359
aurora,mag_0.1_layer_all,0.0,10m_v_component_of_wind,upper_mesoscale,1.3453310994039677e-06
aurora,mag_0.1_layer_all,24.0,10m_v_component_of_wind,upper_mesoscale,0.13425346450275244
aurora,mag_0.1_layer_all,48.0,10m_v_component_of_wind,upper_mesoscale,0.1640736971499601
aurora,mag_0.1_layer_all,72.0,10m_v_component_of_wind,upper_mesoscale,0.16741877345707368
aurora,mag_0.1_layer_all,96.0,10m_v_component_of_wind,upper_mesoscale,0.18218495731607423
aurora,mag_0.1_layer_all,120.0,10m_v_component_of_wind,upper_mesoscale,0.18088047115181866
aurora,mag_0.1_layer_all,144.0,10m_v_component_of_wind,upper_mesoscale,0.16357571266497958
aurora,mag_0.1_layer_all,168.0,10m_v_component_of_wind,upper_mesoscale,0.16533150431843358
aurora,mag_0.1_layer_all,192.0,10m_v_component_of_wind,upper_mesoscale,0.19864526550070052
aurora,mag_0.1_layer_all,216.0,10m_v_component_of_wind,upper_mesoscale,0.1748217712232951
aurora,mag_0.1_layer_all,240.0,10m_v_component_of_wind,upper_mesoscale,0.19208199599576475
aurora,mag_0.1_layer_all,0.0,10m_v_component_of_wind,lower_mesoscale,2.2447907128478948e-05
aurora,mag_0.1_layer_all,24.0,10m_v_component_of_wind,lower_mesoscale,0.457754619464361
aurora,mag_0.1_layer_all,48.0,10m_v_component_of_wind,lower_mesoscale,0.45871044757233487
aurora,mag_0.1_layer_all,72.0,10m_v_component_of_wind,lower_mesoscale,0.456335295577898
aurora,mag_0.1_layer_all,96.0,10m_v_component_of_wind,lower_mesoscale,0.45450154336893495
aurora,mag_0.1_layer_all,120.0,10m_v_component_of_wind,lower_mesoscale,0.4580397542511415
aurora,mag_0.1_layer_all,144.0,10m_v_component_of_wind,lower_mesoscale,0.45951660595706617
aurora,mag_0.1_layer_all,168.0,10m_v_component_of_wind,lower_mesoscale,0.4617678826996074
aurora,mag_0.1_layer_all,192.0,10m_v_component_of_wind,lower_mesoscale,0.4597670753006832
aurora,mag_0.1_layer_all,216.0,10m_v_component_of_wind,lower_mesoscale,0.46094343468582827
aurora,mag_0.1_layer_all,240.0,10m_v_component_of_wind,lower_mesoscale,0.4664144993741112
graphcast_operational,mag_0_layer_all,0.0,10m_v_component_of_wind,planetary,5.343036128491679e-08
graphcast_operational,mag_0_layer_all,24.0,10m_v_component_of_wind,planetary,0.0037555520449436305
graphcast_operational,mag_0_layer_all,48.0,10m_v_component_of_wind,planetary,0.009168889619712385
graphcast_operational,mag_0_layer_all,72.0,10m_v_component_of_wind,planetary,0.012576064604514952
graphcast_operational,mag_0_layer_all,96.0,10m_v_component_of_wind,planetary,0.039981814874506486
graphcast_operational,mag_0_layer_all,120.0,10m_v_component_of_wind,planetary,0.06178402713773661
graphcast_operational,mag_0_layer_all,144.0,10m_v_component_of_wind,planetary,0.07897208279671601
graphcast_operational,mag_0_layer_all,168.0,10m_v_component_of_wind,planetary,0.05501258263017665
graphcast_operational,mag_0_layer_all,192.0,10m_v_component_of_wind,planetary,0.12039656124945042
graphcast_operational,mag_0_layer_all,216.0,10m_v_component_of_wind,planetary,0.11145090112323697
graphcast_operational,mag_0_layer_all,240.0,10m_v_component_of_wind,planetary,0.1770805025567922
graphcast_operational,mag_0_layer_all,0.0,10m_v_component_of_wind,synoptic,1.9361970148988517e-07
graphcast_operational,mag_0_layer_all,24.0,10m_v_component_of_wind,synoptic,0.06592733297531227
graphcast_operational,mag_0_layer_all,48.0,10m_v_component_of_wind,synoptic,0.09146817166043565
graphcast_operational,mag_0_layer_all,72.0,10m_v_component_of_wind,synoptic,0.10206043086442788
graphcast_operational,mag_0_layer_all,96.0,10m_v_component_of_wind,synoptic,0.13434954252412792
graphcast_operational,mag_0_layer_all,120.0,10m_v_component_of_wind,synoptic,0.13449897095272384
graphcast_operational,mag_0_layer_all,144.0,10m_v_component_of_wind,synoptic,0.1521161383373688
graphcast_operational,mag_0_layer_all,168.0,10m_v_component_of_wind,synoptic,0.13491555217837473
graphcast_operational,mag_0_layer_all,192.0,10m_v_component_of_wind,synoptic,0.18301668768915613
graphcast_operational,mag_0_layer_all,216.0,10m_v_component_of_wind,synoptic,0.16150208374586467
graphcast_operational,mag_0_layer_all,240.0,10m_v_component_of_wind,synoptic,0.15814512296334088
graphcast_operational,mag_0_layer_all,0.0,10m_v_component_of_wind,upper_mesoscale,1.3453310993855246e-06
graphcast_operational,mag_0_layer_all,24.0,10m_v_component_of_wind,upper_mesoscale,0.17998670400353986
graphcast_operational,mag_0_layer_all,48.0,10m_v_component_of_wind,upper_mesoscale,0.21596853607011265
graphcast_operational,mag_0_layer_all,72.0,10m_v_component_of_wind,upper_mesoscale,0.22957347297256905
graphcast_operational,mag_0_layer_all,96.0,10m_v_component_of_wind,upper_mesoscale,0.23656238789408926
graphcast_operational,mag_0_layer_all,120.0,10m_v_component_of_wind,upper_mesoscale,0.25246171509296705
graphcast_operational,mag_0_layer_all,144.0,10m_v_component_of_wind,upper_mesoscale,0.25730085401363456
graphcast_operational,mag_0_layer_all,168.0,10m_v_component_of_wind,upper_mesoscale,0.24775775732415864
graphcast_operational,mag_0_layer_all,192.0,10m_v_component_of_wind,upper_mesoscale,0.26383519768685937
graphcast_operational,mag_0_layer_all,216.0,10m_v_component_of_wind,upper_mesoscale,0.2407940840338854
graphcast_operational,mag_0_layer_all,240.0,10m_v_component_of_wind,upper_mesoscale,0.26659408740971025
graphcast_operational,mag_0_layer_all,0.0,10m_v_component_of_wind,lower_mesoscale,2.2447907128477064e-05
graphcast_operational,mag_0_layer_all,24.0,10m_v_component_of_wind,lower_mesoscale,0.10663592815877593
graphcast_operational,mag_0_layer_all,48.0,10m_v_component_of_wind,lower_mesoscale,0.09601034493072137
graphcast_operational,mag_0_layer_all,72.0,10m_v_component_of_wind,lower_mesoscale,0.0954666755432301
graphcast_operational,mag_0_layer_all,96.0,10m_v_component_of_wind,lower_mesoscale,0.11026906509056772
graphcast_operational,mag_0_layer_all,120.0,10m_v_component_of_wind,lower_mesoscale,0.10536963203365833
graphcast_operational,mag_0_layer_all,144.0,10m_v_component_of_wind,lower_mesoscale,0.09192640961158584
graphcast_operational,mag_0_layer_all,168.0,10m_v_component_of_wind,lower_mesoscale,0.08874479098573018
graphcast_operational,mag_0_layer_all,192.0,10m_v_component_of_wind,lower_mesoscale,0.09306197780797745
graphcast_operational,mag_0_layer_all,216.0,10m_v_component_of_wind,lower_mesoscale,0.08770849809580467
graphcast_operational,mag_0_layer_all,240.0,10m_v_component_of_wind,lower_mesoscale,0.08825752126710115
graphcast_operational,mag_0.001_layer_all,0.0,10m_v_component_of_wind,planetary,5.343036128491679e-08
graphcast_operational,mag_0.001_layer_all,24.0,10m_v_component_of_wind,planetary,0.0034054591446568768
graphcast_operational,mag_0.001_layer_all,48.0,10m_v_component_of_wind,planetary,0.008863012890424076
graphcast_operational,mag_0.001_layer_all,72.0,10m_v_component_of_wind,planetary,0.010416203131643246
graphcast_operational,mag_0.001_layer_all,96.0,10m_v_component_of_wind,planetary,0.03880240466986223
graphcast_operational,mag_0.001_layer_all,120.0,10m_v_component_of_wind,planetary,0.0646109902050707
graphcast_operational,mag_0.001_layer_all,144.0,10m_v_component_of_wind,planetary,0.08295433965656215
graphcast_operational,mag_0.001_layer_all,168.0,10m_v_component_of_wind,planetary,0.05424227832065914
graphcast_operational,mag_0.001_layer_all,192.0,10m_v_component_of_wind,planetary,0.10753590552871452
graphcast_operational,mag_0.001_layer_all,216.0,10m_v_component_of_wind,planetary,0.09518070475380039
graphcast_operational,mag_0.001_layer_all,240.0,10m_v_component_of_wind,planetary,0.13225999071413636
graphcast_operational,mag_0.001_layer_all,0.0,10m_v_component_of_wind,synoptic,1.93619701452503e-07
graphcast_operational,mag_0.001_layer_all,24.0,10m_v_component_of_wind,synoptic,0.06601465737948604
graphcast_operational,mag_0.001_layer_all,48.0,10m_v_component_of_wind,synoptic,0.09102342971313511
graphcast_operational,mag_0.001_layer_all,72.0,10m_v_component_of_wind,synoptic,0.10165888198440338
graphcast_operational,mag_0.001_layer_all,96.0,10m_v_component_of_wind,synoptic,0.13207104275989595
graphcast_operational,mag_0.001_layer_all,120.0,10m_v_component_of_wind,synoptic,0.12901245163974506
graphcast_operational,mag_0.001_layer_all,144.0,10m_v_component_of_wind,synoptic,0.14478814043787439
graphcast_operational,mag_0.001_layer_all,168.0,10m_v_component_of_wind,synoptic,0.1344876432247563
graphcast_operational,mag_0.001_layer_all,192.0,10m_v_component_of_wind,synoptic,0.16952319433101828
graphcast_operational,mag_0.001_layer_all,216.0,10m_v_component_of_wind,synoptic,0.1441370878124467
graphcast_operational,mag_0.001_layer_all,240.0,10m_v_component_of_wind,synoptic,0.14367366742684837
graphcast_operational,mag_0.001_layer_all,0.0,10m_v_component_of_wind,upper_mesoscale,1.3453310994039677e-06
graphcast_operational,mag_0.001_layer_all,24.0,10m_v_component_of_wind,upper_mesoscale,0.181261351415354
graphcast_operational,mag_0.001_layer_all,48.0,10m_v_component_of_wind,upper_mesoscale,0.21708734462755777
graphcast_operational,mag_0.001_layer_all,72.0,10m_v_component_of_wind,upper_mesoscale,0.22871507395753812
graphcast_operational,mag_0.001_layer_all,96.0,10m_v_component_of_wind,upper_mesoscale,0.23435212256086868
graphcast_operational,mag_0.001_layer_all,120.0,10m_v_component_of_wind,upper_mesoscale,0.25003039916507924
graphcast_operational,mag_0.001_layer_all,144.0,10m_v_component_of_wind,upper_mesoscale,0.25307391247878797
graphcast_operational,mag_0.001_layer_all,168.0,10m_v_component_of_wind,upper_mesoscale,0.24289897751261774
graphcast_operational,mag_0.001_layer_all,192.0,10m_v_component_of_wind,upper_mesoscale,0.2565004730804244
graphcast_operational,mag_0.001_layer_all,216.0,10m_v_component_of_wind,upper_mesoscale,0.23192776525666786
graphcast_operational,mag_0.001_layer_all,240.0,10m_v_component_of_wind,upper_mesoscale,0.2554445207011747
graphcast_operational,mag_0.001_layer_all,0.0,10m_v_component_of_wind,lower_mesoscale,2.2447907128478948e-05
graphcast_operational,mag_0.001_layer_all,24.0,10m_v_component_of_wind,lower_mesoscale,0.10599049127355469
graphcast_operational,mag_0.001_layer_all,48.0,10m_v_component_of_wind,lower_mesoscale,0.09508191575721545
graphcast_operational,mag_0.001_layer_all,72.0,10m_v_component_of_wind,lower_mesoscale,0.09471267290424225
graphcast_operational,mag_0.001_layer_all,96.0,10m_v_component_of_wind,lower_mesoscale,0.10916947084300405
graphcast_operational,mag_0.001_layer_all,120.0,10m_v_component_of_wind,lower_mesoscale,0.10389631941799757
graphcast_operational,mag_0.001_layer_all,144.0,10m_v_component_of_wind,lower_mesoscale,0.08996290478355855
graphcast_operational,mag_0.001_layer_all,168.0,10m_v_component_of_wind,lower_mesoscale,0.0870620486708522
graphcast_operational,mag_0.001_layer_all,192.0,10m_v_component_of_wind,lower_mesoscale,0.090745669927458
graphcast_operational,mag_0.001_layer_all,216.0,10m_v_component_of_wind,lower_mesoscale,0.08796093723823391
graphcast_operational,mag_0.001_layer_all,240.0,10m_v_component_of_wind,lower_mesoscale,0.08671258840678078
graphcast_operational,mag_0.003_layer_all,0.0,10m_v_component_of_wind,planetary,5.343036128491679e-08
graphcast_operational,mag_0.003_layer_all,24.0,10m_v_component_of_wind,planetary,0.004000175751698007
graphcast_operational,mag_0.003_layer_all,48.0,10m_v_component_of_wind,planetary,0.009323560257776404
graphcast_operational,mag_0.003_layer_all,72.0,10m_v_component_of_wind,planetary,0.007911834374837523
graphcast_operational,mag_0.003_layer_all,96.0,10m_v_component_of_wind,planetary,0.03761533567801427
graphcast_operational,mag_0.003_layer_all,120.0,10m_v_component_of_wind,planetary,0.06625818069719307
graphcast_operational,mag_0.003_layer_all,144.0,10m_v_component_of_wind,planetary,0.0830217048305408
graphcast_operational,mag_0.003_layer_all,168.0,10m_v_component_of_wind,planetary,0.05264676702436061
graphcast_operational,mag_0.003_layer_all,192.0,10m_v_component_of_wind,planetary,0.08041921386767849
graphcast_operational,mag_0.003_layer_all,216.0,10m_v_component_of_wind,planetary,0.076782376616762
graphcast_operational,mag_0.003_layer_all,240.0,10m_v_component_of_wind,planetary,0.12409198284110094
graphcast_operational,mag_0.003_layer_all,0.0,10m_v_component_of_wind,synoptic,1.93619701452503e-07
graphcast_operational,mag_0.003_layer_all,24.0,10m_v_component_of_wind,synoptic,0.0655051717728497
graphcast_operational,mag_0.003_layer_all,48.0,10m_v_component_of_wind,synoptic,0.08996920468442511
graphcast_operational,mag_0.003_layer_all,72.0,10m_v_component_of_wind,synoptic,0.1007164565356684
graphcast_operational,mag_0.003_layer_all,96.0,10m_v_component_of_wind,synoptic,0.13144677701345273
graphcast_operational,mag_0.003_layer_all,120.0,10m_v_component_of_wind,synoptic,0.12878151694829323
graphcast_operational,mag_0.003_layer_all,144.0,10m_v_component_of_wind,synoptic,0.13638517977750556
graphcast_operational,mag_0.003_layer_all,168.0,10m_v_component_of_wind,synoptic,0.13349033653860942
graphcast_operational,mag_0.003_layer_all,192.0,10m_v_component_of_wind,synoptic,0.17163744005097886
graphcast_operational,mag_0.003_layer_all,216.0,10m_v_component_of_wind,synoptic,0.14578935252548048
graphcast_operational,mag_0.003_layer_all,240.0,10m_v_component_of_wind,synoptic,0.14132591198424027
graphcast_operational,mag_0.003_layer_all,0.0,10m_v_component_of_wind,upper_mesoscale,1.3453310994039677e-06
graphcast_operational,mag_0.003_layer_all,24.0,10m_v_component_of_wind,upper_mesoscale,0.1808385670799687
graphcast_operational,mag_0.003_layer_all,48.0,10m_v_component_of_wind,upper_mesoscale,0.2160485527313162
graphcast_operational,mag_0.003_layer_all,72.0,10m_v_component_of_wind,upper_mesoscale,0.2265662890183969
graphcast_operational,mag_0.003_layer_all,96.0,10m_v_component_of_wind,upper_mesoscale,0.2326190270025229
graphcast_operational,mag_0.003_layer_all,120.0,10m_v_component_of_wind,upper_mesoscale,0.2479243306878122
graphcast_operational,mag_0.003_layer_all,144.0,10m_v_component_of_wind,upper_mesoscale,0.24728720502519144
graphcast_operational,mag_0.003_layer_all,168.0,10m_v_component_of_wind,upper_mesoscale,0.2410576180287175
graphcast_operational,mag_0.003_layer_all,192.0,10m_v_component_of_wind,upper_mesoscale,0.2588814127404323
graphcast_operational,mag_0.003_layer_all,216.0,10m_v_component_of_wind,upper_mesoscale,0.23509013391539607
graphcast_operational,mag_0.003_layer_all,240.0,10m_v_component_of_wind,upper_mesoscale,0.2535151871444951
graphcast_operational,mag_0.003_layer_all,0.0,10m_v_component_of_wind,lower_mesoscale,2.2447907128478948e-05
graphcast_operational,mag_0.003_layer_all,24.0,10m_v_component_of_wind,lower_mesoscale,0.10634084749695033
graphcast_operational,mag_0.003_layer_all,48.0,10m_v_component_of_wind,lower_mesoscale,0.09421285538593016
graphcast_operational,mag_0.003_layer_all,72.0,10m_v_component_of_wind,lower_mesoscale,0.0940043615191062
graphcast_operational,mag_0.003_layer_all,96.0,10m_v_component_of_wind,lower_mesoscale,0.10833321455410111
graphcast_operational,mag_0.003_layer_all,120.0,10m_v_component_of_wind,lower_mesoscale,0.10392954486368106
graphcast_operational,mag_0.003_layer_all,144.0,10m_v_component_of_wind,lower_mesoscale,0.08914238731655796
graphcast_operational,mag_0.003_layer_all,168.0,10m_v_component_of_wind,lower_mesoscale,0.08648014584358565
graphcast_operational,mag_0.003_layer_all,192.0,10m_v_component_of_wind,lower_mesoscale,0.09183176141932001
graphcast_operational,mag_0.003_layer_all,216.0,10m_v_component_of_wind,lower_mesoscale,0.08869493331213975
graphcast_operational,mag_0.003_layer_all,240.0,10m_v_component_of_wind,lower_mesoscale,0.0858482704495666
graphcast_operational,mag_0.01_layer_all,0.0,10m_v_component_of_wind,planetary,5.343036128491679e-08
graphcast_operational,mag_0.01_layer_all,24.0,10m_v_component_of_wind,planetary,0.004551502823227345
graphcast_operational,mag_0.01_layer_all,48.0,10m_v_component_of_wind,planetary,0.010619057515766145
graphcast_operational,mag_0.01_layer_all,72.0,10m_v_component_of_wind,planetary,0.006498535119720924
graphcast_operational,mag_0.01_layer_all,96.0,10m_v_component_of_wind,planetary,0.03604532447331658
graphcast_operational,mag_0.01_layer_all,120.0,10m_v_component_of_wind,planetary,0.0665571252409445
graphcast_operational,mag_0.01_layer_all,144.0,10m_v_component_of_wind,planetary,0.08257219917425511
graphcast_operational,mag_0.01_layer_all,168.0,10m_v_component_of_wind,planetary,0.06411734961967175
graphcast_operational,mag_0.01_layer_all,192.0,10m_v_component_of_wind,planetary,0.06800280489562623
graphcast_operational,mag_0.01_layer_all,216.0,10m_v_component_of_wind,planetary,0.06706199372525291
graphcast_operational,mag_0.01_layer_all,240.0,10m_v_component_of_wind,planetary,0.06618822603295585
graphcast_operational,mag_0.01_layer_all,0.0,10m_v_component_of_wind,synoptic,1.93619701452503e-07
graphcast_operational,mag_0.01_layer_all,24.0,10m_v_component_of_wind,synoptic,0.06773034980881767
graphcast_operational,mag_0.01_layer_all,48.0,10m_v_component_of_wind,synoptic,0.09196809229575827
graphcast_operational,mag_0.01_layer_all,72.0,10m_v_component_of_wind,synoptic,0.10074301020934058
graphcast_operational,mag_0.01_layer_all,96.0,10m_v_component_of_wind,synoptic,0.13044770318299584
graphcast_operational,mag_0.01_layer_all,120.0,10m_v_component_of_wind,synoptic,0.1348841367815958
graphcast_operational,mag_0.01_layer_all,144.0,10m_v_component_of_wind,synoptic,0.12689194504537732
graphcast_operational,mag_0.01_layer_all,168.0,10m_v_component_of_wind,synoptic,0.13727818051737475
graphcast_operational,mag_0.01_layer_all,192.0,10m_v_component_of_wind,synoptic,0.16805620336773255
graphcast_operational,mag_0.01_layer_all,216.0,10m_v_component_of_wind,synoptic,0.15768805852595658
graphcast_operational,mag_0.01_layer_all,240.0,10m_v_component_of_wind,synoptic,0.1448157522921826
graphcast_operational,mag_0.01_layer_all,0.0,10m_v_component_of_wind,upper_mesoscale,1.3453310994039677e-06
graphcast_operational,mag_0.01_layer_all,24.0,10m_v_component_of_wind,upper_mesoscale,0.18427175453249828
graphcast_operational,mag_0.01_layer_all,48.0,10m_v_component_of_wind,upper_mesoscale,0.21837107234289974
graphcast_operational,mag_0.01_layer_all,72.0,10m_v_component_of_wind,upper_mesoscale,0.2286271309925039
graphcast_operational,mag_0.01_layer_all,96.0,10m_v_component_of_wind,upper_mesoscale,0.23635202429387417
graphcast_operational,mag_0.01_layer_all,120.0,10m_v_component_of_wind,upper_mesoscale,0.2486793663037666
graphcast_operational,mag_0.01_layer_all,144.0,10m_v_component_of_wind,upper_mesoscale,0.24524624770409337
graphcast_operational,mag_0.01_layer_all,168.0,10m_v_component_of_wind,upper_mesoscale,0.23969057384111592
graphcast_operational,mag_0.01_layer_all,192.0,10m_v_component_of_wind,upper_mesoscale,0.2661824356268358
graphcast_operational,mag_0.01_layer_all,216.0,10m_v_component_of_wind,upper_mesoscale,0.24381721403761297
graphcast_operational,mag_0.01_layer_all,240.0,10m_v_component_of_wind,upper_mesoscale,0.25083827755252214
graphcast_operational,mag_0.01_layer_all,0.0,10m_v_component_of_wind,lower_mesoscale,2.2447907128478948e-05
graphcast_operational,mag_0.01_layer_all,24.0,10m_v_component_of_wind,lower_mesoscale,0.10796131754959142
graphcast_operational,mag_0.01_layer_all,48.0,10m_v_component_of_wind,lower_mesoscale,0.09354925911636017
graphcast_operational,mag_0.01_layer_all,72.0,10m_v_component_of_wind,lower_mesoscale,0.09328005038803669
graphcast_operational,mag_0.01_layer_all,96.0,10m_v_component_of_wind,lower_mesoscale,0.10724859249243998
graphcast_operational,mag_0.01_layer_all,120.0,10m_v_component_of_wind,lower_mesoscale,0.10198210609710384
graphcast_operational,mag_0.01_layer_all,144.0,10m_v_component_of_wind,lower_mesoscale,0.08851124705032828
graphcast_operational,mag_0.01_layer_all,168.0,10m_v_component_of_wind,lower_mesoscale,0.08508812857615336
graphcast_operational,mag_0.01_layer_all,192.0,10m_v_component_of_wind,lower_mesoscale,0.09342363179631273
graphcast_operational,mag_0.01_layer_all,216.0,10m_v_component_of_wind,lower_mesoscale,0.08950659654623114
graphcast_operational,mag_0.01_layer_all,240.0,10m_v_component_of_wind,lower_mesoscale,0.08686490194716173
graphcast_operational,mag_0.03_layer_all,0.0,10m_v_component_of_wind,planetary,5.343036128491679e-08
graphcast_operational,mag_0.03_layer_all,24.0,10m_v_component_of_wind,planetary,0.006071425740516876
graphcast_operational,mag_0.03_layer_all,48.0,10m_v_component_of_wind,planetary,0.014323936342327379
graphcast_operational,mag_0.03_layer_all,72.0,10m_v_component_of_wind,planetary,0.018010045688134753
graphcast_operational,mag_0.03_layer_all,96.0,10m_v_component_of_wind,planetary,0.028160607442454248
graphcast_operational,mag_0.03_layer_all,120.0,10m_v_component_of_wind,planetary,0.06017359717432814
graphcast_operational,mag_0.03_layer_all,144.0,10m_v_component_of_wind,planetary,0.09066261725056336
graphcast_operational,mag_0.03_layer_all,168.0,10m_v_component_of_wind,planetary,0.09476297610350923
graphcast_operational,mag_0.03_layer_all,192.0,10m_v_component_of_wind,planetary,0.10726215609203728
graphcast_operational,mag_0.03_layer_all,216.0,10m_v_component_of_wind,planetary,0.10229389565652522
graphcast_operational,mag_0.03_layer_all,240.0,10m_v_component_of_wind,planetary,0.07763797293480078
graphcast_operational,mag_0.03_layer_all,0.0,10m_v_component_of_wind,synoptic,1.93619701452503e-07
graphcast_operational,mag_0.03_layer_all,24.0,10m_v_component_of_wind,synoptic,0.07765702557543114
graphcast_operational,mag_0.03_layer_all,48.0,10m_v_component_of_wind,synoptic,0.10001766682779564
graphcast_operational,mag_0.03_layer_all,72.0,10m_v_component_of_wind,synoptic,0.10260519035840703
graphcast_operational,mag_0.03_layer_all,96.0,10m_v_component_of_wind,synoptic,0.13010347129045577
graphcast_operational,mag_0.03_layer_all,120.0,10m_v_component_of_wind,synoptic,0.13864194634677152
graphcast_operational,mag_0.03_layer_all,144.0,10m_v_component_of_wind,synoptic,0.12767963499638968
graphcast_operational,mag_0.03_layer_all,168.0,10m_v_component_of_wind,synoptic,0.14535162772313776
graphcast_operational,mag_0.03_layer_all,192.0,10m_v_component_of_wind,synoptic,0.16030293312389451
graphcast_operational,mag_0.03_layer_all,216.0,10m_v_component_of_wind,synoptic,0.17047526001999655
graphcast_operational,mag_0.03_layer_all,240.0,10m_v_component_of_wind,synoptic,0.16791240622672146
graphcast_operational,mag_0.03_layer_all,0.0,10m_v_component_of_wind,upper_mesoscale,1.3453310994039677e-06
graphcast_operational,mag_0.03_layer_all,24.0,10m_v_component_of_wind,upper_mesoscale,0.19673940791884642
graphcast_operational,mag_0.03_layer_all,48.0,10m_v_component_of_wind,upper_mesoscale,0.22528368800504978
graphcast_operational,mag_0.03_layer_all,72.0,10m_v_component_of_wind,upper_mesoscale,0.23638683722671336
graphcast_operational,mag_0.03_layer_all,96.0,10m_v_component_of_wind,upper_mesoscale,0.24251296062362168
graphcast_operational,mag_0.03_layer_all,120.0,10m_v_component_of_wind,upper_mesoscale,0.2581856796167557
graphcast_operational,mag_0.03_layer_all,144.0,10m_v_component_of_wind,upper_mesoscale,0.24754056006793712
graphcast_operational,mag_0.03_layer_all,168.0,10m_v_component_of_wind,upper_mesoscale,0.25341821716354274
graphcast_operational,mag_0.03_layer_all,192.0,10m_v_component_of_wind,upper_mesoscale,0.27429255024916244
graphcast_operational,mag_0.03_layer_all,216.0,10m_v_component_of_wind,upper_mesoscale,0.2520647067379547
graphcast_operational,mag_0.03_layer_all,240.0,10m_v_component_of_wind,upper_mesoscale,0.26849351918865877
graphcast_operational,mag_0.03_layer_all,0.0,10m_v_component_of_wind,lower_mesoscale,2.2447907128478948e-05
graphcast_operational,mag_0.03_layer_all,24.0,10m_v_component_of_wind,lower_mesoscale,0.11000580991809551
graphcast_operational,mag_0.03_layer_all,48.0,10m_v_component_of_wind,lower_mesoscale,0.09364887692100764
graphcast_operational,mag_0.03_layer_all,72.0,10m_v_component_of_wind,lower_mesoscale,0.09272174317343249
graphcast_operational,mag_0.03_layer_all,96.0,10m_v_component_of_wind,lower_mesoscale,0.10308020074317
graphcast_operational,mag_0.03_layer_all,120.0,10m_v_component_of_wind,lower_mesoscale,0.100373792546807
graphcast_operational,mag_0.03_layer_all,144.0,10m_v_component_of_wind,lower_mesoscale,0.0908238609944323
graphcast_operational,mag_0.03_layer_all,168.0,10m_v_component_of_wind,lower_mesoscale,0.0898456825517183
graphcast_operational,mag_0.03_layer_all,192.0,10m_v_component_of_wind,lower_mesoscale,0.09935428382599913
graphcast_operational,mag_0.03_layer_all,216.0,10m_v_component_of_wind,lower_mesoscale,0.09516388516813405
graphcast_operational,mag_0.03_layer_all,240.0,10m_v_component_of_wind,lower_mesoscale,0.09392385773112627
graphcast_operational,mag_0.1_layer_all,0.0,10m_v_component_of_wind,planetary,5.343036128491679e-08
graphcast_operational,mag_0.1_layer_all,24.0,10m_v_component_of_wind,planetary,0.07679788624524922
graphcast_operational,mag_0.1_layer_all,48.0,10m_v_component_of_wind,planetary,0.06788111884446421
graphcast_operational,mag_0.1_layer_all,72.0,10m_v_component_of_wind,planetary,0.10028715116381526
graphcast_operational,mag_0.1_layer_all,96.0,10m_v_component_of_wind,planetary,0.061192930562178005
graphcast_operational,mag_0.1_layer_all,120.0,10m_v_component_of_wind,planetary,0.08373080530752754
graphcast_operational,mag_0.1_layer_all,144.0,10m_v_component_of_wind,planetary,0.03203852204271624
graphcast_operational,mag_0.1_layer_all,168.0,10m_v_component_of_wind,planetary,0.0725594453718949
graphcast_operational,mag_0.1_layer_all,192.0,10m_v_component_of_wind,planetary,0.13595538712576782
graphcast_operational,mag_0.1_layer_all,216.0,10m_v_component_of_wind,planetary,0.18863802576487584
graphcast_operational,mag_0.1_layer_all,240.0,10m_v_component_of_wind,planetary,0.17421575819439514
graphcast_operational,mag_0.1_layer_all,0.0,10m_v_component_of_wind,synoptic,1.93619701452503e-07
graphcast_operational,mag_0.1_layer_all,24.0,10m_v_component_of_wind,synoptic,0.17109357429785724
graphcast_operational,mag_0.1_layer_all,48.0,10m_v_component_of_wind,synoptic,0.19457737453368615
graphcast_operational,mag_0.1_layer_all,72.0,10m_v_component_of_wind,synoptic,0.18238037482506003
graphcast_operational,mag_0.1_layer_all,96.0,10m_v_component_of_wind,synoptic,0.22055422112169412
graphcast_operational,mag_0.1_layer_all,120.0,10m_v_component_of_wind,synoptic,0.23979627201585024
graphcast_operational,mag_0.1_layer_all,144.0,10m_v_component_of_wind,synoptic,0.2240552860633768
graphcast_operational,mag_0.1_layer_all,168.0,10m_v_component_of_wind,synoptic,0.2469700569049012
graphcast_operational,mag_0.1_layer_all,192.0,10m_v_component_of_wind,synoptic,0.27932707194263806
graphcast_operational,mag_0.1_layer_all,216.0,10m_v_component_of_wind,synoptic,0.2934539788872329
graphcast_operational,mag_0.1_layer_all,240.0,10m_v_component_of_wind,synoptic,0.2912512136872768
graphcast_operational,mag_0.1_layer_all,0.0,10m_v_component_of_wind,upper_mesoscale,1.3453310994039677e-06
graphcast_operational,mag_0.1_layer_all,24.0,10m_v_component_of_wind,upper_mesoscale,0.2632170516209639
graphcast_operational,mag_0.1_layer_all,48.0,10m_v_component_of_wind,upper_mesoscale,0.27350671288157397
graphcast_operational,mag_0.1_layer_all,72.0,10m_v_component_of_wind,upper_mesoscale,0.2799561589436666
graphcast_operational,mag_0.1_layer_all,96.0,10m_v_component_of_wind,upper_mesoscale,0.2917829356718693
graphcast_operational,mag_0.1_layer_all,120.0,10m_v_component_of_wind,upper_mesoscale,0.291332947749762
graphcast_operational,mag_0.1_layer_all,144.0,10m_v_component_of_wind,upper_mesoscale,0.2698582508891026
graphcast_operational,mag_0.1_layer_all,168.0,10m_v_component_of_wind,upper_mesoscale,0.2752297612408003
graphcast_operational,mag_0.1_layer_all,192.0,10m_v_component_of_wind,upper_mesoscale,0.2964045070663116
graphcast_operational,mag_0.1_layer_all,216.0,10m_v_component_of_wind,upper_mesoscale,0.2858842314567548
graphcast_operational,mag_0.1_layer_all,240.0,10m_v_component_of_wind,upper_mesoscale,0.30092601471253666
graphcast_operational,mag_0.1_layer_all,0.0,10m_v_component_of_wind,lower_mesoscale,2.2447907128478948e-05
graphcast_operational,mag_0.1_layer_all,24.0,10m_v_component_of_wind,lower_mesoscale,0.23393283877985094
graphcast_operational,mag_0.1_layer_all,48.0,10m_v_component_of_wind,lower_mesoscale,0.24449676505320872
graphcast_operational,mag_0.1_layer_all,72.0,10m_v_component_of_wind,lower_mesoscale,0.25890128959870085
graphcast_operational,mag_0.1_layer_all,96.0,10m_v_component_of_wind,lower_mesoscale,0.26476764939051456
graphcast_operational,mag_0.1_layer_all,120.0,10m_v_component_of_wind,lower_mesoscale,0.27633853252914525
graphcast_operational,mag_0.1_layer_all,144.0,10m_v_component_of_wind,lower_mesoscale,0.29552203489799317
graphcast_operational,mag_0.1_layer_all,168.0,10m_v_component_of_wind,lower_mesoscale,0.31331617118130045
graphcast_operational,mag_0.1_layer_all,192.0,10m_v_component_of_wind,lower_mesoscale,0.3152961095911477
graphcast_operational,mag_0.1_layer_all,216.0,10m_v_component_of_wind,lower_mesoscale,0.3383629228331429
graphcast_operational,mag_0.1_layer_all,240.0,10m_v_component_of_wind,lower_mesoscale,0.3442056828023479
sfno,mag_0_layer_all,0.0,10m_v_component_of_wind,planetary,5.343036128491679e-08
sfno,mag_0_layer_all,24.0,10m_v_component_of_wind,planetary,0.0077359058420646155
sfno,mag_0_layer_all,48.0,10m_v_component_of_wind,planetary,0.019936061946296345
sfno,mag_0_layer_all,72.0,10m_v_component_of_wind,planetary,0.03392825404908944
sfno,mag_0_layer_all,96.0,10m_v_component_of_wind,planetary,0.0535549694018391
sfno,mag_0_layer_all,120.0,10m_v_component_of_wind,planetary,0.07997334139544081
sfno,mag_0_layer_all,144.0,10m_v_component_of_wind,planetary,0.08235735336587896
sfno,mag_0_layer_all,168.0,10m_v_component_of_wind,planetary,0.07209826700501908
sfno,mag_0_layer_all,192.0,10m_v_component_of_wind,planetary,0.0774364243789152
sfno,mag_0_layer_all,216.0,10m_v_component_of_wind,planetary,0.12103410867386588
sfno,mag_0_layer_all,240.0,10m_v_component_of_wind,planetary,0.08305950323192088
sfno,mag_0_layer_all,0.0,10m_v_component_of_wind,synoptic,1.9361970148988517e-07
sfno,mag_0_layer_all,24.0,10m_v_component_of_wind,synoptic,0.049722221729581524
sfno,mag_0_layer_all,48.0,10m_v_component_of_wind,synoptic,0.0584586392887141
sfno,mag_0_layer_all,72.0,10m_v_component_of_wind,synoptic,0.07444491052684908
sfno,mag_0_layer_all,96.0,10m_v_component_of_wind,synoptic,0.09215691645415089
sfno,mag_0_layer_all,120.0,10m_v_component_of_wind,synoptic,0.09425919344839863
sfno,mag_0_layer_all,144.0,10m_v_component_of_wind,synoptic,0.0879657627664071
sfno,mag_0_layer_all,168.0,10m_v_component_of_wind,synoptic,0.11459638174951281
sfno,mag_0_layer_all,192.0,10m_v_component_of_wind,synoptic,0.12259197853454469
sfno,mag_0_layer_all,216.0,10m_v_component_of_wind,synoptic,0.12294754863313373
sfno,mag_0_layer_all,240.0,10m_v_component_of_wind,synoptic,0.10524665687622016
sfno,mag_0_layer_all,0.0,10m_v_component_of_wind,upper_mesoscale,1.3453310993855246e-06
sfno,mag_0_layer_all,24.0,10m_v_component_of_wind,upper_mesoscale,0.15907427278010994
sfno,mag_0_layer_all,48.0,10m_v_component_of_wind,upper_mesoscale,0.17183789329664456
sfno,mag_0_layer_all,72.0,10m_v_component_of_wind,upper_mesoscale,0.17410628725348692
sfno,mag_0_layer_all,96.0,10m_v_component_of_wind,upper_mesoscale,0.16472577926076457
sfno,mag_0_layer_all,120.0,10m_v_component_of_wind,upper_mesoscale,0.17290971045809148
sfno,mag_0_layer_all,144.0,10m_v_component_of_wind,upper_mesoscale,0.1746269336982154
sfno,mag_0_layer_all,168.0,10m_v_component_of_wind,upper_mesoscale,0.19212280770972742
sfno,mag_0_layer_all,192.0,10m_v_component_of_wind,upper_mesoscale,0.2112346151533222
sfno,mag_0_layer_all,216.0,10m_v_component_of_wind,upper_mesoscale,0.19175568232717158
sfno,mag_0_layer_all,240.0,10m_v_component_of_wind,upper_mesoscale,0.1902778732650923
sfno,mag_0_layer_all,0.0,10m_v_component_of_wind,lower_mesoscale,2.2447907128477064e-05
sfno,mag_0_layer_all,24.0,10m_v_component_of_wind,lower_mesoscale,0.8176934303316883
sfno,mag_0_layer_all,48.0,10m_v_component_of_wind,lower_mesoscale,0.8094857522880643
sfno,mag_0_layer_all,72.0,10m_v_component_of_wind,lower_mesoscale,0.7958918801308532
sfno,mag_0_layer_all,96.0,10m_v_component_of_wind,lower_mesoscale,0.7881848431976901
sfno,mag_0_layer_all,120.0,10m_v_component_of_wind,lower_mesoscale,0.784720418086401
sfno,mag_0_layer_all,144.0,10m_v_component_of_wind,lower_mesoscale,0.8028245146483711
sfno,mag_0_layer_all,168.0,10m_v_component_of_wind,lower_mesoscale,0.8047514579254298
sfno,mag_0_layer_all,192.0,10m_v_component_of_wind,lower_mesoscale,0.8115070570312125
sfno,mag_0_layer_all,216.0,10m_v_component_of_wind,lower_mesoscale,0.8006524921896865
sfno,mag_0_layer_all,240.0,10m_v_component_of_wind,lower_mesoscale,0.7965894768747495
sfno,mag_0.001_layer_all,0.0,10m_v_component_of_wind,planetary,5.343036128491679e-08
sfno,mag_0.001_layer_all,24.0,10m_v_component_of_wind,planetary,0.007792463514480055
sfno,mag_0.001_layer_all,48.0,10m_v_component_of_wind,planetary,0.019822658078762583
sfno,mag_0.001_layer_all,72.0,10m_v_component_of_wind,planetary,0.0340146293793541
sfno,mag_0.001_layer_all,96.0,10m_v_component_of_wind,planetary,0.053482930597532646
sfno,mag_0.001_layer_all,120.0,10m_v_component_of_wind,planetary,0.07968886717351185
sfno,mag_0.001_layer_all,144.0,10m_v_component_of_wind,planetary,0.08276551922103237
sfno,mag_0.001_layer_all,168.0,10m_v_component_of_wind,planetary,0.07264068762851049
sfno,mag_0.001_layer_all,192.0,10m_v_component_of_wind,planetary,0.0772086526524085
sfno,mag_0.001_layer_all,216.0,10m_v_component_of_wind,planetary,0.11729903574851651
sfno,mag_0.001_layer_all,240.0,10m_v_component_of_wind,planetary,0.07623321599874767
sfno,mag_0.001_layer_all,0.0,10m_v_component_of_wind,synoptic,1.93619701452503e-07
sfno,mag_0.001_layer_all,24.0,10m_v_component_of_wind,synoptic,0.04975254754900452
sfno,mag_0.001_layer_all,48.0,10m_v_component_of_wind,synoptic,0.05836258767955875
sfno,mag_0.001_layer_all,72.0,10m_v_component_of_wind,synoptic,0.07431333021673923
sfno,mag_0.001_layer_all,96.0,10m_v_component_of_wind,synoptic,0.09186786284226246
sfno,mag_0.001_layer_all,120.0,10m_v_component_of_wind,synoptic,0.0943716485419573
sfno,mag_0.001_layer_all,144.0,10m_v_component_of_wind,synoptic,0.08759444912052997
sfno,mag_0.001_layer_all,168.0,10m_v_component_of_wind,synoptic,0.11286347593016638
sfno,mag_0.001_layer_all,192.0,10m_v_component_of_wind,synoptic,0.12046938673962132
sfno,mag_0.001_layer_all,216.0,10m_v_component_of_wind,synoptic,0.12375457742177648
sfno,mag_0.001_layer_all,240.0,10m_v_component_of_wind,synoptic,0.09992378176084935
sfno,mag_0.001_layer_all,0.0,10m_v_component_of_wind,upper_mesoscale,1.3453310994039677e-06
sfno,mag_0.001_layer_all,24.0,10m_v_component_of_wind,upper_mesoscale,0.15911141759061123
sfno,mag_0.001_layer_all,48.0,10m_v_component_of_wind,upper_mesoscale,0.17174697595799202
sfno,mag_0.001_layer_all,72.0,10m_v_component_of_wind,upper_mesoscale,0.1740699225507701
sfno,mag_0.001_layer_all,96.0,10m_v_component_of_wind,upper_mesoscale,0.16473523785375538
sfno,mag_0.001_layer_all,120.0,10m_v_component_of_wind,upper_mesoscale,0.17273351492452013
sfno,mag_0.001_layer_all,144.0,10m_v_component_of_wind,upper_mesoscale,0.17439511916711556
sfno,mag_0.001_layer_all,168.0,10m_v_component_of_wind,upper_mesoscale,0.1923121460536162
sfno,mag_0.001_layer_all,192.0,10m_v_component_of_wind,upper_mesoscale,0.20957619841716646
sfno,mag_0.001_layer_all,216.0,10m_v_component_of_wind,upper_mesoscale,0.18912974349024309
sfno,mag_0.001_layer_all,240.0,10m_v_component_of_wind,upper_mesoscale,0.18760785227833457
sfno,mag_0.001_layer_all,0.0,10m_v_component_of_wind,lower_mesoscale,2.2447907128478948e-05
sfno,mag_0.001_layer_all,24.0,10m_v_component_of_wind,lower_mesoscale,0.8172178944323732
sfno,mag_0.001_layer_all,48.0,10m_v_component_of_wind,lower_mesoscale,0.8090181113477193
sfno,mag_0.001_layer_all,72.0,10m_v_component_of_wind,lower_mesoscale,0.7955370679213597
sfno,mag_0.001_layer_all,96.0,10m_v_component_of_wind,lower_mesoscale,0.7888410875669035
sfno,mag_0.001_layer_all,120.0,10m_v_component_of_wind,lower_mesoscale,0.7826027939898826
sfno,mag_0.001_layer_all,144.0,10m_v_component_of_wind,lower_mesoscale,0.8020452791602909
sfno,mag_0.001_layer_all,168.0,10m_v_component_of_wind,lower_mesoscale,0.804101184988658
sfno,mag_0.001_layer_all,192.0,10m_v_component_of_wind,lower_mesoscale,0.8111803587853966
sfno,mag_0.001_layer_all,216.0,10m_v_component_of_wind,lower_mesoscale,0.8001509761763431
sfno,mag_0.001_layer_all,240.0,10m_v_component_of_wind,lower_mesoscale,0.7917959953347601
sfno,mag_0.003_layer_all,0.0,10m_v_component_of_wind,planetary,5.343036128491679e-08
sfno,mag_0.003_layer_all,24.0,10m_v_component_of_wind,planetary,0.007906453215559842
sfno,mag_0.003_layer_all,48.0,10m_v_component_of_wind,planetary,0.01966873590698122
sfno,mag_0.003_layer_all,72.0,10m_v_component_of_wind,planetary,0.03423412098974147
sfno,mag_0.003_layer_all,96.0,10m_v_component_of_wind,planetary,0.0531541104968827
sfno,mag_0.003_layer_all,120.0,10m_v_component_of_wind,planetary,0.07933034911707312
sfno,mag_0.003_layer_all,144.0,10m_v_component_of_wind,planetary,0.08273637299330493
sfno,mag_0.003_layer_all,168.0,10m_v_component_of_wind,planetary,0.07339333915745135
sfno,mag_0.003_layer_all,192.0,10m_v_component_of_wind,planetary,0.07481313312429551
sfno,mag_0.003_layer_all,216.0,10m_v_component_of_wind,planetary,0.10982813115389164
sfno,mag_0.003_layer_all,240.0,10m_v_component_of_wind,planetary,0.07763506335735236
sfno,mag_0.003_layer_all,0.0,10m_v_component_of_wind,synoptic,1.93619701452503e-07
sfno,mag_0.003_layer_all,24.0,10m_v_component_of_wind,synoptic,0.04985389015233096
sfno,mag_0.003_layer_all,48.0,10m_v_component_of_wind,synoptic,0.058315251506131795
sfno,mag_0.003_layer_all,72.0,10m_v_component_of_wind,synoptic,0.07401144077333162
sfno,mag_0.003_layer_all,96.0,10m_v_component_of_wind,synoptic,0.09114214412185018
sfno,mag_0.003_layer_all,120.0,10m_v_component_of_wind,synoptic,0.09404928965267043
sfno,mag_0.003_layer_all,144.0,10m_v_component_of_wind,synoptic,0.08613464231750324
sfno,mag_0.003_layer_all,168.0,10m_v_component_of_wind,synoptic,0.10801783108834657
sfno,mag_0.003_layer_all,192.0,10m_v_component_of_wind,synoptic,0.1139279156775308
sfno,mag_0.003_layer_all,216.0,10m_v_component_of_wind,synoptic,0.11893550639506302
sfno,mag_0.003_layer_all,240.0,10m_v_component_of_wind,synoptic,0.09178668598732546
sfno,mag_0.003_layer_all,0.0,10m_v_component_of_wind,upper_mesoscale,1.3453310994039677e-06
sfno,mag_0.003_layer_all,24.0,10m_v_component_of_wind,upper_mesoscale,0.15915421538595517
sfno,mag_0.003_layer_all,48.0,10m_v_component_of_wind,upper_mesoscale,0.1717061152594239
sfno,mag_0.003_layer_all,72.0,10m_v_component_of_wind,upper_mesoscale,0.17367214033046885
sfno,mag_0.003_layer_all,96.0,10m_v_component_of_wind,upper_mesoscale,0.1641494106152504
sfno,mag_0.003_layer_all,120.0,10m_v_component_of_wind,upper_mesoscale,0.1730235825487217
sfno,mag_0.003_layer_all,144.0,10m_v_component_of_wind,upper_mesoscale,0.17446976030233172
sfno,mag_0.003_layer_all,168.0,10m_v_component_of_wind,upper_mesoscale,0.1928720983808809
sfno,mag_0.003_layer_all,192.0,10m_v_component_of_wind,upper_mesoscale,0.20536925947072235
sfno,mag_0.003_layer_all,216.0,10m_v_component_of_wind,upper_mesoscale,0.17972754619984782
sfno,mag_0.003_layer_all,240.0,10m_v_component_of_wind,upper_mesoscale,0.17824075316917198
sfno,mag_0.003_layer_all,0.0,10m_v_component_of_wind,lower_mesoscale,2.2447907128478948e-05
sfno,mag_0.003_layer_all,24.0,10m_v_component_of_wind,lower_mesoscale,0.816207948311232
sfno,mag_0.003_layer_all,48.0,10m_v_component_of_wind,lower_mesoscale,0.8077621925228464
sfno,mag_0.003_layer_all,72.0,10m_v_component_of_wind,lower_mesoscale,0.7933086246263912
sfno,mag_0.003_layer_all,96.0,10m_v_component_of_wind,lower_mesoscale,0.7864809975494037
sfno,mag_0.003_layer_all,120.0,10m_v_component_of_wind,lower_mesoscale,0.7803472282396021
sfno,mag_0.003_layer_all,144.0,10m_v_component_of_wind,lower_mesoscale,0.7994598937480077
sfno,mag_0.003_layer_all,168.0,10m_v_component_of_wind,lower_mesoscale,0.8013342280753775
sfno,mag_0.003_layer_all,192.0,10m_v_component_of_wind,lower_mesoscale,0.8089577424193928
sfno,mag_0.003_layer_all,216.0,10m_v_component_of_wind,lower_mesoscale,0.7944141480932925
sfno,mag_0.003_layer_all,240.0,10m_v_component_of_wind,lower_mesoscale,0.783217830069083
sfno,mag_0.01_layer_all,0.0,10m_v_component_of_wind,planetary,5.343036128491679e-08
sfno,mag_0.01_layer_all,24.0,10m_v_component_of_wind,planetary,0.008426778192074273
sfno,mag_0.01_layer_all,48.0,10m_v_component_of_wind,planetary,0.01926779663193804
sfno,mag_0.01_layer_all,72.0,10m_v_component_of_wind,planetary,0.0353403630865573
sfno,mag_0.01_layer_all,96.0,10m_v_component_of_wind,planetary,0.052546489103974366
sfno,mag_0.01_layer_all,120.0,10m_v_component_of_wind,planetary,0.0741324474308873
sfno,mag_0.01_layer_all,144.0,10m_v_component_of_wind,planetary,0.08295867224042516
sfno,mag_0.01_layer_all,168.0,10m_v_component_of_wind,planetary,0.07139278660149756
sfno,mag_0.01_layer_all,192.0,10m_v_component_of_wind,planetary,0.07181383730181375
sfno,mag_0.01_layer_all,216.0,10m_v_component_of_wind,planetary,0.09968141274567342
sfno,mag_0.01_layer_all,240.0,10m_v_component_of_wind,planetary,0.10077615848097972
sfno,mag_0.01_layer_all,0.0,10m_v_component_of_wind,synoptic,1.93619701452503e-07
sfno,mag_0.01_layer_all,24.0,10m_v_component_of_wind,synoptic,0.05035695597499102
sfno,mag_0.01_layer_all,48.0,10m_v_component_of_wind,synoptic,0.05832822489461418
sfno,mag_0.01_layer_all,72.0,10m_v_component_of_wind,synoptic,0.07239018313720828
sfno,mag_0.01_layer_all,96.0,10m_v_component_of_wind,synoptic,0.08764697371828224
sfno,mag_0.01_layer_all,120.0,10m_v_component_of_wind,synoptic,0.09196006097480906
sfno,mag_0.01_layer_all,144.0,10m_v_component_of_wind,synoptic,0.08183520488825796
sfno,mag_0.01_layer_all,168.0,10m_v_component_of_wind,synoptic,0.1013482871842654
sfno,mag_0.01_layer_all,192.0,10m_v_component_of_wind,synoptic,0.11380623517039495
sfno,mag_0.01_layer_all,216.0,10m_v_component_of_wind,synoptic,0.11031206777812283
sfno,mag_0.01_layer_all,240.0,10m_v_component_of_wind,synoptic,0.08590551400960374
sfno,mag_0.01_layer_all,0.0,10m_v_component_of_wind,upper_mesoscale,1.3453310994039677e-06
sfno,mag_0.01_layer_all,24.0,10m_v_component_of_wind,upper_mesoscale,0.15950313017618287
sfno,mag_0.01_layer_all,48.0,10m_v_component_of_wind,upper_mesoscale,0.17163413339916042
sfno,mag_0.01_layer_all,72.0,10m_v_component_of_wind,upper_mesoscale,0.172552414154997
sfno,mag_0.01_layer_all,96.0,10m_v_component_of_wind,upper_mesoscale,0.16472924166768843
sfno,mag_0.01_layer_all,120.0,10m_v_component_of_wind,upper_mesoscale,0.17457151077236807
sfno,mag_0.01_layer_all,144.0,10m_v_component_of_wind,upper_mesoscale,0.17907990691920245
sfno,mag_0.01_layer_all,168.0,10m_v_component_of_wind,upper_mesoscale,0.19384166749900295
sfno,mag_0.01_layer_all,192.0,10m_v_component_of_wind,upper_mesoscale,0.21084438813795559
sfno,mag_0.01_layer_all,216.0,10m_v_component_of_wind,upper_mesoscale,0.17608661523485628
sfno,mag_0.01_layer_all,240.0,10m_v_component_of_wind,upper_mesoscale,0.18037765532140967
sfno,mag_0.01_layer_all,0.0,10m_v_component_of_wind,lower_mesoscale,2.2447907128478948e-05
sfno,mag_0.01_layer_all,24.0,10m_v_component_of_wind,lower_mesoscale,0.8123162041989154
sfno,mag_0.01_layer_all,48.0,10m_v_component_of_wind,lower_mesoscale,0.8031080698701457
sfno,mag_0.01_layer_all,72.0,10m_v_component_of_wind,lower_mesoscale,0.7852720258682617
sfno,mag_0.01_layer_all,96.0,10m_v_component_of_wind,lower_mesoscale,0.7804500412320944
sfno,mag_0.01_layer_all,120.0,10m_v_component_of_wind,lower_mesoscale,0.7691480080488354
sfno,mag_0.01_layer_all,144.0,10m_v_component_of_wind,lower_mesoscale,0.7925206018786632
sfno,mag_0.01_layer_all,168.0,10m_v_component_of_wind,lower_mesoscale,0.7939652047277442
sfno,mag_0.01_layer_all,192.0,10m_v_component_of_wind,lower_mesoscale,0.8044016145104853
sfno,mag_0.01_layer_all,216.0,10m_v_component_of_wind,lower_mesoscale,0.7858415807443268
sfno,mag_0.01_layer_all,240.0,10m_v_component_of_wind,lower_mesoscale,0.7782276913302759
sfno,mag_0.03_layer_all,0.0,10m_v_component_of_wind,planetary,5.343036128491679e-08
sfno,mag_0.03_layer_all,24.0,10m_v_component_of_wind,planetary,0.011288120867398832
sfno,mag_0.03_layer_all,48.0,10m_v_component_of_wind,planetary,0.019852686870385976
sfno,mag_0.03_layer_all,72.0,10m_v_component_of_wind,planetary,0.04070915893185291
sfno,mag_0.03_layer_all,96.0,10m_v_component_of_wind,planetary,0.05181653960997865
sfno,mag_0.03_layer_all,120.0,10m_v_component_of_wind,planetary,0.07835011300825966
sfno,mag_0.03_layer_all,144.0,10m_v_component_of_wind,planetary,0.07142251380945878
sfno,mag_0.03_layer_all,168.0,10m_v_component_of_wind,planetary,0.07893799916878254
sfno,mag_0.03_layer_all,192.0,10m_v_component_of_wind,planetary,0.09396705840847733
sfno,mag_0.03_layer_all,216.0,10m_v_component_of_wind,planetary,0.09969598419643592
sfno,mag_0.03_layer_all,240.0,10m_v_component_of_wind,planetary,0.11091279143944177
sfno,mag_0.03_layer_all,0.0,10m_v_component_of_wind,synoptic,1.93619701452503e-07
sfno,mag_0.03_layer_all,24.0,10m_v_component_of_wind,synoptic,0.05343717170806652
sfno,mag_0.03_layer_all,48.0,10m_v_component_of_wind,synoptic,0.061883368708566776
sfno,mag_0.03_layer_all,72.0,10m_v_component_of_wind,synoptic,0.07108486684191397
sfno,mag_0.03_layer_all,96.0,10m_v_component_of_wind,synoptic,0.088805290631869
sfno,mag_0.03_layer_all,120.0,10m_v_component_of_wind,synoptic,0.09505463803531189
sfno,mag_0.03_layer_all,144.0,10m_v_component_of_wind,synoptic,0.08582215747911667
sfno,mag_0.03_layer_all,168.0,10m_v_component_of_wind,synoptic,0.09743908200521909
sfno,mag_0.03_layer_all,192.0,10m_v_component_of_wind,synoptic,0.10564861456096866
sfno,mag_0.03_layer_all,216.0,10m_v_component_of_wind,synoptic,0.10668266079257681
sfno,mag_0.03_layer_all,240.0,10m_v_component_of_wind,synoptic,0.08916896955656492
sfno,mag_0.03_layer_all,0.0,10m_v_component_of_wind,upper_mesoscale,1.3453310994039677e-06
sfno,mag_0.03_layer_all,24.0,10m_v_component_of_wind,upper_mesoscale,0.16293127981759248
sfno,mag_0.03_layer_all,48.0,10m_v_component_of_wind,upper_mesoscale,0.1753958724473944
sfno,mag_0.03_layer_all,72.0,10m_v_component_of_wind,upper_mesoscale,0.17413828522258817
sfno,mag_0.03_layer_all,96.0,10m_v_component_of_wind,upper_mesoscale,0.18153710941327417
sfno,mag_0.03_layer_all,120.0,10m_v_component_of_wind,upper_mesoscale,0.18821465383008962
sfno,mag_0.03_layer_all,144.0,10m_v_component_of_wind,upper_mesoscale,0.1786582084753829
sfno,mag_0.03_layer_all,168.0,10m_v_component_of_wind,upper_mesoscale,0.18405085240381427
sfno,mag_0.03_layer_all,192.0,10m_v_component_of_wind,upper_mesoscale,0.1901671770459708
sfno,mag_0.03_layer_all,216.0,10m_v_component_of_wind,upper_mesoscale,0.16702790251028587
sfno,mag_0.03_layer_all,240.0,10m_v_component_of_wind,upper_mesoscale,0.18096136674825716
sfno,mag_0.03_layer_all,0.0,10m_v_component_of_wind,lower_mesoscale,2.2447907128478948e-05
sfno,mag_0.03_layer_all,24.0,10m_v_component_of_wind,lower_mesoscale,0.802513294789538
sfno,mag_0.03_layer_all,48.0,10m_v_component_of_wind,lower_mesoscale,0.787679722238112
sfno,mag_0.03_layer_all,72.0,10m_v_component_of_wind,lower_mesoscale,0.7598223196080873
sfno,mag_0.03_layer_all,96.0,10m_v_component_of_wind,lower_mesoscale,0.7604133382145498
sfno,mag_0.03_layer_all,120.0,10m_v_component_of_wind,lower_mesoscale,0.7574639691453392
sfno,mag_0.03_layer_all,144.0,10m_v_component_of_wind,lower_mesoscale,0.7609138460149512
sfno,mag_0.03_layer_all,168.0,10m_v_component_of_wind,lower_mesoscale,0.7627842638473998
sfno,mag_0.03_layer_all,192.0,10m_v_component_of_wind,lower_mesoscale,0.7669253558759748
sfno,mag_0.03_layer_all,216.0,10m_v_component_of_wind,lower_mesoscale,0.7522587231361322
sfno,mag_0.03_layer_all,240.0,10m_v_component_of_wind,lower_mesoscale,0.7464883767722755
sfno,mag_0.1_layer_all,0.0,10m_v_component_of_wind,planetary,5.343036128491679e-08
sfno,mag_0.1_layer_all,24.0,10m_v_component_of_wind,planetary,0.0452483314379315
sfno,mag_0.1_layer_all,48.0,10m_v_component_of_wind,planetary,0.0855963087481526
sfno,mag_0.1_layer_all,72.0,10m_v_component_of_wind,planetary,0.15421195405087854
sfno,mag_0.1_layer_all,96.0,10m_v_component_of_wind,planetary,0.17176979395355155
sfno,mag_0.1_layer_all,120.0,10m_v_component_of_wind,planetary,0.1286895762842111
sfno,mag_0.1_layer_all,144.0,10m_v_component_of_wind,planetary,0.07140476387043489
sfno,mag_0.1_layer_all,168.0,10m_v_component_of_wind,planetary,0.1053569463339095
sfno,mag_0.1_layer_all,192.0,10m_v_component_of_wind,planetary,0.17375903320647862
sfno,mag_0.1_layer_all,216.0,10m_v_component_of_wind,planetary,0.24140306736704828
sfno,mag_0.1_layer_all,240.0,10m_v_component_of_wind,planetary,0.3323471404651627
sfno,mag_0.1_layer_all,0.0,10m_v_component_of_wind,synoptic,1.93619701452503e-07
sfno,mag_0.1_layer_all,24.0,10m_v_component_of_wind,synoptic,0.08471346877470728
sfno,mag_0.1_layer_all,48.0,10m_v_component_of_wind,synoptic,0.10746572265387612
sfno,mag_0.1_layer_all,72.0,10m_v_component_of_wind,synoptic,0.0887335091990258
sfno,mag_0.1_layer_all,96.0,10m_v_component_of_wind,synoptic,0.0888871029644134
sfno,mag_0.1_layer_all,120.0,10m_v_component_of_wind,synoptic,0.1814715268469585
sfno,mag_0.1_layer_all,144.0,10m_v_component_of_wind,synoptic,0.28427771941068297
sfno,mag_0.1_layer_all,168.0,10m_v_component_of_wind,synoptic,0.3494864630996514
sfno,mag_0.1_layer_all,192.0,10m_v_component_of_wind,synoptic,0.42390593684872074
sfno,mag_0.1_layer_all,216.0,10m_v_component_of_wind,synoptic,0.5148723330735594
sfno,mag_0.1_layer_all,240.0,10m_v_component_of_wind,synoptic,0.6240854078753891
sfno,mag_0.1_layer_all,0.0,10m_v_component_of_wind,upper_mesoscale,1.3453310994039677e-06
sfno,mag_0.1_layer_all,24.0,10m_v_component_of_wind,upper_mesoscale,0.2006767557620011
sfno,mag_0.1_layer_all,48.0,10m_v_component_of_wind,upper_mesoscale,0.18163798925552946
sfno,mag_0.1_layer_all,72.0,10m_v_component_of_wind,upper_mesoscale,0.08803700755518833
sfno,mag_0.1_layer_all,96.0,10m_v_component_of_wind,upper_mesoscale,0.0841278782001933
sfno,mag_0.1_layer_all,120.0,10m_v_component_of_wind,upper_mesoscale,0.46643758928655177
sfno,mag_0.1_layer_all,144.0,10m_v_component_of_wind,upper_mesoscale,0.5290728274206244
sfno,mag_0.1_layer_all,168.0,10m_v_component_of_wind,upper_mesoscale,0.6101000788316022
sfno,mag_0.1_layer_all,192.0,10m_v_component_of_wind,upper_mesoscale,0.7315137439272453
sfno,mag_0.1_layer_all,216.0,10m_v_component_of_wind,upper_mesoscale,0.8009076467057424
sfno,mag_0.1_layer_all,240.0,10m_v_component_of_wind,upper_mesoscale,0.8708391792795487
sfno,mag_0.1_layer_all,0.0,10m_v_component_of_wind,lower_mesoscale,2.2447907128478948e-05
sfno,mag_0.1_layer_all,24.0,10m_v_component_of_wind,lower_mesoscale,0.7796196691103712
sfno,mag_0.1_layer_all,48.0,10m_v_component_of_wind,lower_mesoscale,0.695497302814453
sfno,mag_0.1_layer_all,72.0,10m_v_component_of_wind,lower_mesoscale,0.5171746380481724
sfno,mag_0.1_layer_all,96.0,10m_v_component_of_wind,lower_mesoscale,0.38085452257742536
sfno,mag_0.1_layer_all,120.0,10m_v_component_of_wind,lower_mesoscale,0.34106037350227675
sfno,mag_0.1_layer_all,144.0,10m_v_component_of_wind,lower_mesoscale,0.3421430554064138
sfno,mag_0.1_layer_all,168.0,10m_v_component_of_wind,lower_mesoscale,0.4747853129750027
sfno,mag_0.1_layer_all,192.0,10m_v_component_of_wind,lower_mesoscale,0.6071896955383851
sfno,mag_0.1_layer_all,216.0,10m_v_component_of_wind,lower_mesoscale,0.5887146814185797
sfno,mag_0.1_layer_all,240.0,10m_v_component_of_wind,lower_mesoscale,0.6855560077983179
aifs,mag_0_layer_all,0.0,10m_v_component_of_wind,planetary,4.199729949452139e-08
aifs,mag_0_layer_all,24.0,10m_v_component_of_wind,planetary,0.009090106155263181
aifs,mag_0_layer_all,48.0,10m_v_component_of_wind,planetary,0.006502578885336042
aifs,mag_0_layer_all,72.0,10m_v_component_of_wind,planetary,0.008971857594046836
aifs,mag_0_layer_all,96.0,10m_v_component_of_wind,planetary,0.0313269958745454
aifs,mag_0_layer_all,120.0,10m_v_component_of_wind,planetary,0.05138950994636234
aifs,mag_0_layer_all,144.0,10m_v_component_of_wind,planetary,0.08110786247703623
aifs,mag_0_layer_all,168.0,10m_v_component_of_wind,planetary,0.05790697667698252
aifs,mag_0_layer_all,192.0,10m_v_component_of_wind,planetary,0.07657498349582
aifs,mag_0_layer_all,216.0,10m_v_component_of_wind,planetary,0.10736348451422108
aifs,mag_0_layer_all,240.0,10m_v_component_of_wind,planetary,0.1527283280703018
aifs,mag_0_layer_all,0.0,10m_v_component_of_wind,synoptic,2.7791461976821225e-07
aifs,mag_0_layer_all,24.0,10m_v_component_of_wind,synoptic,0.0445286805029366
aifs,mag_0_layer_all,48.0,10m_v_component_of_wind,synoptic,0.07869191231253087
aifs,mag_0_layer_all,72.0,10m_v_component_of_wind,synoptic,0.09546915883043586
aifs,mag_0_layer_all,96.0,10m_v_component_of_wind,synoptic,0.127414493129075
aifs,mag_0_layer_all,120.0,10m_v_component_of_wind,synoptic,0.13193614426553246
aifs,mag_0_layer_all,144.0,10m_v_component_of_wind,synoptic,0.15478677410040712
aifs,mag_0_layer_all,168.0,10m_v_component_of_wind,synoptic,0.14914857625937886
aifs,mag_0_layer_all,192.0,10m_v_component_of_wind,synoptic,0.1886505432663216
aifs,mag_0_layer_all,216.0,10m_v_component_of_wind,synoptic,0.17885632632944315
aifs,mag_0_layer_all,240.0,10m_v_component_of_wind,synoptic,0.14921132794527833
aifs,mag_0_layer_all,0.0,10m_v_component_of_wind,upper_mesoscale,1.431465083864366e-06
aifs,mag_0_layer_all,24.0,10m_v_component_of_wind,upper_mesoscale,0.17396617882651136
aifs,mag_0_layer_all,48.0,10m_v_component_of_wind,upper_mesoscale,0.23216366607589034
aifs,mag_0_layer_all,72.0,10m_v_component_of_wind,upper_mesoscale,0.2666873795672304
aifs,mag_0_layer_all,96.0,10m_v_component_of_wind,upper_mesoscale,0.27735032268349635
aifs,mag_0_layer_all,120.0,10m_v_component_of_wind,upper_mesoscale,0.2904031872200056
aifs,mag_0_layer_all,144.0,10m_v_component_of_wind,upper_mesoscale,0.30222401787103215
aifs,mag_0_layer_all,168.0,10m_v_component_of_wind,upper_mesoscale,0.31053732741468576
aifs,mag_0_layer_all,192.0,10m_v_component_of_wind,upper_mesoscale,0.3316940600239254
aifs,mag_0_layer_all,216.0,10m_v_component_of_wind,upper_mesoscale,0.31713635143358637
aifs,mag_0_layer_all,240.0,10m_v_component_of_wind,upper_mesoscale,0.307621013704252
aifs,mag_0_layer_all,0.0,10m_v_component_of_wind,lower_mesoscale,2.2948827494700692e-05
aifs,mag_0_layer_all,24.0,10m_v_component_of_wind,lower_mesoscale,0.18108823041874286
aifs,mag_0_layer_all,48.0,10m_v_component_of_wind,lower_mesoscale,0.21054371222551901
aifs,mag_0_layer_all,72.0,10m_v_component_of_wind,lower_mesoscale,0.2285548806051307
aifs,mag_0_layer_all,96.0,10m_v_component_of_wind,lower_mesoscale,0.252264132486247
aifs,mag_0_layer_all,120.0,10m_v_component_of_wind,lower_mesoscale,0.2631652700089205
aifs,mag_0_layer_all,144.0,10m_v_component_of_wind,lower_mesoscale,0.2560974919725582
aifs,mag_0_layer_all,168.0,10m_v_component_of_wind,lower_mesoscale,0.2565461206454729
aifs,mag_0_layer_all,192.0,10m_v_component_of_wind,lower_mesoscale,0.26613122798164396
aifs,mag_0_layer_all,216.0,10m_v_component_of_wind,lower_mesoscale,0.249600094101246
aifs,mag_0_layer_all,240.0,10m_v_component_of_wind,lower_mesoscale,0.24463716803539812
aifs,mag_0.003_layer_all,0.0,10m_v_component_of_wind,planetary,4.199729949452139e-08
aifs,mag_0.003_layer_all,24.0,10m_v_component_of_wind,planetary,0.010032515018238864
aifs,mag_0.003_layer_all,48.0,10m_v_component_of_wind,planetary,0.007692282479352366
aifs,mag_0.003_layer_all,72.0,10m_v_component_of_wind,planetary,0.009194744260470407
aifs,mag_0.003_layer_all,96.0,10m_v_component_of_wind,planetary,0.03239458594077436
aifs,mag_0.003_layer_all,120.0,10m_v_component_of_wind,planetary,0.0518800190389916
aifs,mag_0.003_layer_all,144.0,10m_v_component_of_wind,planetary,0.08124434276804231
aifs,mag_0.003_layer_all,168.0,10m_v_component_of_wind,planetary,0.053521666693191944
aifs,mag_0.003_layer_all,192.0,10m_v_component_of_wind,planetary,0.07347207731325071
aifs,mag_0.003_layer_all,216.0,10m_v_component_of_wind,planetary,0.09398053992319977
aifs,mag_0.003_layer_all,240.0,10m_v_component_of_wind,planetary,0.12381495272367375
aifs,mag_0.003_layer_all,0.0,10m_v_component_of_wind,synoptic,2.779146196761923e-07
aifs,mag_0.003_layer_all,24.0,10m_v_component_of_wind,synoptic,0.044222495698893145
aifs,mag_0.003_layer_all,48.0,10m_v_component_of_wind,synoptic,0.0773243296154661
aifs,mag_0.003_layer_all,72.0,10m_v_component_of_wind,synoptic,0.09305870587213375
aifs,mag_0.003_layer_all,96.0,10m_v_component_of_wind,synoptic,0.12439709626733961
aifs,mag_0.003_layer_all,120.0,10m_v_component_of_wind,synoptic,0.12932023758556252
aifs,mag_0.003_layer_all,144.0,10m_v_component_of_wind,synoptic,0.1484153213304352
aifs,mag_0.003_layer_all,168.0,10m_v_component_of_wind,synoptic,0.1463502163941117
aifs,mag_0.003_layer_all,192.0,10m_v_component_of_wind,synoptic,0.18227178400209298
aifs,mag_0.003_layer_all,216.0,10m_v_component_of_wind,synoptic,0.17777568766510807
aifs,mag_0.003_layer_all,240.0,10m_v_component_of_wind,synoptic,0.14756282687490033
aifs,mag_0.003_layer_all,0.0,10m_v_component_of_wind,upper_mesoscale,1.4314650838552473e-06
aifs,mag_0.003_layer_all,24.0,10m_v_component_of_wind,upper_mesoscale,0.17325522556289846
aifs,mag_0.003_layer_all,48.0,10m_v_component_of_wind,upper_mesoscale,0.22935407213328465
aifs,mag_0.003_layer_all,72.0,10m_v_component_of_wind,upper_mesoscale,0.2634268931296181
aifs,mag_0.003_layer_all,96.0,10m_v_component_of_wind,upper_mesoscale,0.27306976616446405
aifs,mag_0.003_layer_all,120.0,10m_v_component_of_wind,upper_mesoscale,0.2854639595761115
aifs,mag_0.003_layer_all,144.0,10m_v_component_of_wind,upper_mesoscale,0.2979729197974663
aifs,mag_0.003_layer_all,168.0,10m_v_component_of_wind,upper_mesoscale,0.3057876894348218
aifs,mag_0.003_layer_all,192.0,10m_v_component_of_wind,upper_mesoscale,0.3250985431254751
aifs,mag_0.003_layer_all,216.0,10m_v_component_of_wind,upper_mesoscale,0.31073416286590455
aifs,mag_0.003_layer_all,240.0,10m_v_component_of_wind,upper_mesoscale,0.3036715905891008
aifs,mag_0.003_layer_all,0.0,10m_v_component_of_wind,lower_mesoscale,2.294882749470187e-05
aifs,mag_0.003_layer_all,24.0,10m_v_component_of_wind,lower_mesoscale,0.18064436526775307
aifs,mag_0.003_layer_all,48.0,10m_v_component_of_wind,lower_mesoscale,0.2088716913191973
aifs,mag_0.003_layer_all,72.0,10m_v_component_of_wind,lower_mesoscale,0.22616398994929335
aifs,mag_0.003_layer_all,96.0,10m_v_component_of_wind,lower_mesoscale,0.2490946003143195
aifs,mag_0.003_layer_all,120.0,10m_v_component_of_wind,lower_mesoscale,0.25876060937044765
aifs,mag_0.003_layer_all,144.0,10m_v_component_of_wind,lower_mesoscale,0.2536010599111529
aifs,mag_0.003_layer_all,168.0,10m_v_component_of_wind,lower_mesoscale,0.2534906865716627
aifs,mag_0.003_layer_all,192.0,10m_v_component_of_wind,lower_mesoscale,0.263048831415138
aifs,mag_0.003_layer_all,216.0,10m_v_component_of_wind,lower_mesoscale,0.24688245579713158
aifs,mag_0.003_layer_all,240.0,10m_v_component_of_wind,lower_mesoscale,0.24227467437499983
aifs,mag_0.01_layer_all,0.0,10m_v_component_of_wind,planetary,4.199729949452139e-08
aifs,mag_0.01_layer_all,24.0,10m_v_component_of_wind,planetary,0.01169240882568014
aifs,mag_0.01_layer_all,48.0,10m_v_component_of_wind,planetary,0.009145281567956834
aifs,mag_0.01_layer_all,72.0,10m_v_component_of_wind,planetary,0.010284256394342781
aifs,mag_0.01_layer_all,96.0,10m_v_component_of_wind,planetary,0.03521464265226878
aifs,mag_0.01_layer_all,120.0,10m_v_component_of_wind,planetary,0.05325060704886944
aifs,mag_0.01_layer_all,144.0,10m_v_component_of_wind,planetary,0.07783137107257244
aifs,mag_0.01_layer_all,168.0,10m_v_component_of_wind,planetary,0.04902556875145471
aifs,mag_0.01_layer_all,192.0,10m_v_component_of_wind,planetary,0.06956033274722871
aifs,mag_0.01_layer_all,216.0,10m_v_component_of_wind,planetary,0.09143936112940057
aifs,mag_0.01_layer_all,240.0,10m_v_component_of_wind,planetary,0.08795639411353308
aifs,mag_0.01_layer_all,0.0,10m_v_component_of_wind,synoptic,2.779146196761923e-07
aifs,mag_0.01_layer_all,24.0,10m_v_component_of_wind,synoptic,0.04661102586661033
aifs,mag_0.01_layer_all,48.0,10m_v_component_of_wind,synoptic,0.07697133603636687
aifs,mag_0.01_layer_all,72.0,10m_v_component_of_wind,synoptic,0.09082104530648258
aifs,mag_0.01_layer_all,96.0,10m_v_component_of_wind,synoptic,0.11867170437175932
aifs,mag_0.01_layer_all,120.0,10m_v_component_of_wind,synoptic,0.12564299089948064
aifs,mag_0.01_layer_all,144.0,10m_v_component_of_wind,synoptic,0.12945073925032738
aifs,mag_0.01_layer_all,168.0,10m_v_component_of_wind,synoptic,0.14394771531075587
aifs,mag_0.01_layer_all,192.0,10m_v_component_of_wind,synoptic,0.17120232805718757
aifs,mag_0.01_layer_all,216.0,10m_v_component_of_wind,synoptic,0.1722953324117676
aifs,mag_0.01_layer_all,240.0,10m_v_component_of_wind,synoptic,0.14473172002822324
aifs,mag_0.01_layer_all,0.0,10m_v_component_of_wind,upper_mesoscale,1.4314650838552473e-06
aifs,mag_0.01_layer_all,24.0,10m_v_component_of_wind,upper_mesoscale,0.17668794181051609
aifs,mag_0.01_layer_all,48.0,10m_v_component_of_wind,upper_mesoscale,0.2253463048319083
aifs,mag_0.01_layer_all,72.0,10m_v_component_of_wind,upper_mesoscale,0.2573670757532336
aifs,mag_0.01_layer_all,96.0,10m_v_component_of_wind,upper_mesoscale,0.263425170908082
aifs,mag_0.01_layer_all,120.0,10m_v_component_of_wind,upper_mesoscale,0.27228522354988516
aifs,mag_0.01_layer_all,144.0,10m_v_component_of_wind,upper_mesoscale,0.2828495284597108
aifs,mag_0.01_layer_all,168.0,10m_v_component_of_wind,upper_mesoscale,0.2857304369044022
aifs,mag_0.01_layer_all,192.0,10m_v_component_of_wind,upper_mesoscale,0.31423285398407247
aifs,mag_0.01_layer_all,216.0,10m_v_component_of_wind,upper_mesoscale,0.3018663889840337
aifs,mag_0.01_layer_all,240.0,10m_v_component_of_wind,upper_mesoscale,0.29584517289754436
aifs,mag_0.01_layer_all,0.0,10m_v_component_of_wind,lower_mesoscale,2.294882749470187e-05
aifs,mag_0.01_layer_all,24.0,10m_v_component_of_wind,lower_mesoscale,0.18302390903970725
aifs,mag_0.01_layer_all,48.0,10m_v_component_of_wind,lower_mesoscale,0.20611806507083028
aifs,mag_0.01_layer_all,72.0,10m_v_component_of_wind,lower_mesoscale,0.22125666147045134
aifs,mag_0.01_layer_all,96.0,10m_v_component_of_wind,lower_mesoscale,0.24117074421035528
aifs,mag_0.01_layer_all,120.0,10m_v_component_of_wind,lower_mesoscale,0.2478008355464375
aifs,mag_0.01_layer_all,144.0,10m_v_component_of_wind,lower_mesoscale,0.24417113011536348
aifs,mag_0.01_layer_all,168.0,10m_v_component_of_wind,lower_mesoscale,0.2436192465765458
aifs,mag_0.01_layer_all,192.0,10m_v_component_of_wind,lower_mesoscale,0.257601421153368
aifs,mag_0.01_layer_all,216.0,10m_v_component_of_wind,lower_mesoscale,0.24298276337413965
aifs,mag_0.01_layer_all,240.0,10m_v_component_of_wind,lower_mesoscale,0.23406069810339428
aifs,mag_0.03_layer_all,0.0,10m_v_component_of_wind,planetary,4.199729949452139e-08
aifs,mag_0.03_layer_all,24.0,10m_v_component_of_wind,planetary,0.01259968380333059
aifs,mag_0.03_layer_all,48.0,10m_v_component_of_wind,planetary,0.00975193426037666
aifs,mag_0.03_layer_all,72.0,10m_v_component_of_wind,planetary,0.01735481464133285
aifs,mag_0.03_layer_all,96.0,10m_v_component_of_wind,planetary,0.03557001441755663
aifs,mag_0.03_layer_all,120.0,10m_v_component_of_wind,planetary,0.048835772149324136
aifs,mag_0.03_layer_all,144.0,10m_v_component_of_wind,planetary,0.05848736470414948
aifs,mag_0.03_layer_all,168.0,10m_v_component_of_wind,planetary,0.07998014229699763
aifs,mag_0.03_layer_all,192.0,10m_v_component_of_wind,planetary,0.08850190081968916
aifs,mag_0.03_layer_all,216.0,10m_v_component_of_wind,planetary,0.1152644397831019
aifs,mag_0.03_layer_all,240.0,10m_v_component_of_wind,planetary,0.08721057328163247
aifs,mag_0.03_layer_all,0.0,10m_v_component_of_wind,synoptic,2.779146196761923e-07
aifs,mag_0.03_layer_all,24.0,10m_v_component_of_wind,synoptic,0.062351094252211095
aifs,mag_0.03_layer_all,48.0,10m_v_component_of_wind,synoptic,0.08519341297957791
aifs,mag_0.03_layer_all,72.0,10m_v_component_of_wind,synoptic,0.09313409210575828
aifs,mag_0.03_layer_all,96.0,10m_v_component_of_wind,synoptic,0.10878088634205521
aifs,mag_0.03_layer_all,120.0,10m_v_component_of_wind,synoptic,0.1167865177395046
aifs,mag_0.03_layer_all,144.0,10m_v_component_of_wind,synoptic,0.09542764699659251
aifs,mag_0.03_layer_all,168.0,10m_v_component_of_wind,synoptic,0.12736301573106265
aifs,mag_0.03_layer_all,192.0,10m_v_component_of_wind,synoptic,0.1435828252487904
aifs,mag_0.03_layer_all,216.0,10m_v_component_of_wind,synoptic,0.15102912023593182
aifs,mag_0.03_layer_all,240.0,10m_v_component_of_wind,synoptic,0.13801455724852968
aifs,mag_0.03_layer_all,0.0,10m_v_component_of_wind,upper_mesoscale,1.4314650838552473e-06
aifs,mag_0.03_layer_all,24.0,10m_v_component_of_wind,upper_mesoscale,0.19494536676020643
aifs,mag_0.03_layer_all,48.0,10m_v_component_of_wind,upper_mesoscale,0.2160750312440341
aifs,mag_0.03_layer_all,72.0,10m_v_component_of_wind,upper_mesoscale,0.2322811225435798
aifs,mag_0.03_layer_all,96.0,10m_v_component_of_wind,upper_mesoscale,0.2226688869252282
aifs,mag_0.03_layer_all,120.0,10m_v_component_of_wind,upper_mesoscale,0.22439786892239205
aifs,mag_0.03_layer_all,144.0,10m_v_component_of_wind,upper_mesoscale,0.21383242880892261
aifs,mag_0.03_layer_all,168.0,10m_v_component_of_wind,upper_mesoscale,0.22142294884165145
aifs,mag_0.03_layer_all,192.0,10m_v_component_of_wind,upper_mesoscale,0.2513896871660575
aifs,mag_0.03_layer_all,216.0,10m_v_component_of_wind,upper_mesoscale,0.24405092890080926
aifs,mag_0.03_layer_all,240.0,10m_v_component_of_wind,upper_mesoscale,0.2544150905507274
aifs,mag_0.03_layer_all,0.0,10m_v_component_of_wind,lower_mesoscale,2.294882749470187e-05
aifs,mag_0.03_layer_all,24.0,10m_v_component_of_wind,lower_mesoscale,0.18978184797730596
aifs,mag_0.03_layer_all,48.0,10m_v_component_of_wind,lower_mesoscale,0.19435602159697882
aifs,mag_0.03_layer_all,72.0,10m_v_component_of_wind,lower_mesoscale,0.1981705266677455
aifs,mag_0.03_layer_all,96.0,10m_v_component_of_wind,lower_mesoscale,0.2066905076691323
aifs,mag_0.03_layer_all,120.0,10m_v_component_of_wind,lower_mesoscale,0.20545153923870046
aifs,mag_0.03_layer_all,144.0,10m_v_component_of_wind,lower_mesoscale,0.19451151752142845
aifs,mag_0.03_layer_all,168.0,10m_v_component_of_wind,lower_mesoscale,0.19691837890204367
aifs,mag_0.03_layer_all,192.0,10m_v_component_of_wind,lower_mesoscale,0.21931826633019944
aifs,mag_0.03_layer_all,216.0,10m_v_component_of_wind,lower_mesoscale,0.20798952949007715
aifs,mag_0.03_layer_all,240.0,10m_v_component_of_wind,lower_mesoscale,0.20561056843514608
